factor,family,mean_rho,n_dates
alpha_alpha001,alpha,0.9985871538688472,24
alpha_alpha002,alpha,0.999866854445056,24
alpha_alpha003,alpha,0.7410779451591326,24
alpha_alpha004,alpha,0.7027819785118622,24
alpha_alpha005,alpha,0.9870323913349622,24
alpha_alpha006,alpha,0.9979797500632471,24
alpha_alpha007,alpha,0.9974680453382644,24
alpha_alpha008,alpha,0.990874241242203,24
alpha_alpha009,alpha,0.9907948440785725,24
alpha_alpha010,alpha,0.9910236160816593,24
alpha_alpha011,alpha,0.9968323481112193,24
alpha_alpha012,alpha,0.9919872853150875,24
alpha_alpha013,alpha,0.7255838137511105,24
alpha_alpha014,alpha,0.9987910944367369,24
alpha_alpha015,alpha,0.47912331496393,24
alpha_alpha016,alpha,0.7096284327301642,24
alpha_alpha017,alpha,0.9944957104455133,24
alpha_alpha018,alpha,0.9877964432754577,24
alpha_alpha019,alpha,0.9913975820770674,23
alpha_alpha020,alpha,0.9901677023492979,24
alpha_alpha021,alpha,0.9992133971300419,24
alpha_alpha022,alpha,0.9959534203502746,24
alpha_alpha023,alpha,0.993640620589666,24
alpha_alpha024,alpha,0.962615874296041,24
alpha_alpha025,alpha,0.991847222796002,24
alpha_alpha026,alpha,0.9997103886918784,24
alpha_alpha027,alpha,0.6162547269941249,24
alpha_alpha028,alpha,0.9884032893334201,23
alpha_alpha029,alpha,0.9947368612673596,24
alpha_alpha030,alpha,0.99944616426012,24
alpha_alpha031,alpha,0.9966242908094277,24
alpha_alpha032,alpha,0.9735617818346316,23
alpha_alpha033,alpha,0.9999850422957696,24
alpha_alpha034,alpha,0.9935631351159738,24
alpha_alpha035,alpha,0.9949301988876099,24
alpha_alpha036,alpha,0.9984373336013889,23
alpha_alpha037,alpha,0.9877376127954377,23
alpha_alpha038,alpha,0.9983445974553921,24
alpha_alpha039,alpha,0.9929089891835431,23
alpha_alpha040,alpha,0.9894220498341766,24
alpha_alpha041,alpha,0.9935563949292563,24
alpha_alpha042,alpha,0.9791519439214772,24
alpha_alpha043,alpha,0.9958572174097106,24
alpha_alpha044,alpha,0.9967359560800727,24
alpha_alpha045,alpha,0.993197163499298,24
alpha_alpha046,alpha,0.9689224411731298,24
alpha_alpha047,alpha,0.9896992608425458,24
alpha_alpha048,alpha,0.8114205183141473,23
alpha_alpha049,alpha,0.9701778637580798,24
alpha_alpha050,alpha,0.56883524400883,24
alpha_alpha051,alpha,0.975281499816718,24
alpha_alpha052,alpha,0.9939344052027301,23
alpha_alpha053,alpha,0.9993376133557416,24
alpha_alpha054,alpha,0.9999936683704593,24
alpha_alpha055,alpha,0.9986435722909576,24
alpha_alpha056,alpha,0.9982086705458225,24
alpha_alpha057,alpha,0.9900532064461869,24
alpha_alpha058,alpha,0.7216856612360442,24
alpha_alpha059,alpha,0.7358268543381964,24
alpha_alpha060,alpha,0.9994070165887144,24
alpha_alpha061,alpha,0.945976049754977,24
alpha_alpha062,alpha,0.8260059193048583,24
alpha_alpha063,alpha,0.8481764142225847,24
alpha_alpha064,alpha,0.9580115887912114,24
alpha_alpha065,alpha,0.9610703568234881,24
alpha_alpha066,alpha,0.9313095542462131,24
alpha_alpha067,alpha,0.835614573502203,24
alpha_alpha068,alpha,0.7111814152431282,24
alpha_alpha069,alpha,0.8676125736090544,24
alpha_alpha070,alpha,0.8270869113174646,24
alpha_alpha071,alpha,0.9552383505017087,24
alpha_alpha072,alpha,0.9965148725562143,24
alpha_alpha073,alpha,0.988361563148875,24
alpha_alpha074,alpha,0.7490922302163253,24
alpha_alpha075,alpha,0.7569484397180061,24
alpha_alpha076,alpha,0.782507550028711,24
alpha_alpha077,alpha,0.9846266861734624,24
alpha_alpha078,alpha,0.8751633952056821,24
alpha_alpha079,alpha,0.7591567265172809,24
alpha_alpha080,alpha,0.868734544200264,24
alpha_alpha081,alpha,0.7166526329474473,24
alpha_alpha082,alpha,0.8088177142646938,24
alpha_alpha083,alpha,0.9924501281130101,24
alpha_alpha084,alpha,0.9969971574323454,24
alpha_alpha085,alpha,0.994964995495828,24
alpha_alpha086,alpha,0.9681021857049092,24
alpha_alpha087,alpha,0.8104499789257851,24
alpha_alpha088,alpha,0.8493485145222136,24
alpha_alpha089,alpha,0.8904650664940646,24
alpha_alpha090,alpha,0.7246885968949868,24
alpha_alpha091,alpha,0.7767923135280057,24
alpha_alpha092,alpha,0.7464577845939889,24
alpha_alpha093,alpha,0.7204304603712561,24
alpha_alpha094,alpha,0.9740383407315806,24
alpha_alpha095,alpha,0.9675590599976426,24
alpha_alpha096,alpha,0.5634343354463808,24
alpha_alpha097,alpha,0.8376581476454499,24
alpha_alpha098,alpha,0.8520940834749634,24
alpha_alpha099,alpha,0.9927423669376282,24
alpha_alpha100,alpha,0.850969464624169,8
alpha_alpha101,alpha,0.9999511743909694,24
alpha_alpha_custom_argmax_recent,alpha,0.9969366696611198,24
alpha_alpha_custom_argmin_recent,alpha,0.9948595776651977,24
alpha_alpha_custom_decaylinear_mom,alpha,0.996829095099351,24
alpha_alpha_custom_kurt_filter,alpha,0.9948039170280842,24
alpha_alpha_custom_skew_reversal,alpha,0.9930735093049847,24
alpha_alpha_custom_zscore_5d,alpha,0.996974612953002,24
gtja_gtja_001,gtja,0.9998876499181911,24
gtja_gtja_002,gtja,0.9999936425525296,24
gtja_gtja_003,gtja,0.9920187184836676,24
gtja_gtja_004,gtja,0.9992448585858061,24
gtja_gtja_005,gtja,0.999722860524512,24
gtja_gtja_006,gtja,0.9991067216081086,24
gtja_gtja_007,gtja,0.9968323481112193,24
gtja_gtja_008,gtja,0.9925589756886154,24
gtja_gtja_009,gtja,0.9925616384251107,24
gtja_gtja_010,gtja,0.9845769087217975,24
gtja_gtja_011,gtja,0.9980407599963955,24
gtja_gtja_012,gtja,0.9864470291349378,24
gtja_gtja_013,gtja,0.9935563949292563,24
gtja_gtja_014,gtja,0.9917045925923326,24
gtja_gtja_015,gtja,0.9972575479383526,24
gtja_gtja_016,gtja,0.56883524400883,24
gtja_gtja_017,gtja,0.9901120796483392,24
gtja_gtja_018,gtja,0.9971883694874316,24
gtja_gtja_019,gtja,0.997774604635,24
gtja_gtja_020,gtja,0.997774604635,24
gtja_gtja_021,gtja,0.992372909711637,24
gtja_gtja_022,gtja,0.9954570364922705,24
gtja_gtja_023,gtja,0.9976880946371885,24
gtja_gtja_024,gtja,0.9903966879932179,24
gtja_gtja_025,gtja,0.9958951344369181,24
gtja_gtja_026,gtja,0.9897592662146798,23
gtja_gtja_027,gtja,0.9927831562262298,24
gtja_gtja_028,gtja,0.9982147531952016,24
gtja_gtja_029,gtja,0.997646924499504,24
gtja_gtja_030,gtja,,0
gtja_gtja_031,gtja,0.996344737459054,24
gtja_gtja_032,gtja,0.49073941379646496,24
gtja_gtja_033,gtja,0.9952549628498117,23
gtja_gtja_034,gtja,0.996344737459054,24
gtja_gtja_035,gtja,0.9902911672581016,24
gtja_gtja_036,gtja,0.6825655882272107,24
gtja_gtja_037,gtja,0.9906976220604623,24
gtja_gtja_038,gtja,0.993640620589666,24
gtja_gtja_039,gtja,0.992738389437279,23
gtja_gtja_040,gtja,0.9971795973498235,24
gtja_gtja_041,gtja,0.9882920946711714,24
gtja_gtja_042,gtja,0.9894220498341766,24
gtja_gtja_043,gtja,0.9923089847700544,24
gtja_gtja_044,gtja,0.9979676873995406,24
gtja_gtja_045,gtja,0.9962456386652601,23
gtja_gtja_046,gtja,0.9947127409784923,24
gtja_gtja_047,gtja,0.99844157160395,24
gtja_gtja_048,gtja,0.9994759504304492,24
gtja_gtja_049,gtja,0.995371485359827,24
gtja_gtja_050,gtja,0.9959236793908568,24
gtja_gtja_051,gtja,0.9959229437308309,24
gtja_gtja_052,gtja,0.9951589497312257,24
gtja_gtja_053,gtja,0.9983652855405625,24
gtja_gtja_054,gtja,0.9831603260276073,24
gtja_gtja_055,gtja,0.9905063585584752,24
gtja_gtja_056,gtja,0.9617876428097111,24
gtja_gtja_057,gtja,0.9981695114411361,24
gtja_gtja_058,gtja,0.9988894030301244,24
gtja_gtja_059,gtja,0.9859164697002325,24
gtja_gtja_060,gtja,0.9918218842570449,24
gtja_gtja_061,gtja,0.9910152060043792,24
gtja_gtja_062,gtja,0.9928415502345697,24
gtja_gtja_063,gtja,0.9957219226395185,24
gtja_gtja_064,gtja,0.5518789057728588,24
gtja_gtja_065,gtja,0.9971046744922694,24
gtja_gtja_066,gtja,0.9971047311213223,24
gtja_gtja_067,gtja,0.9870709168588419,24
gtja_gtja_068,gtja,0.9910270015807807,24
gtja_gtja_069,gtja,0.9985799002194158,24
gtja_gtja_070,gtja,0.9997858498202182,24
gtja_gtja_071,gtja,0.9926328303002102,24
gtja_gtja_072,gtja,0.9977592103491846,24
gtja_gtja_073,gtja,0.998897570589897,24
gtja_gtja_074,gtja,0.8337658355699938,24
gtja_gtja_075,gtja,0.9970187021499077,24
gtja_gtja_076,gtja,0.9987917467544466,24
gtja_gtja_077,gtja,0.9857285607412513,24
gtja_gtja_078,gtja,0.9963050793817199,24
gtja_gtja_079,gtja,0.9919657133433523,24
gtja_gtja_080,gtja,0.9998069626256877,24
gtja_gtja_081,gtja,0.9982390242996999,24
gtja_gtja_082,gtja,0.9977462894086558,24
gtja_gtja_083,gtja,0.7096284327301642,24
gtja_gtja_084,gtja,0.9721274355011955,24
gtja_gtja_085,gtja,0.9970409025821526,24
gtja_gtja_086,gtja,0.9689224411731298,24
gtja_gtja_087,gtja,0.9943113146012533,24
gtja_gtja_088,gtja,0.9933479878836923,24
gtja_gtja_089,gtja,0.9890903622561629,24
gtja_gtja_090,gtja,0.6653080206675719,24
gtja_gtja_091,gtja,0.9935188943483957,24
gtja_gtja_092,gtja,0.9703776724768677,24
gtja_gtja_093,gtja,0.9833796984335094,24
gtja_gtja_094,gtja,0.964032465979121,24
gtja_gtja_095,gtja,0.9991602970379372,24
gtja_gtja_096,gtja,0.9975717131937323,24
gtja_gtja_097,gtja,0.9999515439662109,24
gtja_gtja_098,gtja,0.962615874296041,24
gtja_gtja_099,gtja,0.7255838137511105,24
gtja_gtja_100,gtja,0.9999234474916618,24
gtja_gtja_101,gtja,0.7375626138319107,24
gtja_gtja_102,gtja,0.9999935624398827,24
gtja_gtja_103,gtja,0.9972156499128454,24
gtja_gtja_104,gtja,0.9959534203502746,24
gtja_gtja_105,gtja,0.7410779451591326,24
gtja_gtja_106,gtja,0.987128730838411,24
gtja_gtja_107,gtja,0.9901677023492979,24
gtja_gtja_108,gtja,0.9939080298095982,24
gtja_gtja_109,gtja,0.9997420426753069,24
gtja_gtja_110,gtja,0.9932385240097807,24
gtja_gtja_111,gtja,0.9999874793396061,24
gtja_gtja_112,gtja,0.9966100572065094,24
gtja_gtja_113,gtja,0.9900595731734209,24
gtja_gtja_114,gtja,0.9924501281130101,24
gtja_gtja_115,gtja,0.9938051474513303,24
gtja_gtja_116,gtja,0.989055216972937,24
gtja_gtja_117,gtja,0.9946049050994116,24
gtja_gtja_118,gtja,0.9999257531725174,24
gtja_gtja_119,gtja,0.8635577955256161,24
gtja_gtja_120,gtja,0.9791519439214772,24
gtja_gtja_121,gtja,0.978167629249035,24
gtja_gtja_122,gtja,0.9884513318413602,24
gtja_gtja_123,gtja,0.9912766361203512,24
gtja_gtja_124,gtja,0.9890847916485864,24
gtja_gtja_125,gtja,0.9926690604779079,24
gtja_gtja_126,gtja,0.9798308592010944,24
gtja_gtja_127,gtja,0.9978615514027541,24
gtja_gtja_128,gtja,0.9945806125993876,24
gtja_gtja_129,gtja,0.9841600356049599,24
gtja_gtja_130,gtja,0.8231682084052675,24
gtja_gtja_131,gtja,0.9923487309526848,24
gtja_gtja_132,gtja,0.98718846982324,24
gtja_gtja_133,gtja,0.9970819049777114,24
gtja_gtja_134,gtja,0.9948172770844051,24
gtja_gtja_135,gtja,0.9910683489493411,24
gtja_gtja_136,gtja,0.9987910944367369,24
gtja_gtja_137,gtja,0.9905206032517327,24
gtja_gtja_138,gtja,0.8914780980969755,24
gtja_gtja_139,gtja,0.9979797500632471,24
gtja_gtja_140,gtja,0.7361719723010266,24
gtja_gtja_141,gtja,0.7655561396202764,24
gtja_gtja_142,gtja,0.9944626093316083,24
gtja_gtja_143,gtja,0.5926152219408348,24
gtja_gtja_144,gtja,0.9986674458077033,24
gtja_gtja_145,gtja,0.9999013977089476,24
gtja_gtja_146,gtja,0.9916917205520619,24
gtja_gtja_147,gtja,0.9874996195935196,24
gtja_gtja_148,gtja,0.9621149334718065,24
gtja_gtja_149,gtja,0.9957287043324123,23
gtja_gtja_150,gtja,0.9789342950160398,24
gtja_gtja_151,gtja,0.9836502844721121,24
gtja_gtja_152,gtja,0.9902369756903756,24
gtja_gtja_153,gtja,0.9797705071863582,24
gtja_gtja_154,gtja,0.975797620934185,23
gtja_gtja_155,gtja,0.9999991238372897,24
gtja_gtja_156,gtja,0.9905672511493498,24
gtja_gtja_157,gtja,0.9936213892856179,24
gtja_gtja_158,gtja,0.9999954866966608,24
gtja_gtja_159,gtja,0.999133302526468,24
gtja_gtja_160,gtja,0.9832883310525089,24
gtja_gtja_161,gtja,0.9826374714570739,24
gtja_gtja_162,gtja,0.9961986167092153,24
gtja_gtja_163,gtja,0.9918495819128937,24
gtja_gtja_164,gtja,0.9939463864008049,24
gtja_gtja_165,gtja,0.9798754564925618,24
gtja_gtja_166,gtja,0.9964198234395898,24
gtja_gtja_167,gtja,0.9822128201030788,24
gtja_gtja_168,gtja,0.9999788908408446,24
gtja_gtja_169,gtja,0.9815684059119407,24
gtja_gtja_170,gtja,0.989694674923669,24
gtja_gtja_171,gtja,0.9986991312541998,24
gtja_gtja_172,gtja,0.993726148856838,24
gtja_gtja_173,gtja,0.9797668813901256,24
gtja_gtja_174,gtja,0.983824603534695,24
gtja_gtja_175,gtja,0.9822830265640001,24
gtja_gtja_176,gtja,0.9986435722909576,24
gtja_gtja_177,gtja,0.9976029298539012,24
gtja_gtja_178,gtja,0.9980083214475265,24
gtja_gtja_179,gtja,0.876307494226532,24
gtja_gtja_180,gtja,0.9983704538069725,24
gtja_gtja_181,gtja,0.9952851154402024,24
gtja_gtja_182,gtja,0.9935283774763318,24
gtja_gtja_183,gtja,0.982661568798112,24
gtja_gtja_184,gtja,0.9877376127954377,23
gtja_gtja_185,gtja,0.9999817368433072,24
gtja_gtja_186,gtja,0.9937922600125839,24
gtja_gtja_187,gtja,0.9833894637467834,24
gtja_gtja_188,gtja,0.9998972873712123,24
gtja_gtja_189,gtja,0.9835495723328096,24
gtja_gtja_190,gtja,0.9932659259836294,24
gtja_gtja_191,gtja,0.9887236248340515,24
talib_AD,talib,0.9569544584577975,24
talib_ADOSC,talib,0.9999874704307324,24
talib_ADX,talib,0.9901274048104242,24
talib_ADXR,talib,0.9893944419231685,24
talib_APO,talib,0.9860486087448211,24
talib_AROONOSC,talib,0.9958025237031846,24
talib_AROON_0,talib,0.9929008740876756,24
talib_AROON_1,talib,0.9977073657651134,24
talib_ATR,talib,0.9827324982987135,24
talib_AVGDEV,talib,0.9833788887812761,24
talib_AVGPRICE,talib,0.9798046528973159,24
talib_BBANDS_0,talib,0.9800060809521005,24
talib_BBANDS_1,talib,,0
talib_BBANDS_2,talib,0.9793367164268462,24
talib_BETA,talib,0.9937458729859587,24
talib_BOP,talib,0.9999095146836395,24
talib_CCI,talib,0.9960100501893064,24
talib_CMO,talib,0.9959227374949341,24
talib_CORREL,talib,0.9969139853567762,24
talib_COVAR,talib,0.9828709542857076,24
talib_DEMA,talib,0.979665926124578,24
talib_DX,talib,0.9895558239804468,24
talib_EMA,talib,0.9797989252891508,24
talib_HT_TRENDLINE,talib,0.9797330353327679,24
talib_KAMA,talib,0.9797326092991029,24
talib_LINEARREG,talib,0.9796405721560678,24
talib_LINEARREG_ANGLE,talib,0.9903851393168287,24
talib_LINEARREG_INTERCEPT,talib,0.9799004670831932,24
talib_LINEARREG_R2,talib,0.9978788946433369,24
talib_LINEARREG_SLOPE,talib,0.9903851393168287,24
talib_MA,talib,,0
talib_MACD_0,talib,0.986202499235382,24
talib_MACD_1,talib,0.9840198723492972,24
talib_MACD_2,talib,0.9890826974272708,24
talib_MAMA_0,talib,0.9798200735098009,24
talib_MAMA_1,talib,0.9796807849374506,24
talib_MAX2,talib,,0
talib_MAXINDEX,talib,0.8475064395860624,24
talib_MEDPRICE,talib,0.9798202649305351,24
talib_MFI,talib,0.9964584724415789,24
talib_MIDPOINT,talib,0.9799019659795402,24
talib_MIDPRICE,talib,0.9799022710864577,24
talib_MIN2,talib,,0
talib_MININDEX,talib,0.8342484448412563,24
talib_MINMAXINDEX_0,talib,,0
talib_MINMAXINDEX_1,talib,,0
talib_MINMAX_0,talib,0.9795983128129366,24
talib_MINMAX_1,talib,0.9797972672187779,24
talib_MINUS_DI,talib,0.9895307487334044,24
talib_MOM,talib,0.9901987293130942,24
talib_NATR,talib,0.997144737824799,24
talib_OBV,talib,0.963313706711962,24
talib_PLUS_DI,talib,0.9939458120485679,24
talib_PPO,talib,0.9897478441792856,24
talib_ROC,talib,0.9963794920429039,24
talib_ROCP,talib,0.9963794920429039,24
talib_ROCR,talib,0.9963799440196635,24
talib_ROCR100,talib,0.9963799440196635,24
talib_RSI,talib,0.9908076833278252,24
talib_SAR,talib,0.9799494365105227,24
talib_SMA,talib,0.9798125585648926,24
talib_STDDEV,talib,0.982858593579001,24
talib_STOCH_0,talib,0.998836490135346,24
talib_STOCH_1,talib,0.9993383721797929,24
talib_SUM,talib,0.9798125585648926,24
talib_T3,talib,0.9797874005604967,24
talib_TEMA,talib,0.9797992778999155,24
talib_TRANGE,talib,0.9827816408755368,24
talib_TRIMA,talib,0.9797587397610316,24
talib_TRIX,talib,0.9912167319810822,24
talib_TSF,talib,0.9795816385006941,24
talib_TYPPRICE,talib,0.9798308592010944,24
talib_ULTOSC,talib,0.9978855782671454,24
talib_VAR,talib,0.982858593579001,24
talib_WCLPRICE,talib,0.9798591201921276,24
talib_WILLR,talib,0.9959624006882124,24
talib_WMA,talib,0.979746977046057,24
l_ami,academic,0.9996947328079937,24
l_dtva,academic,0.9999965808146405,23
l_dtvm,academic,0.9999988914632784,24
l_size,academic,0.9992977346233788,24
l_size3,academic,0.9992977346233788,24
l_turna,academic,0.9988676788285652,23
l_turnm,academic,0.9989745310208594,24
l_vdtv,academic,0.9999986901616863,24
p_52w,academic,0.9763244424928549,23
p_m1,academic,0.9915653820350613,24
p_m11,academic,0.946854894141317,24
p_m24,academic,0.922793215850635,24
p_m3,academic,0.9864603618811341,24
p_m6,academic,0.9861880757798769,24
p_mchg,academic,0.973770694339888,23
p_mdr,academic,0.997886820630539,24
p_pr,academic,0.9980575067969588,24
p_season,academic,1.0,24
r_beta,academic,0.9843757340685902,24
r_tv,academic,0.9922188216783647,24
v_bm,academic,0.9911371980402247,15
v_ep,academic,0.8066022964278932,24
alpha191_040,github,0.996304323226083,24
alpha191_095,github,0.9991602970379372,24
coskew60,github,0.980772493263093,24
efficiency_ratio,github,0.993597845887454,24
fractal_dimension,github,0.997304067383975,24
hl_52w_disposition,github,0.979458325653897,23
idiovola_clmx,github,0.9868798828973023,24
kurt21_returns,github,0.9940830469746614,24
maxret_bcw,github,0.9981291386693109,24
mom12m_jt,github,0.9802443751333734,23
overnight_intraday_spread,github,0.9977189752752875,24
pvcorr_21,github,0.998222941037563,24
resmom_6m,github,0.9855692917209847,24
skew21_lottery,github,0.9958202146902028,24
winner_ratio,github,0.9944724540803715,24
