average_filled_price,commission,created_at,created_at_iso,filled_quantity,graph_id,id,order_role,order_type,owner_strategy_id,parent_order_id,position_effect,price,quantity,reduce_only,reject_reason,side,status,symbol,tag,time_in_force,trail_offset,trail_reference_price,trigger_price,updated_at,updated_at_iso
35.7357,22370.5482,1262707200000000000,2010-01-05T16:00:00Z,250400.0,,c4339f2a-9709-4edc-bf0f-31ca452e38a7,OrderRole.Standalone,OrderType.Market,_default,,PositionEffect.Open,,250400.0,False,,OrderSide.Buy,OrderStatus.Filled,000596.SZ,,TimeInForce.GTC,,,,1262793600000000000,2010-01-06T16:00:00Z
14.86485,22371.59925,1262707200000000000,2010-01-05T16:00:00Z,602000.0,,5a34dece-5649-48e3-aeed-6890f88bc8ea,OrderRole.Standalone,OrderType.Market,_default,,PositionEffect.Open,,602000.0,False,,OrderSide.Buy,OrderStatus.Filled,000988.SZ,,TimeInForce.GTC,,,,1262793600000000000,2010-01-06T16:00:00Z
11.99198,22428.000595,1262707200000000000,2010-01-05T16:00:00Z,748100.0,,84cb0121-6662-462f-9012-f7d8bd901aef,OrderRole.Standalone,OrderType.Market,_default,,PositionEffect.Open,,748100.0,False,,OrderSide.Buy,OrderStatus.Filled,002049.SZ,,TimeInForce.GTC,,,,1262793600000000000,2010-01-06T16:00:00Z
23.56354,22355.908575,1262707200000000000,2010-01-05T16:00:00Z,379500.0,,cfb02812-68da-4c63-aef0-9e26d837709a,OrderRole.Standalone,OrderType.Market,_default,,PositionEffect.Open,,379500.0,False,,OrderSide.Buy,OrderStatus.Filled,002180.SZ,,TimeInForce.GTC,,,,1262793600000000000,2010-01-06T16:00:00Z
74.4744,22454.0316,1262707200000000000,2010-01-05T16:00:00Z,120600.0,,01d110b0-7aa7-4bf4-b038-eef6a0286fc2,OrderRole.Standalone,OrderType.Market,_default,,PositionEffect.Open,,120600.0,False,,OrderSide.Buy,OrderStatus.Filled,002236.SZ,,TimeInForce.GTC,,,,1262793600000000000,2010-01-06T16:00:00Z
30.56053,22515.4704775,1262707200000000000,2010-01-05T16:00:00Z,294700.0,,644ccf50-3a15-4b25-b2bc-e87d2947d1ed,OrderRole.Standalone,OrderType.Market,_default,,PositionEffect.Open,,294700.0,False,,OrderSide.Buy,OrderStatus.Filled,002241.SZ,,TimeInForce.GTC,,,,1262793600000000000,2010-01-06T16:00:00Z
53.9539,22606.6841,1262707200000000000,2010-01-05T16:00:00Z,167600.0,,2c35cd24-9f6d-4e93-b0c8-5e598990ff2e,OrderRole.Standalone,OrderType.Market,_default,,PositionEffect.Open,,167600.0,False,,OrderSide.Buy,OrderStatus.Filled,002271.SZ,,TimeInForce.GTC,,,,1262793600000000000,2010-01-06T16:00:00Z
14.55454,22519.512015,1262707200000000000,2010-01-05T16:00:00Z,618900.0,,c1a06154-7d67-4b83-8cb4-e9470c929726,OrderRole.Standalone,OrderType.Market,_default,,PositionEffect.Open,,618900.0,False,,OrderSide.Buy,OrderStatus.Filled,600460.SH,,TimeInForce.GTC,,,,1262793600000000000,2010-01-06T16:00:00Z
22.50248,22502.48,1262707200000000000,2010-01-05T16:00:00Z,400000.0,,50ffc959-2117-4dae-9a53-65a062c8c652,OrderRole.Standalone,OrderType.Market,_default,,PositionEffect.Open,,400000.0,False,,OrderSide.Buy,OrderStatus.Filled,600570.SH,,TimeInForce.GTC,,,,1262793600000000000,2010-01-06T16:00:00Z
9.51951,22239.9552375,1262707200000000000,2010-01-05T16:00:00Z,934500.0,,10c526e0-b04a-43bd-bea5-39e09d85a0b5,OrderRole.Standalone,OrderType.Market,_default,,PositionEffect.Open,,934500.0,False,,OrderSide.Buy,OrderStatus.Filled,600584.SH,,TimeInForce.GTC,,,,1262793600000000000,2010-01-06T16:00:00Z
34.48548,21587.91048,1262793600000000000,2010-01-06T16:00:00Z,250400.0,,cf14f095-df6f-4f97-811c-4cfd8679079b,OrderRole.Standalone,OrderType.Market,_default,,PositionEffect.Close,,250400.0,False,,OrderSide.Sell,OrderStatus.Filled,000596.SZ,,TimeInForce.GTC,,,,1262880000000000000,2010-01-07T16:00:00Z
14.03595,21124.10475,1262793600000000000,2010-01-06T16:00:00Z,602000.0,,94ce0e2b-6f03-4f73-981d-4d4de66e3221,OrderRole.Standalone,OrderType.Market,_default,,PositionEffect.Close,,602000.0,False,,OrderSide.Sell,OrderStatus.Filled,000988.SZ,,TimeInForce.GTC,,,,1262880000000000000,2010-01-07T16:00:00Z
11.2887,21112.691175,1262793600000000000,2010-01-06T16:00:00Z,748100.0,,5131e467-3290-4d54-a543-24354b48daa6,OrderRole.Standalone,OrderType.Market,_default,,PositionEffect.Close,,748100.0,False,,OrderSide.Sell,OrderStatus.Filled,002049.SZ,,TimeInForce.GTC,,,,1262880000000000000,2010-01-07T16:00:00Z
22.69728,21534.0444,1262793600000000000,2010-01-06T16:00:00Z,379500.0,,b1326e7a-d987-401b-8599-7ebe9c219048,OrderRole.Standalone,OrderType.Market,_default,,PositionEffect.Close,,379500.0,False,,OrderSide.Sell,OrderStatus.Filled,002180.SZ,,TimeInForce.GTC,,,,1262880000000000000,2010-01-07T16:00:00Z
71.80812,21650.14818,1262793600000000000,2010-01-06T16:00:00Z,120600.0,,7f4145dd-8914-4730-9fa2-617ca7cef151,OrderRole.Standalone,OrderType.Market,_default,,PositionEffect.Close,,120600.0,False,,OrderSide.Sell,OrderStatus.Filled,002236.SZ,,TimeInForce.GTC,,,,1262880000000000000,2010-01-07T16:00:00Z
29.72025,21896.3941875,1262793600000000000,2010-01-06T16:00:00Z,294700.0,,92582f15-b9dc-4d72-9b65-61538467e962,OrderRole.Standalone,OrderType.Market,_default,,PositionEffect.Close,,294700.0,False,,OrderSide.Sell,OrderStatus.Filled,002241.SZ,,TimeInForce.GTC,,,,1262880000000000000,2010-01-07T16:00:00Z
57.942,24277.698,1262793600000000000,2010-01-06T16:00:00Z,167600.0,,d3726ee0-e64c-406a-af0f-2ac14ff6d439,OrderRole.Standalone,OrderType.Market,_default,,PositionEffect.Close,,167600.0,False,,OrderSide.Sell,OrderStatus.Filled,002271.SZ,,TimeInForce.GTC,,,,1262880000000000000,2010-01-07T16:00:00Z
14.65533,22675.4593425,1262793600000000000,2010-01-06T16:00:00Z,618900.0,,9f807098-0627-4ce3-b237-43a505b2d2e8,OrderRole.Standalone,OrderType.Market,_default,,PositionEffect.Close,,618900.0,False,,OrderSide.Sell,OrderStatus.Filled,600460.SH,,TimeInForce.GTC,,,,1262880000000000000,2010-01-07T16:00:00Z
21.7782,21778.2,1262793600000000000,2010-01-06T16:00:00Z,400000.0,,f4363692-dd02-486e-a9b8-3cd329a9fa49,OrderRole.Standalone,OrderType.Market,_default,,PositionEffect.Close,,400000.0,False,,OrderSide.Sell,OrderStatus.Filled,600570.SH,,TimeInForce.GTC,,,,1262880000000000000,2010-01-07T16:00:00Z
9.0909,21238.615125,1262793600000000000,2010-01-06T16:00:00Z,934500.0,,d7a65c01-2d8d-4782-a7fd-8dc58f965750,OrderRole.Standalone,OrderType.Market,_default,,PositionEffect.Close,,934500.0,False,,OrderSide.Sell,OrderStatus.Filled,600584.SH,,TimeInForce.GTC,,,,1262880000000000000,2010-01-07T16:00:00Z
36.036,21612.591,1265126400000000000,2010-02-02T16:00:00Z,239900.0,,941a3b47-ffe4-423e-8aaa-45f05e6f7ee5,OrderRole.Standalone,OrderType.Market,_default,,PositionEffect.Open,,239900.0,False,,OrderSide.Buy,OrderStatus.Filled,000425.SZ,,TimeInForce.GTC,,,,1265212800000000000,2010-02-03T16:00:00Z
33.58355,22156.7471125,1265126400000000000,2010-02-02T16:00:00Z,263900.0,,945539d2-4c7a-4254-a9af-d11dbf1064b4,OrderRole.Standalone,OrderType.Market,_default,,PositionEffect.Open,,263900.0,False,,OrderSide.Buy,OrderStatus.Filled,000661.SZ,,TimeInForce.GTC,,,,1265212800000000000,2010-02-03T16:00:00Z
52.84279,21916.5471525,1265126400000000000,2010-02-02T16:00:00Z,165900.0,,b6f5bf60-0662-4356-8df0-717a8bbc4285,OrderRole.Standalone,OrderType.Market,_default,,PositionEffect.Open,,165900.0,False,,OrderSide.Buy,OrderStatus.Filled,000895.SZ,,TimeInForce.GTC,,,,1265212800000000000,2010-02-03T16:00:00Z
13.3133,21927.0051,1265126400000000000,2010-02-02T16:00:00Z,658800.0,,73f9b963-ae8c-46ad-8e60-9b108d670780,OrderRole.Standalone,OrderType.Market,_default,,PositionEffect.Open,,658800.0,False,,OrderSide.Buy,OrderStatus.Filled,000977.SZ,,TimeInForce.GTC,,,,1265212800000000000,2010-02-03T16:00:00Z
44.91487,21806.169385,1265126400000000000,2010-02-02T16:00:00Z,194200.0,,03d1aab4-b34f-4fcf-a740-67c73813e77b,OrderRole.Standalone,OrderType.Market,_default,,PositionEffect.Open,,194200.0,False,,OrderSide.Buy,OrderStatus.Filled,002001.SZ,,TimeInForce.GTC,,,,1265212800000000000,2010-02-03T16:00:00Z
76.88681,21201.5378575,1265126400000000000,2010-02-02T16:00:00Z,110300.0,,9525da81-a5d0-4e78-a471-e78091d1f2b1,OrderRole.Standalone,OrderType.Market,_default,,PositionEffect.Open,,110300.0,False,,OrderSide.Buy,OrderStatus.Filled,300033.SZ,,TimeInForce.GTC,,,,1265212800000000000,2010-02-03T16:00:00Z
26.08606,21840.553735,1265126400000000000,2010-02-02T16:00:00Z,334900.0,,d7a7bfab-f7de-4408-8558-a76c779126e0,OrderRole.Standalone,OrderType.Market,_default,,PositionEffect.Open,,334900.0,False,,OrderSide.Buy,OrderStatus.Filled,600118.SH,,TimeInForce.GTC,,,,1265212800000000000,2010-02-03T16:00:00Z
12.69268,21891.69983,1265126400000000000,2010-02-02T16:00:00Z,689900.0,,39075525-3710-447a-b87b-d1612ea8d35b,OrderRole.Standalone,OrderType.Market,_default,,PositionEffect.Open,,689900.0,False,,OrderSide.Buy,OrderStatus.Filled,600460.SH,,TimeInForce.GTC,,,,1265212800000000000,2010-02-03T16:00:00Z
10.3103,21448.001575,1265126400000000000,2010-02-02T16:00:00Z,832100.0,,a914f855-1dfe-44aa-9107-36d595fa8e3c,OrderRole.Standalone,OrderType.Market,_default,,PositionEffect.Open,,832100.0,False,,OrderSide.Buy,OrderStatus.Filled,600515.SH,,TimeInForce.GTC,,,,1265212800000000000,2010-02-03T16:00:00Z
41.2412,21734.1124,1265126400000000000,2010-02-02T16:00:00Z,210800.0,,7de6c078-b17b-4d57-917e-7f8f4ca2339d,OrderRole.Standalone,OrderType.Market,_default,,PositionEffect.Open,,210800.0,False,,OrderSide.Buy,OrderStatus.Filled,600875.SH,,TimeInForce.GTC,,,,1265212800000000000,2010-02-03T16:00:00Z
32.54742,21473.160345,1265212800000000000,2010-02-03T16:00:00Z,263900.0,,291bf883-d123-4f71-88ae-31667c983f7a,OrderRole.Standalone,OrderType.Market,_default,,PositionEffect.Close,,263900.0,False,,OrderSide.Sell,OrderStatus.Filled,000661.SZ,,TimeInForce.GTC,,,,1265299200000000000,2010-02-04T16:00:00Z
52.32762,21702.880395,1265212800000000000,2010-02-03T16:00:00Z,165900.0,,031069e6-ac70-40eb-bbb6-d809b4c615b4,OrderRole.Standalone,OrderType.Market,_default,,PositionEffect.Close,,165900.0,False,,OrderSide.Sell,OrderStatus.Filled,000895.SZ,,TimeInForce.GTC,,,,1265299200000000000,2010-02-04T16:00:00Z
14.31567,23577.90849,1265212800000000000,2010-02-03T16:00:00Z,658800.0,,0ff81d27-d275-400d-b7a8-0c422f5faf31,OrderRole.Standalone,OrderType.Market,_default,,PositionEffect.Close,,658800.0,False,,OrderSide.Sell,OrderStatus.Filled,000977.SZ,,TimeInForce.GTC,,,,1265299200000000000,2010-02-04T16:00:00Z
44.1558,21437.6409,1265212800000000000,2010-02-03T16:00:00Z,194200.0,,1bc06f2d-c9f7-4cb8-ace1-af9ff35e9793,OrderRole.Standalone,OrderType.Market,_default,,PositionEffect.Close,,194200.0,False,,OrderSide.Sell,OrderStatus.Filled,002001.SZ,,TimeInForce.GTC,,,,1265299200000000000,2010-02-04T16:00:00Z
75.7242,20880.94815,1265212800000000000,2010-02-03T16:00:00Z,110300.0,,a946377d-0f26-490a-b6e4-4013e4911c82,OrderRole.Standalone,OrderType.Market,_default,,PositionEffect.Close,,110300.0,False,,OrderSide.Sell,OrderStatus.Filled,300033.SZ,,TimeInForce.GTC,,,,1265299200000000000,2010-02-04T16:00:00Z
25.55442,21395.438145,1265212800000000000,2010-02-03T16:00:00Z,334900.0,,afc723c5-8147-4aa1-b9cf-f43e8052e3ed,OrderRole.Standalone,OrderType.Market,_default,,PositionEffect.Close,,334900.0,False,,OrderSide.Sell,OrderStatus.Filled,600118.SH,,TimeInForce.GTC,,,,1265299200000000000,2010-02-04T16:00:00Z
12.4875,21537.815625,1265212800000000000,2010-02-03T16:00:00Z,689900.0,,49e39c1c-3fe6-4c76-a757-46b58dfd27c8,OrderRole.Standalone,OrderType.Market,_default,,PositionEffect.Close,,689900.0,False,,OrderSide.Sell,OrderStatus.Filled,600460.SH,,TimeInForce.GTC,,,,1265299200000000000,2010-02-04T16:00:00Z
10.8891,22652.050275,1265212800000000000,2010-02-03T16:00:00Z,832100.0,,771fb3a0-d41f-4175-9775-8e64b08dbb83,OrderRole.Standalone,OrderType.Market,_default,,PositionEffect.Close,,832100.0,False,,OrderSide.Sell,OrderStatus.Filled,600515.SH,,TimeInForce.GTC,,,,1265299200000000000,2010-02-04T16:00:00Z
40.3596,21269.5092,1265212800000000000,2010-02-03T16:00:00Z,210800.0,,27f1f18c-b359-4dd1-bcaa-2c843db50d65,OrderRole.Standalone,OrderType.Market,_default,,PositionEffect.Close,,210800.0,False,,OrderSide.Sell,OrderStatus.Filled,600875.SH,,TimeInForce.GTC,,,,1265299200000000000,2010-02-04T16:00:00Z
,0.0,1265212800000000000,2010-02-03T16:00:00Z,0.0,,54dd8563-7e05-44d8-a8ba-907a006b6509,OrderRole.Standalone,OrderType.Market,_default,,PositionEffect.Close,,239900.0,False,"Symbol 000425.SZ not tradable (zero volume, suspension) at execution timestamp 1265299200000000000",OrderSide.Sell,OrderStatus.Rejected,000425.SZ,,TimeInForce.GTC,,,,1265299200000000000,2010-02-04T16:00:00Z
35.91405,21539.4514875,1268150400000000000,2010-03-09T16:00:00Z,239900.0,,919494b6-bd9f-455f-9cd3-00932fbae295,OrderRole.Standalone,OrderType.Market,_default,,PositionEffect.Close,,239900.0,False,,OrderSide.Sell,OrderStatus.Filled,000425.SZ,,TimeInForce.GTC,,,,1268236800000000000,2010-03-10T16:00:00Z
12.32231,21828.972165,1268150400000000000,2010-03-09T16:00:00Z,708600.0,,f4ed0ecf-e12b-4054-a869-c50cc844f00d,OrderRole.Standalone,OrderType.Market,_default,,PositionEffect.Open,,708600.0,False,,OrderSide.Buy,OrderStatus.Filled,000733.SZ,,TimeInForce.GTC,,,,1268236800000000000,2010-03-10T16:00:00Z
,0.0,1268150400000000000,2010-03-09T16:00:00Z,0.0,,aa4675fa-0b11-4d70-b0ae-7194f2b32118,OrderRole.Standalone,OrderType.Market,_default,,PositionEffect.Open,,708600.0,False,"Risk: Insufficient available position for 000733.SZ at execution. Available: 0, Required: 708600",OrderSide.Sell,OrderStatus.Rejected,000733.SZ,,TimeInForce.GTC,,,,1268236800000000000,2010-03-10T16:00:00Z
52.30225,21862.3405,1268150400000000000,2010-03-09T16:00:00Z,167200.0,,e04f3c62-4a01-4532-ae7b-405f05c19542,OrderRole.Standalone,OrderType.Market,_default,,PositionEffect.Open,,167200.0,False,,OrderSide.Buy,OrderStatus.Filled,000776.SZ,,TimeInForce.GTC,,,,1268236800000000000,2010-03-10T16:00:00Z
,0.0,1268150400000000000,2010-03-09T16:00:00Z,0.0,,3daf8fd9-a1b6-4e8d-86ee-024187b3b3ca,OrderRole.Standalone,OrderType.Market,_default,,PositionEffect.Open,,167200.0,False,"Risk: Insufficient available position for 000776.SZ at execution. Available: 0, Required: 167200",OrderSide.Sell,OrderStatus.Rejected,000776.SZ,,TimeInForce.GTC,,,,1268236800000000000,2010-03-10T16:00:00Z
52.22217,21828.86706,1268150400000000000,2010-03-09T16:00:00Z,167200.0,,d69973bc-2746-4d7e-9601-385011c15e04,OrderRole.Standalone,OrderType.Market,_default,,PositionEffect.Open,,167200.0,False,,OrderSide.Buy,OrderStatus.Filled,000895.SZ,,TimeInForce.GTC,,,,1268236800000000000,2010-03-10T16:00:00Z
,0.0,1268150400000000000,2010-03-09T16:00:00Z,0.0,,c41f8e35-d7d0-44b4-be44-4becf44253a3,OrderRole.Standalone,OrderType.Market,_default,,PositionEffect.Open,,167200.0,False,"Risk: Insufficient available position for 000895.SZ at execution. Available: 0, Required: 167200",OrderSide.Sell,OrderStatus.Rejected,000895.SZ,,TimeInForce.GTC,,,,1268236800000000000,2010-03-10T16:00:00Z
56.77672,21830.64884,1268150400000000000,2010-03-09T16:00:00Z,153800.0,,55156893-428e-4cf5-84e6-6febf9a1ec90,OrderRole.Standalone,OrderType.Market,_default,,PositionEffect.Open,,153800.0,False,,OrderSide.Buy,OrderStatus.Filled,002271.SZ,,TimeInForce.GTC,,,,1268236800000000000,2010-03-10T16:00:00Z
,0.0,1268150400000000000,2010-03-09T16:00:00Z,0.0,,fb372dac-c624-46bd-a3a2-bd15f3bdd05d,OrderRole.Standalone,OrderType.Market,_default,,PositionEffect.Open,,153800.0,False,"Risk: Insufficient available position for 002271.SZ at execution. Available: 0, Required: 153800",OrderSide.Sell,OrderStatus.Rejected,002271.SZ,,TimeInForce.GTC,,,,1268236800000000000,2010-03-10T16:00:00Z
10.6106,21828.65685,1268150400000000000,2010-03-09T16:00:00Z,822900.0,,fa6141f7-1564-42a8-8e6d-bd6deb651579,OrderRole.Standalone,OrderType.Market,_default,,PositionEffect.Open,,822900.0,False,,OrderSide.Buy,OrderStatus.Filled,600183.SH,,TimeInForce.GTC,,,,1268236800000000000,2010-03-10T16:00:00Z
,0.0,1268150400000000000,2010-03-09T16:00:00Z,0.0,,5c39a11d-9380-4324-a6f2-57f8d086bd05,OrderRole.Standalone,OrderType.Market,_default,,PositionEffect.Open,,822900.0,False,"Risk: Insufficient available position for 600183.SH at execution. Available: 0, Required: 822900",OrderSide.Sell,OrderStatus.Rejected,600183.SH,,TimeInForce.GTC,,,,1268236800000000000,2010-03-10T16:00:00Z
36.91688,21845.56374,1268150400000000000,2010-03-09T16:00:00Z,236700.0,,6c2ce6fc-cae5-4317-8090-a58c97a18228,OrderRole.Standalone,OrderType.Market,_default,,PositionEffect.Open,,236700.0,False,,OrderSide.Buy,OrderStatus.Filled,600436.SH,,TimeInForce.GTC,,,,1268236800000000000,2010-03-10T16:00:00Z
,0.0,1268150400000000000,2010-03-09T16:00:00Z,0.0,,39554ac4-0ba1-4a11-b14a-9fff9e37376c,OrderRole.Standalone,OrderType.Market,_default,,PositionEffect.Open,,236700.0,False,"Risk: Insufficient available position for 600436.SH at execution. Available: 0, Required: 236700",OrderSide.Sell,OrderStatus.Rejected,600436.SH,,TimeInForce.GTC,,,,1268236800000000000,2010-03-10T16:00:00Z
13.53352,21829.56776,1268150400000000000,2010-03-09T16:00:00Z,645200.0,,9791da4b-7130-427d-b1a2-514effc66900,OrderRole.Standalone,OrderType.Market,_default,,PositionEffect.Open,,645200.0,False,,OrderSide.Buy,OrderStatus.Filled,600460.SH,,TimeInForce.GTC,,,,1268236800000000000,2010-03-10T16:00:00Z
,0.0,1268150400000000000,2010-03-09T16:00:00Z,0.0,,8038a5c8-0927-4b0d-9676-4f27096ed6b4,OrderRole.Standalone,OrderType.Market,_default,,PositionEffect.Open,,645200.0,False,"Risk: Insufficient available position for 600460.SH at execution. Available: 0, Required: 645200",OrderSide.Sell,OrderStatus.Rejected,600460.SH,,TimeInForce.GTC,,,,1268236800000000000,2010-03-10T16:00:00Z
10.53052,21642.85123,1268150400000000000,2010-03-09T16:00:00Z,822100.0,,f3322bba-9fb1-4f4c-a3b2-fda583027078,OrderRole.Standalone,OrderType.Market,_default,,PositionEffect.Open,,822100.0,False,,OrderSide.Buy,OrderStatus.Filled,600732.SH,,TimeInForce.GTC,,,,1268236800000000000,2010-03-10T16:00:00Z
,0.0,1268150400000000000,2010-03-09T16:00:00Z,0.0,,6613f535-a0fc-4e0d-9c96-fda1cbef6ca4,OrderRole.Standalone,OrderType.Market,_default,,PositionEffect.Open,,822100.0,False,"Risk: Insufficient available position for 600732.SH at execution. Available: 0, Required: 822100",OrderSide.Sell,OrderStatus.Rejected,600732.SH,,TimeInForce.GTC,,,,1268236800000000000,2010-03-10T16:00:00Z
38.44841,21857.921085,1268150400000000000,2010-03-09T16:00:00Z,227400.0,,08bb132c-bb2f-4ce8-a5fa-d625c69f15a2,OrderRole.Standalone,OrderType.Market,_default,,PositionEffect.Open,,227400.0,False,,OrderSide.Buy,OrderStatus.Filled,600809.SH,,TimeInForce.GTC,,,,1268236800000000000,2010-03-10T16:00:00Z
,0.0,1268150400000000000,2010-03-09T16:00:00Z,0.0,,934e539d-00af-4eb3-a2c3-6152eb57c03d,OrderRole.Standalone,OrderType.Market,_default,,PositionEffect.Open,,227400.0,False,"Risk: Insufficient available position for 600809.SH at execution. Available: 0, Required: 227400",OrderSide.Sell,OrderStatus.Rejected,600809.SH,,TimeInForce.GTC,,,,1268236800000000000,2010-03-10T16:00:00Z
30.81078,21891.05919,1268150400000000000,2010-03-09T16:00:00Z,284200.0,,3ff01de4-d789-4c06-b929-d05eafa9390a,OrderRole.Standalone,OrderType.Market,_default,,PositionEffect.Open,,284200.0,False,,OrderSide.Buy,OrderStatus.Filled,600845.SH,,TimeInForce.GTC,,,,1268236800000000000,2010-03-10T16:00:00Z
,0.0,1268150400000000000,2010-03-09T16:00:00Z,0.0,,b82afae2-e46d-498b-bf5c-91e84ae099cd,OrderRole.Standalone,OrderType.Market,_default,,PositionEffect.Open,,284200.0,False,"Risk: Insufficient available position for 600845.SH at execution. Available: 0, Required: 284200",OrderSide.Sell,OrderStatus.Rejected,600845.SH,,TimeInForce.GTC,,,,1268236800000000000,2010-03-10T16:00:00Z
