commission,duration,duration_bars,entry_portfolio_value,entry_price,entry_tag,entry_time,exit_price,exit_tag,exit_time,mae,max_drawdown_pct,mfe,net_pnl,pnl,quantity,return_pct,side,symbol
43958.45868,86400000000000,1,100028786.1718,35.7357,,1262793600000000000,34.48548,,1262880000000000000,-6.815873202427836,6.815873202427836,0.0,-357013.54668,-313055.088,250400.0,-3.4985182884342554,Long,000596.SZ
43495.704,86400000000000,1,99772218.87255,14.86485,,1262793600000000000,14.03595,,1262880000000000000,-5.576241939878309,6.1140468227424725,0.5728278455551097,-542493.504,-498997.8,602000.0,-5.576241939878304,Long,000988.SZ
43540.69177,86400000000000,1,99314693.633955,11.99198,,1262793600000000000,11.2887,,1262880000000000000,-6.103912781709109,6.86517783291977,0.8173796153762766,-569664.45977,-526123.768,748100.0,-5.864586165087,Long,002049.SZ
43889.952975,86400000000000,1,98869135.29538,23.56354,,1262793600000000000,22.69728,,1262880000000000000,-7.696381783042784,8.421052631578947,0.7913072484015573,-372635.622975,-328745.67,379500.0,-3.6762727501894874,Long,002180.SZ
44104.17978,86400000000000,1,98516483.62378,74.4744,,1262793600000000000,71.80812,,1262880000000000000,-4.504098052485147,4.856187290969894,0.3700600474793985,-365657.54778,-321553.368,120600.0,-3.5801295478714827,Long,002236.SZ
44411.864665,86400000000000,1,98190706.9623025,30.56053,,1262793600000000000,29.72025,,1262880000000000000,-5.62990890537566,6.967741935483872,1.438031343042807,-292042.380665,-247630.516,294700.0,-2.7495596444171615,Long,002241.SZ
46884.3821,86400000000000,1,97892328.6382025,53.9539,,1262793600000000000,57.942,,1262880000000000000,-0.09990009990009753,8.72142252328535,10.538811837513142,621521.1779,668405.56,167600.0,7.391680675539675,Long,002271.SZ
45194.9713575,86400000000000,1,98626742.3201875,14.55454,,1262793600000000000,14.65533,,1262880000000000000,-3.8100826271390194,9.090909090909092,5.8089091101470816,17183.9596425,62378.931,618900.0,0.6924986980007612,Long,600460.SH
44280.68,86400000000000,1,98757972.8401875,22.50248,,1262793600000000000,21.7782,,1262880000000000000,-5.565964284825489,5.565964284825489,0.0,-333992.68,-289712.0,400000.0,-3.218667453542898,Long,600570.SH
43478.5703625,86400000000000,1,98594985.78995,9.51951,,1262793600000000000,9.0909,,1262880000000000000,-5.247223859211249,7.487179487179492,2.4212380679257612,-444014.6153625,-400536.045,934500.0,-4.502437625466017,Long,600584.SH
43629.9074575,86400000000000,1,97171581.1971975,33.58355,,1265212800000000000,32.54742,,1265299200000000000,-6.948491151173722,11.971830985915492,5.706514052266653,-317064.6144575,-273434.707,263900.0,-3.0852307156331005,Long,000661.SZ
43619.4275475,86400000000000,1,97246466.789045,52.84279,,1265212800000000000,52.32762,,1265299200000000000,-1.5381284750483457,2.6930989339816676,1.1869358147062221,-129086.1305475,-85466.703,165900.0,-0.9749106737172658,Long,000895.SZ
45504.91359,86400000000000,1,97217436.743945,13.3133,,1265212800000000000,14.31567,,1265299200000000000,-1.4519315271195024,12.07004377736085,20.105458451323116,614856.44241,660361.356,658800.0,7.529087453899484,Long,000977.SZ
43243.810285,86400000000000,1,98109728.82056,44.91487,,1265212800000000000,44.1558,,1265299200000000000,-2.9274714587841375,3.66769774635439,0.7684092150327887,-190655.204285,-147411.394,194200.0,-1.690019363297723,Long,002001.SZ
42082.4860075,86400000000000,1,98342164.1397025,76.88681,,1265212800000000000,75.7242,,1265299200000000000,-1.9337647120487782,4.918032786885235,3.1386267683624807,-170318.3690075,-128235.883,110300.0,-1.5121059125746017,Long,300033.SZ
43235.99188,86400000000000,1,98104632.0919675,26.08606,,1265212800000000000,25.55442,,1265299200000000000,-2.2083058921124854,6.18788546255506,4.423588690664664,-221282.22788,-178046.236,334900.0,-2.038023373403266,Long,600118.SH
43429.515455,86400000000000,1,98144723.4601375,12.69268,,1265212800000000000,12.4875,,1265299200000000000,-2.4634671322368367,8.836524300441821,6.990800997110151,-184983.197455,-141553.682,689900.0,-1.6165222789828466,Long,600460.SH
44100.05185,86400000000000,1,98471663.8285625,10.3103,,1265212800000000000,10.8891,,1265299200000000000,-0.6818424294152409,9.004329004329012,12.023898431665431,437519.42815,481619.48,832100.0,5.6138036720560995,Long,600515.SH
43003.6216,86400000000000,1,98956037.7561625,41.2412,,1265212800000000000,40.3596,,1265299200000000000,-3.1308497327914715,3.7117377681368984,0.6032802149307072,-228844.9016,-185841.28,210800.0,-2.137668157085633,Long,600875.SH
43152.0424875,3024000000000000,20,97455689.78931,36.036,,1265212800000000000,35.91405,,1268236800000000000,-5.982905982905979,7.406395189942609,5.783105783105772,-72407.8474875,-29255.805,239900.0,-0.3384115884115884,Long,000425.SZ
