offset,rebal_date,regime,n_active_factors,n_picks,max_votes,n_at_or_above_threshold
0,2010-01-04,bull_neutral,10,10,10,24
0,2010-02-01,bull_neutral,10,10,9,21
0,2010-03-08,bull_neutral,10,10,9,16
0,2010-04-06,bull_neutral,10,10,9,23
0,2010-05-05,bull_neutral,10,10,8,23
0,2010-06-02,bull_neutral,10,10,9,21
0,2010-07-05,bull_neutral,10,10,8,18
0,2010-08-02,bull_neutral,10,10,5,25
0,2010-08-30,bull_neutral,10,10,6,30
0,2010-09-30,bull_neutral,10,10,6,21
0,2010-11-04,bull_neutral,10,10,7,16
0,2010-12-02,bull_neutral,10,10,6,27
0,2010-12-30,bull_neutral,10,10,6,25
0,2011-01-28,bull_neutral,10,10,7,24
0,2011-03-04,bull_neutral,10,10,7,21
0,2011-04-01,bull_neutral,10,10,10,10
0,2011-05-04,bear,10,10,10,10
0,2011-06-01,bear,10,10,10,11
0,2011-06-30,bear,10,5,8,5
0,2011-07-28,bear,10,10,8,11
0,2011-08-25,bear,10,10,10,10
0,2011-09-23,bear,10,10,9,10
0,2011-10-28,bear,10,8,5,8
0,2011-11-25,bear,10,6,7,6
0,2011-12-23,bear,10,9,8,9
0,2012-01-31,bull_neutral,10,10,8,18
0,2012-02-28,bull_neutral,10,10,4,24
0,2012-03-27,bull_neutral,10,10,7,17
0,2012-04-27,bull_neutral,10,10,7,12
0,2012-05-29,bear,10,6,6,6
0,2012-06-27,bear,10,5,4,3
0,2012-07-25,bear,10,7,5,7
0,2012-08-22,bear,10,5,7,3
0,2012-09-19,bear,10,6,6,6
0,2012-10-24,bear,10,5,4,3
0,2012-11-21,bear,10,7,5,7
0,2012-12-19,bear,10,10,9,10
0,2013-01-21,bear,10,5,5,5
0,2013-02-25,bear,10,5,5,4
0,2013-03-25,bear,10,6,6,6
0,2013-04-24,bear,10,9,8,9
0,2013-05-27,bear,10,9,9,9
0,2013-06-27,bear,10,9,9,9
0,2013-07-25,bear,10,5,4,3
0,2013-08-22,bear,10,7,7,7
0,2013-09-23,bear,10,8,6,8
0,2013-10-28,bear,10,10,9,10
0,2013-11-25,bear,10,10,6,10
0,2013-12-23,bear,10,10,7,10
0,2014-01-21,bear,10,10,8,10
0,2014-02-25,bear,10,5,7,5
0,2014-03-25,bull_neutral,10,10,8,27
0,2014-04-23,bull_neutral,10,10,6,23
0,2014-05-23,bull_neutral,10,10,10,16
0,2014-06-23,bull_neutral,10,10,10,17
0,2014-07-21,bull_neutral,10,10,6,20
0,2014-08-18,bull_neutral,10,10,7,19
0,2014-09-16,bull_neutral,10,10,9,21
0,2014-10-21,bull_neutral,10,10,10,22
0,2014-11-18,bull_neutral,10,10,6,23
0,2014-12-16,bull_neutral,10,10,10,14
0,2015-01-15,bull_neutral,10,10,9,18
0,2015-02-12,bull_neutral,10,10,9,24
0,2015-03-19,bull_neutral,10,10,4,25
0,2015-04-17,bull_neutral,10,10,9,21
0,2015-05-18,bull_neutral,10,10,7,26
0,2015-06-15,bull_neutral,10,10,9,23
0,2015-07-14,bull_neutral,10,10,7,15
0,2015-08-11,bull_neutral,10,10,10,17
0,2015-09-10,bull_neutral,10,10,9,18
0,2015-10-15,bull_neutral,10,10,10,14
0,2015-11-12,bull_neutral,10,10,10,14
0,2015-12-10,bull_neutral,10,10,7,22
0,2016-01-08,bull_neutral,10,10,10,22
0,2016-02-05,bull_neutral,10,10,6,24
0,2016-03-11,bull_neutral,10,10,10,18
0,2016-04-11,bull_neutral,10,10,10,21
0,2016-05-10,bull_neutral,10,10,9,12
0,2016-06-07,bull_neutral,10,10,10,21
0,2016-07-07,bull_neutral,10,10,5,22
0,2016-08-04,bull_neutral,10,10,10,20
0,2016-09-01,bull_neutral,10,10,8,22
0,2016-10-10,bull_neutral,10,10,6,30
0,2016-11-07,bull_neutral,10,10,6,26
0,2016-12-05,bull_neutral,10,10,10,18
0,2017-01-03,bull_neutral,10,10,10,17
0,2017-02-07,bull_neutral,10,10,10,15
0,2017-03-07,bull_neutral,10,10,10,16
0,2017-04-06,bull_neutral,10,10,4,28
0,2017-05-05,bull_neutral,10,10,4,18
0,2017-06-06,bull_neutral,10,10,6,29
0,2017-07-04,bull_neutral,10,10,8,23
0,2017-08-01,bull_neutral,10,10,7,19
0,2017-08-29,bull_neutral,10,10,4,21
0,2017-09-26,bull_neutral,10,10,7,25
0,2017-10-31,bull_neutral,10,10,5,21
0,2017-11-28,bull_neutral,10,10,10,12
0,2017-12-26,bull_neutral,10,10,5,25
0,2018-01-24,bear,10,6,5,6
0,2018-02-28,bear,10,6,7,6
0,2018-03-28,bear,10,10,9,10
0,2018-04-27,bear,10,10,8,14
0,2018-05-29,bear,10,10,7,11
0,2018-06-27,bear,10,10,8,13
0,2018-07-25,bear,10,5,4,1
0,2018-08-22,bear,10,5,5,4
0,2018-09-19,bear,10,10,10,10
0,2018-10-25,bear,10,10,8,11
0,2018-11-22,bear,10,8,9,8
0,2018-12-20,bear,10,6,6,6
0,2019-01-21,bull_neutral,10,10,5,24
0,2019-02-25,bull_neutral,10,10,5,20
0,2019-03-25,bull_neutral,10,10,7,22
0,2019-04-23,bull_neutral,10,10,7,23
0,2019-05-24,bull_neutral,10,10,5,26
0,2019-06-24,bull_neutral,10,10,7,28
0,2019-07-22,bull_neutral,10,10,4,25
0,2019-08-19,bull_neutral,10,10,8,22
0,2019-09-17,bull_neutral,10,10,10,15
0,2019-10-22,bull_neutral,10,10,9,21
0,2019-11-19,bull_neutral,10,10,9,15
0,2019-12-17,bull_neutral,10,10,6,26
0,2020-01-15,bull_neutral,10,10,7,25
0,2020-02-20,bull_neutral,10,10,7,18
0,2020-03-19,bull_neutral,10,10,8,18
0,2020-04-17,bull_neutral,10,10,8,16
0,2020-05-20,bull_neutral,10,10,7,22
0,2020-06-17,bull_neutral,10,10,8,21
0,2020-07-17,bull_neutral,10,10,10,12
0,2020-08-14,bull_neutral,10,10,8,18
0,2020-09-11,bull_neutral,10,10,4,25
0,2020-10-19,bull_neutral,10,10,8,24
0,2020-11-16,bull_neutral,10,10,5,23
0,2020-12-14,bull_neutral,10,10,6,19
0,2021-01-12,bull_neutral,10,10,8,21
0,2021-02-09,bull_neutral,10,10,7,22
0,2021-03-16,bear,10,5,6,3
0,2021-04-14,bear,10,10,9,12
0,2021-05-17,bear,10,10,6,10
0,2021-06-15,bear,10,10,7,11
0,2021-07-13,bear,10,10,7,10
0,2021-08-10,bear,10,5,5,4
0,2021-09-07,bear,10,5,4,3
0,2021-10-14,bear,10,10,10,10
0,2021-11-11,bear,10,10,8,12
0,2021-12-09,bear,10,8,7,8
0,2022-01-07,bear,10,10,9,13
0,2022-02-11,bear,10,9,9,9
0,2022-03-11,bear,10,10,10,14
0,2022-04-12,bear,10,9,10,9
0,2022-05-13,bear,10,8,10,8
0,2022-06-13,bear,10,9,6,9
0,2022-07-11,bear,10,10,9,11
0,2022-08-08,bear,10,5,7,5
0,2022-09-05,bear,10,5,5,3
0,2022-10-11,bear,10,7,6,7
0,2022-11-08,bear,10,7,6,7
0,2022-12-06,bear,10,8,6,8
0,2023-01-04,bear,10,8,6,8
0,2023-02-08,bear,10,6,5,6
0,2023-03-08,bear,10,7,8,7
0,2023-04-06,bear,10,10,8,12
0,2023-05-09,bear,10,10,10,11
0,2023-06-06,bear,10,10,9,10
0,2023-07-06,bear,10,10,9,10
0,2023-08-03,bear,10,9,5,9
0,2023-08-31,bear,10,10,9,10
0,2023-09-28,bear,10,7,7,7
0,2023-11-03,bear,10,9,8,9
0,2023-12-01,bear,10,10,8,12
0,2023-12-29,bear,10,5,4,2
0,2024-01-29,bear,10,10,8,10
0,2024-03-05,bull_neutral,10,10,8,22
0,2024-04-02,bull_neutral,10,10,6,24
0,2024-05-07,bull_neutral,10,10,6,23
0,2024-06-04,bear,10,9,8,9
0,2024-07-03,bear,10,5,6,5
0,2024-07-31,bear,10,6,6,6
0,2024-08-28,bear,10,8,9,8
0,2024-09-27,bear,10,9,10,9
0,2024-11-01,bear,10,5,6,4
0,2024-11-29,bear,10,7,5,7
0,2024-12-27,bear,10,5,4,2
0,2025-01-27,bear,10,5,4,1
0,2025-03-04,bear,10,9,8,9
0,2025-04-01,bear,10,10,9,10
0,2025-04-30,bull_neutral,10,10,6,22
0,2025-06-03,bull_neutral,10,10,4,30
0,2025-07-01,bull_neutral,10,10,6,24
0,2025-07-29,bull_neutral,10,10,4,24
0,2025-08-26,bull_neutral,10,10,8,23
0,2025-09-23,bull_neutral,10,10,7,18
0,2025-10-29,bull_neutral,10,10,9,18
0,2025-11-26,bull_neutral,10,10,7,22
0,2025-12-24,bull_neutral,10,10,6,18
2,2010-01-06,bull_neutral,10,10,10,23
2,2010-02-03,bull_neutral,10,10,8,21
2,2010-03-10,bull_neutral,10,10,9,18
2,2010-04-08,bull_neutral,10,10,9,23
2,2010-05-07,bull_neutral,10,10,9,21
2,2010-06-04,bull_neutral,10,10,9,22
2,2010-07-07,bull_neutral,10,10,8,19
2,2010-08-04,bull_neutral,10,10,6,21
2,2010-09-01,bull_neutral,10,10,6,30
2,2010-10-11,bull_neutral,10,10,6,24
2,2010-11-08,bull_neutral,10,10,7,16
2,2010-12-06,bull_neutral,10,10,6,28
2,2011-01-04,bull_neutral,10,10,8,24
2,2011-02-01,bull_neutral,10,10,6,27
2,2011-03-08,bull_neutral,10,10,5,30
2,2011-04-07,bull_neutral,10,10,10,10
2,2011-05-06,bear,10,10,10,10
2,2011-06-03,bear,10,10,10,11
2,2011-07-04,bear,10,10,6,10
2,2011-08-01,bear,10,10,8,10
2,2011-08-29,bear,10,10,10,10
2,2011-09-27,bear,10,10,7,12
2,2011-11-01,bear,10,10,6,12
2,2011-11-29,bear,10,9,6,9
2,2011-12-27,bear,10,9,9,9
2,2012-02-02,bull_neutral,10,10,8,17
2,2012-03-01,bull_neutral,10,10,4,27
2,2012-03-29,bull_neutral,10,10,7,20
2,2012-05-03,bull_neutral,10,10,8,13
2,2012-05-31,bear,10,5,3,0
2,2012-06-29,bear,10,5,3,0
2,2012-07-27,bear,10,7,5,7
2,2012-08-24,bear,10,5,4,2
2,2012-09-21,bear,10,6,7,6
2,2012-10-26,bear,10,7,7,7
2,2012-11-23,bear,10,7,6,7
2,2012-12-21,bear,10,10,7,10
2,2013-01-23,bear,10,5,5,5
2,2013-02-27,bear,10,5,7,2
2,2013-03-27,bear,10,9,7,9
2,2013-04-26,bear,10,7,7,7
2,2013-05-29,bear,10,8,9,8
2,2013-07-01,bear,10,8,9,8
2,2013-07-29,bear,10,5,6,3
2,2013-08-26,bear,10,5,7,5
2,2013-09-25,bear,10,5,7,5
2,2013-10-30,bear,10,9,9,9
2,2013-11-27,bear,10,10,6,10
2,2013-12-25,bear,10,10,9,11
2,2014-01-23,bear,10,10,8,11
2,2014-02-27,bear,10,5,7,5
2,2014-03-27,bull_neutral,10,10,8,24
2,2014-04-25,bull_neutral,10,10,8,21
2,2014-05-27,bull_neutral,10,10,10,15
2,2014-06-25,bull_neutral,10,10,9,21
2,2014-07-23,bull_neutral,10,10,9,19
2,2014-08-20,bull_neutral,10,10,7,25
2,2014-09-18,bull_neutral,10,10,9,23
2,2014-10-23,bull_neutral,10,10,10,21
2,2014-11-20,bull_neutral,10,10,5,22
2,2014-12-18,bull_neutral,10,10,10,13
2,2015-01-19,bull_neutral,10,10,9,19
2,2015-02-16,bull_neutral,10,10,9,23
2,2015-03-23,bull_neutral,10,10,4,25
2,2015-04-21,bull_neutral,10,10,9,19
2,2015-05-20,bull_neutral,10,10,8,26
2,2015-06-17,bull_neutral,10,10,9,23
2,2015-07-16,bull_neutral,10,10,5,23
2,2015-08-13,bull_neutral,10,10,10,23
2,2015-09-14,bull_neutral,10,10,9,18
2,2015-10-19,bull_neutral,10,10,10,15
2,2015-11-16,bull_neutral,10,10,10,14
2,2015-12-14,bull_neutral,10,10,7,23
2,2016-01-12,bull_neutral,10,10,10,22
2,2016-02-16,bull_neutral,10,10,5,26
2,2016-03-15,bull_neutral,10,10,10,17
2,2016-04-13,bull_neutral,10,10,10,17
2,2016-05-12,bull_neutral,10,10,9,15
2,2016-06-13,bull_neutral,10,10,7,23
2,2016-07-11,bull_neutral,10,10,5,21
2,2016-08-08,bull_neutral,10,10,10,21
2,2016-09-05,bull_neutral,10,10,8,22
2,2016-10-12,bull_neutral,10,10,6,29
2,2016-11-09,bull_neutral,10,10,6,23
2,2016-12-07,bull_neutral,10,10,10,17
2,2017-01-05,bull_neutral,10,10,10,18
2,2017-02-09,bull_neutral,10,10,10,14
2,2017-03-09,bull_neutral,10,10,10,20
2,2017-04-10,bull_neutral,10,10,5,17
2,2017-05-09,bull_neutral,10,10,5,22
2,2017-06-08,bull_neutral,10,10,6,22
2,2017-07-06,bull_neutral,10,10,7,23
2,2017-08-03,bull_neutral,10,10,7,22
2,2017-08-31,bull_neutral,10,10,4,22
2,2017-09-28,bull_neutral,10,10,6,26
2,2017-11-02,bull_neutral,10,10,7,22
2,2017-11-30,bull_neutral,10,10,10,11
2,2017-12-28,bull_neutral,10,10,3,29
2,2018-01-26,bear,10,5,4,3
2,2018-03-02,bear,10,6,6,6
2,2018-03-30,bear,10,9,7,9
2,2018-05-03,bear,10,10,8,13
2,2018-05-31,bear,10,10,8,13
2,2018-06-29,bear,10,10,8,14
2,2018-07-27,bear,10,5,5,3
2,2018-08-24,bear,10,5,4,1
2,2018-09-21,bear,10,10,10,10
2,2018-10-29,bear,10,10,8,12
2,2018-11-26,bear,10,10,7,10
2,2018-12-24,bear,10,7,6,7
2,2019-01-23,bull_neutral,10,10,4,22
2,2019-02-27,bull_neutral,10,10,7,21
2,2019-03-27,bull_neutral,10,10,7,23
2,2019-04-25,bull_neutral,10,10,6,23
2,2019-05-28,bull_neutral,10,10,5,22
2,2019-06-26,bull_neutral,10,10,7,28
2,2019-07-24,bull_neutral,10,10,3,29
2,2019-08-21,bull_neutral,10,10,9,16
2,2019-09-19,bull_neutral,10,10,10,12
2,2019-10-24,bull_neutral,10,10,10,23
2,2019-11-21,bull_neutral,10,10,9,14
2,2019-12-19,bull_neutral,10,10,7,30
2,2020-01-17,bull_neutral,10,10,8,22
2,2020-02-24,bull_neutral,10,10,7,21
2,2020-03-23,bull_neutral,10,10,7,17
2,2020-04-21,bull_neutral,10,10,9,13
2,2020-05-22,bull_neutral,10,10,8,20
2,2020-06-19,bull_neutral,10,10,8,22
2,2020-07-21,bull_neutral,10,10,10,14
2,2020-08-18,bull_neutral,10,10,6,21
2,2020-09-15,bull_neutral,10,10,4,26
2,2020-10-21,bull_neutral,10,10,8,22
2,2020-11-18,bull_neutral,10,10,5,27
2,2020-12-16,bull_neutral,10,10,8,24
2,2021-01-14,bull_neutral,10,10,8,21
2,2021-02-18,bear,10,8,6,8
2,2021-03-18,bear,10,5,5,3
2,2021-04-16,bear,10,10,9,11
2,2021-05-19,bear,10,9,7,9
2,2021-06-17,bear,10,10,8,10
2,2021-07-15,bear,10,8,6,8
2,2021-08-12,bear,10,7,5,7
2,2021-09-09,bear,10,5,4,1
2,2021-10-18,bear,10,10,10,10
2,2021-11-15,bear,10,10,9,13
2,2021-12-13,bear,10,9,8,9
2,2022-01-11,bear,10,10,9,14
2,2022-02-15,bear,10,9,9,9
2,2022-03-15,bear,10,10,9,14
2,2022-04-14,bear,10,7,10,7
2,2022-05-17,bear,10,8,10,8
2,2022-06-15,bear,10,5,5,5
2,2022-07-13,bear,10,9,9,9
2,2022-08-10,bear,10,5,6,3
2,2022-09-07,bear,10,9,7,9
2,2022-10-13,bear,10,9,6,9
2,2022-11-10,bear,10,7,5,7
2,2022-12-08,bear,10,10,4,12
2,2023-01-06,bear,10,8,6,8
2,2023-02-10,bear,10,7,6,7
2,2023-03-10,bear,10,7,7,7
2,2023-04-10,bear,10,10,8,12
2,2023-05-11,bear,10,10,10,11
2,2023-06-08,bear,10,10,10,10
2,2023-07-10,bear,10,10,9,10
2,2023-08-07,bear,10,5,4,5
2,2023-09-04,bear,10,10,9,10
2,2023-10-10,bear,10,7,7,7
2,2023-11-07,bear,10,10,8,10
2,2023-12-05,bear,10,10,7,12
2,2024-01-03,bear,10,5,4,1
2,2024-01-31,bear,10,10,8,11
2,2024-03-07,bull_neutral,10,10,7,22
2,2024-04-08,bull_neutral,10,10,6,16
2,2024-05-09,bull_neutral,10,10,5,26
2,2024-06-06,bear,10,10,6,11
2,2024-07-05,bear,10,5,6,4
2,2024-08-02,bear,10,7,7,7
2,2024-08-30,bear,10,10,10,10
2,2024-10-08,bear,10,8,9,8
2,2024-11-05,bear,10,5,6,2
2,2024-12-03,bear,10,6,5,6
2,2024-12-31,bear,10,5,4,1
2,2025-02-06,bear,10,5,4,4
2,2025-03-06,bear,10,9,10,9
2,2025-04-03,bear,10,10,9,10
2,2025-05-07,bull_neutral,10,10,6,22
2,2025-06-05,bull_neutral,10,10,4,24
2,2025-07-03,bull_neutral,10,10,5,18
2,2025-07-31,bull_neutral,10,10,4,21
2,2025-08-28,bull_neutral,10,10,8,21
2,2025-09-25,bull_neutral,10,10,7,19
2,2025-10-31,bull_neutral,10,10,9,20
2,2025-11-28,bull_neutral,10,10,6,25
2,2025-12-26,bull_neutral,10,10,7,17
4,2010-01-08,bull_neutral,10,10,10,23
4,2010-02-05,bull_neutral,10,10,8,21
4,2010-03-12,bull_neutral,10,10,9,18
4,2010-04-12,bull_neutral,10,10,8,23
4,2010-05-11,bull_neutral,10,10,9,22
4,2010-06-08,bull_neutral,10,10,8,22
4,2010-07-09,bull_neutral,10,10,8,19
4,2010-08-06,bull_neutral,10,10,6,24
4,2010-09-03,bull_neutral,10,10,7,21
4,2010-10-13,bull_neutral,10,10,7,22
4,2010-11-10,bull_neutral,10,10,7,15
4,2010-12-08,bull_neutral,10,10,5,23
4,2011-01-06,bull_neutral,10,10,7,21
4,2011-02-10,bull_neutral,10,10,5,27
4,2011-03-10,bull_neutral,10,10,7,22
4,2011-04-11,bull_neutral,10,10,10,10
4,2011-05-10,bear,10,10,10,11
4,2011-06-08,bear,10,10,10,10
4,2011-07-06,bear,10,9,6,9
4,2011-08-03,bear,10,10,9,10
4,2011-08-31,bear,10,10,10,10
4,2011-09-29,bear,10,10,9,11
4,2011-11-03,bear,10,9,8,9
4,2011-12-01,bear,10,9,6,9
4,2011-12-29,bear,10,9,9,9
4,2012-02-06,bull_neutral,10,10,7,19
4,2012-03-05,bull_neutral,10,10,4,22
4,2012-04-05,bull_neutral,10,10,7,20
4,2012-05-07,bear,10,10,7,10
4,2012-06-04,bear,10,5,5,5
4,2012-07-03,bear,10,5,3,0
4,2012-07-31,bear,10,5,4,4
4,2012-08-28,bear,10,5,4,3
4,2012-09-25,bear,10,6,6,6
4,2012-10-30,bear,10,8,7,8
4,2012-11-27,bear,10,10,7,10
4,2012-12-25,bear,10,10,6,11
4,2013-01-25,bear,10,5,4,5
4,2013-03-01,bear,10,5,4,1
4,2013-03-29,bear,10,7,8,7
4,2013-05-03,bear,10,8,7,8
4,2013-05-31,bear,10,5,8,5
4,2013-07-03,bear,10,9,8,9
4,2013-07-31,bear,10,5,6,3
4,2013-08-28,bear,10,6,7,6
4,2013-09-27,bear,10,5,7,5
4,2013-11-01,bear,10,9,9,9
4,2013-11-29,bear,10,8,6,8
4,2013-12-27,bear,10,9,8,9
4,2014-01-27,bear,10,10,9,11
4,2014-03-03,bear,10,7,7,7
4,2014-03-31,bull_neutral,10,10,10,24
4,2014-04-29,bull_neutral,10,10,10,11
4,2014-05-29,bull_neutral,10,10,10,16
4,2014-06-27,bull_neutral,10,10,9,19
4,2014-07-25,bull_neutral,10,10,9,20
4,2014-08-22,bull_neutral,10,10,5,22
4,2014-09-22,bull_neutral,10,10,9,22
4,2014-10-27,bull_neutral,10,10,10,20
4,2014-11-24,bull_neutral,10,10,10,16
4,2014-12-22,bull_neutral,10,10,10,13
4,2015-01-21,bull_neutral,10,10,8,21
4,2015-02-25,bull_neutral,10,10,9,21
4,2015-03-25,bull_neutral,10,10,4,24
4,2015-04-23,bull_neutral,10,10,9,21
4,2015-05-22,bull_neutral,10,10,8,25
4,2015-06-19,bull_neutral,10,10,9,22
4,2015-07-20,bull_neutral,10,10,6,27
4,2015-08-17,bull_neutral,10,10,10,25
4,2015-09-16,bull_neutral,10,10,8,21
4,2015-10-21,bull_neutral,10,10,10,13
4,2015-11-18,bull_neutral,10,10,10,13
4,2015-12-16,bull_neutral,10,10,8,19
4,2016-01-14,bull_neutral,10,10,10,22
4,2016-02-18,bull_neutral,10,10,5,24
4,2016-03-17,bull_neutral,10,10,10,18
4,2016-04-15,bull_neutral,10,10,10,20
4,2016-05-16,bull_neutral,10,10,9,13
4,2016-06-15,bull_neutral,10,10,6,25
4,2016-07-13,bull_neutral,10,10,5,24
4,2016-08-10,bull_neutral,10,10,10,18
4,2016-09-07,bull_neutral,10,10,7,22
4,2016-10-14,bull_neutral,10,10,6,29
4,2016-11-11,bull_neutral,10,10,6,23
4,2016-12-09,bull_neutral,10,10,10,17
4,2017-01-09,bull_neutral,10,10,10,20
4,2017-02-13,bull_neutral,10,10,10,14
4,2017-03-13,bull_neutral,10,10,8,27
4,2017-04-12,bull_neutral,10,10,3,15
4,2017-05-11,bull_neutral,10,10,5,18
4,2017-06-12,bull_neutral,10,10,7,25
4,2017-07-10,bull_neutral,10,10,6,21
4,2017-08-07,bull_neutral,10,10,7,21
4,2017-09-04,bull_neutral,10,10,6,24
4,2017-10-09,bull_neutral,10,10,7,26
4,2017-11-06,bull_neutral,10,10,9,18
4,2017-12-04,bull_neutral,10,10,10,11
4,2018-01-02,bull_neutral,10,10,4,27
4,2018-01-30,bear,10,5,4,1
4,2018-03-06,bear,10,9,5,9
4,2018-04-03,bear,10,10,6,10
4,2018-05-07,bear,10,10,8,12
4,2018-06-04,bear,10,10,8,13
4,2018-07-03,bear,10,9,7,9
4,2018-07-31,bear,10,5,7,2
4,2018-08-28,bear,10,5,5,1
4,2018-09-26,bear,10,10,10,10
4,2018-10-31,bear,10,10,9,11
4,2018-11-28,bear,10,10,7,10
4,2018-12-26,bear,10,7,7,7
4,2019-01-25,bull_neutral,10,10,5,20
4,2019-03-01,bull_neutral,10,10,6,21
4,2019-03-29,bull_neutral,10,10,5,23
4,2019-04-29,bull_neutral,10,10,6,23
4,2019-05-30,bull_neutral,10,10,5,21
4,2019-06-28,bull_neutral,10,10,7,28
4,2019-07-26,bull_neutral,10,10,6,23
4,2019-08-23,bull_neutral,10,10,10,16
4,2019-09-23,bull_neutral,10,10,10,15
4,2019-10-28,bull_neutral,10,10,10,20
4,2019-11-25,bull_neutral,10,10,9,13
4,2019-12-23,bull_neutral,10,10,5,28
4,2020-01-21,bull_neutral,10,10,7,22
4,2020-02-26,bull_neutral,10,10,7,22
4,2020-03-25,bull_neutral,10,10,7,20
4,2020-04-23,bull_neutral,10,10,10,12
4,2020-05-26,bull_neutral,10,10,8,21
4,2020-06-23,bull_neutral,10,10,9,18
4,2020-07-23,bull_neutral,10,10,9,16
4,2020-08-20,bull_neutral,10,10,5,20
4,2020-09-17,bull_neutral,10,10,4,24
4,2020-10-23,bull_neutral,10,10,8,21
4,2020-11-20,bull_neutral,10,10,5,28
4,2020-12-18,bull_neutral,10,10,7,20
4,2021-01-18,bull_neutral,10,10,8,20
4,2021-02-22,bear,10,10,8,10
4,2021-03-22,bear,10,5,4,4
4,2021-04-20,bear,10,10,10,10
4,2021-05-21,bear,10,9,7,9
4,2021-06-21,bear,10,10,6,10
4,2021-07-19,bear,10,5,4,5
4,2021-08-16,bear,10,7,6,7
4,2021-09-13,bear,10,5,4,1
4,2021-10-20,bear,10,10,10,11
4,2021-11-17,bear,10,10,7,10
4,2021-12-15,bear,10,10,9,11
4,2022-01-13,bear,10,10,7,12
4,2022-02-17,bear,10,10,10,10
4,2022-03-17,bear,10,10,9,11
4,2022-04-18,bear,10,7,10,7
4,2022-05-19,bear,10,8,9,8
4,2022-06-17,bear,10,5,6,4
4,2022-07-15,bear,10,10,9,10
4,2022-08-12,bear,10,6,5,6
4,2022-09-09,bear,10,9,7,9
4,2022-10-17,bear,10,5,5,5
4,2022-11-14,bear,10,7,6,7
4,2022-12-12,bear,10,10,5,14
4,2023-01-10,bear,10,9,7,9
4,2023-02-14,bear,10,8,5,8
4,2023-03-14,bear,10,5,7,4
4,2023-04-12,bear,10,10,8,12
4,2023-05-15,bear,10,10,10,10
4,2023-06-12,bear,10,10,10,10
4,2023-07-12,bear,10,10,9,10
4,2023-08-09,bear,10,5,4,2
4,2023-09-06,bear,10,9,9,9
4,2023-10-12,bear,10,9,9,9
4,2023-11-09,bear,10,10,8,10
4,2023-12-07,bear,10,9,8,9
4,2024-01-05,bear,10,5,5,4
4,2024-02-02,bull_neutral,10,10,8,18
4,2024-03-11,bull_neutral,10,10,6,25
4,2024-04-10,bull_neutral,10,10,7,16
4,2024-05-13,bull_neutral,10,10,5,25
4,2024-06-11,bear,10,9,7,9
4,2024-07-09,bear,10,5,5,5
4,2024-08-06,bear,10,9,8,9
4,2024-09-03,bear,10,9,10,9
4,2024-10-10,bear,10,10,8,13
4,2024-11-07,bear,10,5,5,2
4,2024-12-05,bear,10,6,6,6
4,2025-01-03,bear,10,5,4,1
4,2025-02-10,bear,10,5,4,1
4,2025-03-10,bear,10,10,9,11
4,2025-04-08,bull_neutral,10,10,9,21
4,2025-05-09,bull_neutral,10,10,5,26
4,2025-06-09,bull_neutral,10,10,6,26
4,2025-07-07,bull_neutral,10,10,5,21
4,2025-08-04,bull_neutral,10,10,4,17
4,2025-09-01,bull_neutral,10,10,8,23
4,2025-09-29,bull_neutral,10,10,6,19
4,2025-11-04,bull_neutral,10,10,9,20
4,2025-12-02,bull_neutral,10,10,6,24
4,2025-12-30,bull_neutral,10,10,6,19
6,2010-01-12,bull_neutral,10,10,10,20
6,2010-02-09,bull_neutral,10,10,8,20
6,2010-03-16,bull_neutral,10,10,9,17
6,2010-04-14,bull_neutral,10,10,8,23
6,2010-05-13,bull_neutral,10,10,10,21
6,2010-06-10,bull_neutral,10,10,8,24
6,2010-07-13,bull_neutral,10,10,8,19
6,2010-08-10,bull_neutral,10,10,8,20
6,2010-09-07,bull_neutral,10,10,7,22
6,2010-10-15,bull_neutral,10,10,8,21
6,2010-11-12,bull_neutral,10,10,6,18
6,2010-12-10,bull_neutral,10,10,7,22
6,2011-01-10,bull_neutral,10,10,5,25
6,2011-02-14,bull_neutral,10,10,6,28
6,2011-03-14,bull_neutral,10,10,7,20
6,2011-04-13,bear,10,10,10,10
6,2011-05-12,bear,10,10,10,10
6,2011-06-10,bear,10,10,10,11
6,2011-07-08,bear,10,5,7,5
6,2011-08-05,bear,10,10,8,12
6,2011-09-02,bear,10,10,10,11
6,2011-10-10,bear,10,10,9,10
6,2011-11-07,bear,10,10,8,10
6,2011-12-05,bear,10,8,7,8
6,2012-01-04,bear,10,9,9,9
6,2012-02-08,bull_neutral,10,10,7,20
6,2012-03-07,bull_neutral,10,10,6,25
6,2012-04-09,bull_neutral,10,10,8,21
6,2012-05-09,bear,10,10,7,11
6,2012-06-06,bear,10,5,5,4
6,2012-07-05,bear,10,5,5,3
6,2012-08-02,bear,10,5,4,4
6,2012-08-30,bear,10,5,4,2
6,2012-09-27,bear,10,6,6,6
6,2012-11-01,bear,10,9,9,9
6,2012-11-29,bear,10,8,6,8
6,2012-12-27,bear,10,10,6,11
6,2013-01-29,bear,10,5,4,5
6,2013-03-05,bear,10,5,3,0
6,2013-04-02,bear,10,8,9,8
6,2013-05-07,bear,10,7,7,7
6,2013-06-04,bear,10,8,9,8
6,2013-07-05,bear,10,9,8,9
6,2013-08-02,bear,10,5,5,5
6,2013-08-30,bear,10,7,8,7
6,2013-10-08,bear,10,7,7,7
6,2013-11-05,bear,10,10,9,11
6,2013-12-03,bear,10,9,6,9
6,2013-12-31,bear,10,10,8,10
6,2014-01-29,bear,10,8,10,8
6,2014-03-05,bear,10,6,8,6
6,2014-04-02,bull_neutral,10,10,8,23
6,2014-05-05,bull_neutral,10,10,10,15
6,2014-06-03,bull_neutral,10,10,9,14
6,2014-07-01,bull_neutral,10,10,8,19
6,2014-07-29,bull_neutral,10,10,6,23
6,2014-08-26,bull_neutral,10,10,6,26
6,2014-09-24,bull_neutral,10,10,9,21
6,2014-10-29,bull_neutral,10,10,9,20
6,2014-11-26,bull_neutral,10,10,10,15
6,2014-12-24,bull_neutral,10,10,10,15
6,2015-01-23,bull_neutral,10,10,7,21
6,2015-02-27,bull_neutral,10,10,6,24
6,2015-03-27,bull_neutral,10,10,5,21
6,2015-04-27,bull_neutral,10,10,9,22
6,2015-05-26,bull_neutral,10,10,9,21
6,2015-06-24,bull_neutral,10,10,9,20
6,2015-07-22,bull_neutral,10,10,7,21
6,2015-08-19,bull_neutral,10,10,10,25
6,2015-09-18,bull_neutral,10,10,8,19
6,2015-10-23,bull_neutral,10,10,10,15
6,2015-11-20,bull_neutral,10,10,8,13
6,2015-12-18,bull_neutral,10,10,8,26
6,2016-01-18,bull_neutral,10,10,10,22
6,2016-02-22,bull_neutral,10,10,5,24
6,2016-03-21,bull_neutral,10,10,10,18
6,2016-04-19,bull_neutral,10,10,8,21
6,2016-05-18,bull_neutral,10,10,8,25
6,2016-06-17,bull_neutral,10,10,7,23
6,2016-07-15,bull_neutral,10,10,5,25
6,2016-08-12,bull_neutral,10,10,10,18
6,2016-09-09,bull_neutral,10,10,7,21
6,2016-10-18,bull_neutral,10,10,6,29
6,2016-11-15,bull_neutral,10,10,8,24
6,2016-12-13,bull_neutral,10,10,10,17
6,2017-01-11,bull_neutral,10,10,10,19
6,2017-02-15,bull_neutral,10,10,10,16
6,2017-03-15,bull_neutral,10,10,7,28
6,2017-04-14,bull_neutral,10,10,4,17
6,2017-05-15,bull_neutral,10,10,5,25
6,2017-06-14,bull_neutral,10,10,6,28
6,2017-07-12,bull_neutral,10,10,8,19
6,2017-08-09,bull_neutral,10,10,7,24
6,2017-09-06,bull_neutral,10,10,6,24
6,2017-10-11,bull_neutral,10,10,7,25
6,2017-11-08,bull_neutral,10,10,9,18
6,2017-12-06,bull_neutral,10,10,10,11
6,2018-01-04,bull_neutral,10,10,5,27
6,2018-02-01,bear,10,6,5,6
6,2018-03-08,bear,10,5,6,4
6,2018-04-09,bear,10,8,5,8
6,2018-05-09,bear,10,10,8,13
6,2018-06-06,bear,10,10,9,12
6,2018-07-05,bear,10,6,6,6
6,2018-08-02,bear,10,5,4,2
6,2018-08-30,bear,10,5,4,2
6,2018-09-28,bear,10,10,10,10
6,2018-11-02,bear,10,9,9,9
6,2018-11-30,bear,10,5,5,1
6,2018-12-28,bear,10,7,7,7
6,2019-01-29,bull_neutral,10,10,5,24
6,2019-03-05,bull_neutral,10,10,7,17
6,2019-04-02,bull_neutral,10,10,5,22
6,2019-05-06,bull_neutral,10,10,6,19
6,2019-06-03,bull_neutral,10,10,5,30
6,2019-07-02,bull_neutral,10,10,7,27
6,2019-07-30,bull_neutral,10,10,7,23
6,2019-08-27,bull_neutral,10,10,10,14
6,2019-09-25,bull_neutral,10,10,10,15
6,2019-10-30,bull_neutral,10,10,10,19
6,2019-11-27,bull_neutral,10,10,9,13
6,2019-12-25,bull_neutral,10,10,6,30
6,2020-01-23,bull_neutral,10,10,8,21
6,2020-02-28,bull_neutral,10,10,7,19
6,2020-03-27,bull_neutral,10,10,7,18
6,2020-04-27,bull_neutral,10,10,10,11
6,2020-05-28,bull_neutral,10,10,8,20
6,2020-06-29,bull_neutral,10,10,10,13
6,2020-07-27,bull_neutral,10,10,9,18
6,2020-08-24,bull_neutral,10,10,5,18
6,2020-09-21,bull_neutral,10,10,4,23
6,2020-10-27,bull_neutral,10,10,8,22
6,2020-11-24,bull_neutral,10,10,4,29
6,2020-12-22,bull_neutral,10,10,6,27
6,2021-01-20,bull_neutral,10,10,7,22
6,2021-02-24,bear,10,9,6,9
6,2021-03-24,bear,10,5,4,4
6,2021-04-22,bear,10,10,7,11
6,2021-05-25,bear,10,10,7,11
6,2021-06-23,bear,10,10,7,10
6,2021-07-21,bear,10,5,5,4
6,2021-08-18,bear,10,6,6,6
6,2021-09-15,bear,10,5,4,1
6,2021-10-22,bear,10,10,10,10
6,2021-11-19,bear,10,10,7,11
6,2021-12-17,bear,10,10,8,11
6,2022-01-17,bear,10,10,7,10
6,2022-02-21,bear,10,10,10,10
6,2022-03-21,bear,10,10,9,10
6,2022-04-20,bear,10,10,9,10
6,2022-05-23,bear,10,5,8,4
6,2022-06-21,bear,10,6,7,6
6,2022-07-19,bear,10,8,8,8
6,2022-08-16,bear,10,5,5,3
6,2022-09-14,bear,10,10,9,11
6,2022-10-19,bear,10,10,4,10
6,2022-11-16,bear,10,8,5,8
6,2022-12-14,bear,10,10,5,14
6,2023-01-12,bear,10,7,6,7
6,2023-02-16,bear,10,6,6,6
6,2023-03-16,bear,10,10,6,11
6,2023-04-14,bear,10,10,8,12
6,2023-05-17,bear,10,10,10,10
6,2023-06-14,bear,10,10,9,10
6,2023-07-14,bear,10,10,10,10
6,2023-08-11,bear,10,5,6,5
6,2023-09-08,bear,10,9,8,9
6,2023-10-16,bear,10,10,9,10
6,2023-11-13,bear,10,8,8,8
6,2023-12-11,bear,10,9,8,9
6,2024-01-09,bear,10,6,5,6
6,2024-02-06,bull_neutral,10,10,8,18
6,2024-03-13,bull_neutral,10,10,6,24
6,2024-04-12,bull_neutral,10,10,5,22
6,2024-05-15,bull_neutral,10,10,6,25
6,2024-06-13,bear,10,5,3,0
6,2024-07-11,bear,10,9,4,9
6,2024-08-08,bear,10,10,9,10
6,2024-09-05,bear,10,9,10,9
6,2024-10-14,bear,10,5,5,5
6,2024-11-11,bear,10,5,4,2
6,2024-12-09,bear,10,6,7,6
6,2025-01-07,bear,10,5,3,0
6,2025-02-12,bear,10,5,4,1
6,2025-03-12,bear,10,9,9,9
6,2025-04-10,bull_neutral,10,10,8,22
6,2025-05-13,bull_neutral,10,10,5,25
6,2025-06-11,bull_neutral,10,10,4,25
6,2025-07-09,bull_neutral,10,10,4,25
6,2025-08-06,bull_neutral,10,10,4,18
6,2025-09-03,bull_neutral,10,10,8,22
6,2025-10-09,bull_neutral,10,10,7,26
6,2025-11-06,bull_neutral,10,10,8,21
6,2025-12-04,bull_neutral,10,10,7,19
8,2010-01-14,bull_neutral,10,10,10,22
8,2010-02-11,bull_neutral,10,10,10,18
8,2010-03-18,bull_neutral,10,10,9,18
8,2010-04-16,bull_neutral,10,10,9,23
8,2010-05-17,bull_neutral,10,10,9,23
8,2010-06-17,bull_neutral,10,10,8,24
8,2010-07-15,bull_neutral,10,10,7,20
8,2010-08-12,bull_neutral,10,10,10,21
8,2010-09-09,bull_neutral,10,10,7,22
8,2010-10-19,bull_neutral,10,10,8,22
8,2010-11-16,bull_neutral,10,10,4,23
8,2010-12-14,bull_neutral,10,10,6,23
8,2011-01-12,bull_neutral,10,10,6,27
8,2011-02-16,bull_neutral,10,10,5,25
8,2011-03-16,bull_neutral,10,10,6,23
8,2011-04-15,bear,10,10,10,10
8,2011-05-16,bear,10,10,10,10
8,2011-06-14,bear,10,10,10,11
8,2011-07-12,bear,10,6,6,6
8,2011-08-09,bear,10,10,10,12
8,2011-09-06,bear,10,10,10,12
8,2011-10-12,bear,10,10,9,10
8,2011-11-09,bear,10,10,8,10
8,2011-12-07,bear,10,9,7,9
8,2012-01-06,bull_neutral,10,10,8,18
8,2012-02-10,bull_neutral,10,10,7,19
8,2012-03-09,bull_neutral,10,10,6,23
8,2012-04-11,bull_neutral,10,10,7,21
8,2012-05-11,bear,10,9,8,9
8,2012-06-08,bear,10,5,5,5
8,2012-07-09,bear,10,5,5,5
8,2012-08-06,bear,10,5,6,4
8,2012-09-03,bear,10,5,4,5
8,2012-10-08,bear,10,7,7,7
8,2012-11-05,bear,10,9,10,9
8,2012-12-03,bear,10,9,6,9
8,2012-12-31,bear,10,8,7,8
8,2013-01-31,bear,10,9,6,9
8,2013-03-07,bear,10,5,5,3
8,2013-04-08,bear,10,8,10,8
8,2013-05-09,bear,10,10,8,10
8,2013-06-06,bear,10,8,10,8
8,2013-07-09,bear,10,8,7,8
8,2013-08-06,bear,10,5,5,5
8,2013-09-03,bear,10,5,8,5
8,2013-10-10,bear,10,8,7,8
8,2013-11-07,bear,10,10,8,10
8,2013-12-05,bear,10,9,5,9
8,2014-01-03,bear,10,10,9,12
8,2014-02-07,bear,10,7,9,7
8,2014-03-07,bear,10,7,7,7
8,2014-04-04,bull_neutral,10,10,10,21
8,2014-05-07,bull_neutral,10,10,10,15
8,2014-06-05,bull_neutral,10,10,9,17
8,2014-07-03,bull_neutral,10,10,8,19
8,2014-07-31,bull_neutral,10,10,6,21
8,2014-08-28,bull_neutral,10,10,7,26
8,2014-09-26,bull_neutral,10,10,10,19
8,2014-10-31,bull_neutral,10,10,10,19
8,2014-11-28,bull_neutral,10,10,10,14
8,2014-12-26,bull_neutral,10,10,10,13
8,2015-01-27,bull_neutral,10,10,7,24
8,2015-03-03,bull_neutral,10,10,5,24
8,2015-03-31,bull_neutral,10,10,6,19
8,2015-04-29,bull_neutral,10,10,9,22
8,2015-05-28,bull_neutral,10,10,8,21
8,2015-06-26,bull_neutral,10,10,8,23
8,2015-07-24,bull_neutral,10,10,8,19
8,2015-08-21,bull_neutral,10,10,10,25
8,2015-09-22,bull_neutral,10,10,8,22
8,2015-10-27,bull_neutral,10,10,10,15
8,2015-11-24,bull_neutral,10,10,5,25
8,2015-12-22,bull_neutral,10,10,8,22
8,2016-01-20,bull_neutral,10,10,9,25
8,2016-02-24,bull_neutral,10,10,6,23
8,2016-03-23,bull_neutral,10,10,10,18
8,2016-04-21,bull_neutral,10,10,9,14
8,2016-05-20,bull_neutral,10,10,8,25
8,2016-06-21,bull_neutral,10,10,7,24
8,2016-07-19,bull_neutral,10,10,6,23
8,2016-08-16,bull_neutral,10,10,10,17
8,2016-09-13,bull_neutral,10,10,6,26
8,2016-10-20,bull_neutral,10,10,6,28
8,2016-11-17,bull_neutral,10,10,8,22
8,2016-12-15,bull_neutral,10,10,10,17
8,2017-01-13,bull_neutral,10,10,10,14
8,2017-02-17,bull_neutral,10,10,10,16
8,2017-03-17,bull_neutral,10,10,6,24
8,2017-04-18,bull_neutral,10,10,6,17
8,2017-05-17,bull_neutral,10,10,3,22
8,2017-06-16,bull_neutral,10,10,6,24
8,2017-07-14,bull_neutral,10,10,6,22
8,2017-08-11,bull_neutral,10,10,8,23
8,2017-09-08,bull_neutral,10,10,5,28
8,2017-10-13,bull_neutral,10,10,6,27
8,2017-11-10,bull_neutral,10,10,9,17
8,2017-12-08,bull_neutral,10,10,10,11
8,2018-01-08,bull_neutral,10,10,5,23
8,2018-02-05,bear,10,6,7,6
8,2018-03-12,bear,10,10,6,11
8,2018-04-11,bear,10,5,5,4
8,2018-05-11,bear,10,10,8,11
8,2018-06-08,bear,10,10,9,12
8,2018-07-09,bear,10,5,4,2
8,2018-08-06,bear,10,5,7,2
8,2018-09-03,bear,10,5,5,2
8,2018-10-09,bear,10,10,10,10
8,2018-11-06,bear,10,10,9,10
8,2018-12-04,bear,10,5,4,3
8,2019-01-03,bull_neutral,10,10,6,28
8,2019-01-31,bull_neutral,10,10,5,24
8,2019-03-07,bull_neutral,10,10,6,26
8,2019-04-04,bull_neutral,10,10,6,22
8,2019-05-08,bull_neutral,10,10,7,23
8,2019-06-05,bull_neutral,10,10,6,28
8,2019-07-04,bull_neutral,10,10,7,27
8,2019-08-01,bull_neutral,10,10,7,21
8,2019-08-29,bull_neutral,10,10,10,14
8,2019-09-27,bull_neutral,10,10,10,20
8,2019-11-01,bull_neutral,10,10,9,19
8,2019-11-29,bull_neutral,10,10,9,11
8,2019-12-27,bull_neutral,10,10,6,29
8,2020-02-04,bull_neutral,10,10,7,20
8,2020-03-03,bull_neutral,10,10,7,22
8,2020-03-31,bull_neutral,10,10,7,20
8,2020-04-29,bull_neutral,10,10,10,11
8,2020-06-01,bull_neutral,10,10,10,19
8,2020-07-01,bull_neutral,10,10,10,16
8,2020-07-29,bull_neutral,10,10,8,15
8,2020-08-26,bull_neutral,10,10,4,19
8,2020-09-23,bull_neutral,10,10,5,21
8,2020-10-29,bull_neutral,10,10,5,25
8,2020-11-26,bull_neutral,10,10,5,29
8,2020-12-24,bull_neutral,10,10,7,23
8,2021-01-22,bull_neutral,10,10,7,25
8,2021-02-26,bear,10,9,6,9
8,2021-03-26,bear,10,5,4,1
8,2021-04-26,bear,10,6,5,6
8,2021-05-27,bear,10,10,8,10
8,2021-06-25,bear,10,9,9,9
8,2021-07-23,bear,10,5,4,3
8,2021-08-20,bear,10,5,6,5
8,2021-09-17,bear,10,5,4,3
8,2021-10-26,bear,10,10,10,10
8,2021-11-23,bear,10,10,7,10
8,2021-12-21,bear,10,10,8,14
8,2022-01-19,bear,10,10,6,13
8,2022-02-23,bear,10,10,10,11
8,2022-03-23,bear,10,10,9,11
8,2022-04-22,bear,10,10,9,10
8,2022-05-25,bear,10,5,7,5
8,2022-06-23,bear,10,6,5,6
8,2022-07-21,bear,10,7,8,7
8,2022-08-18,bear,10,5,4,2
8,2022-09-16,bear,10,8,6,8
8,2022-10-21,bear,10,5,4,2
8,2022-11-18,bear,10,9,7,9
8,2022-12-16,bear,10,10,5,14
8,2023-01-16,bear,10,8,7,8
8,2023-02-20,bear,10,7,7,7
8,2023-03-20,bear,10,9,5,9
8,2023-04-18,bear,10,10,7,12
8,2023-05-19,bear,10,10,10,10
8,2023-06-16,bear,10,10,9,10
8,2023-07-18,bear,10,10,10,10
8,2023-08-15,bear,10,5,6,5
8,2023-09-12,bear,10,9,10,9
8,2023-10-18,bear,10,10,9,11
8,2023-11-15,bear,10,8,6,8
8,2023-12-13,bear,10,9,7,9
8,2024-01-11,bear,10,5,6,5
8,2024-02-08,bull_neutral,10,10,8,22
8,2024-03-15,bull_neutral,10,10,4,22
8,2024-04-16,bull_neutral,10,10,5,23
8,2024-05-17,bull_neutral,10,10,7,25
8,2024-06-17,bear,10,5,4,1
8,2024-07-15,bear,10,7,6,7
8,2024-08-12,bear,10,9,10,9
8,2024-09-09,bear,10,10,10,11
8,2024-10-16,bear,10,5,4,2
8,2024-11-13,bear,10,5,4,4
8,2024-12-11,bear,10,6,6,6
8,2025-01-09,bear,10,5,3,0
8,2025-02-14,bear,10,5,4,1
8,2025-03-14,bear,10,8,9,8
8,2025-04-14,bull_neutral,10,10,9,21
8,2025-05-15,bull_neutral,10,10,6,22
8,2025-06-13,bull_neutral,10,10,8,22
8,2025-07-11,bull_neutral,10,10,4,21
8,2025-08-08,bull_neutral,10,10,4,22
8,2025-09-05,bull_neutral,10,10,8,17
8,2025-10-13,bull_neutral,10,10,6,25
8,2025-11-10,bull_neutral,10,10,8,20
8,2025-12-08,bull_neutral,10,10,5,17
10,2010-01-18,bull_neutral,10,10,8,24
10,2010-02-22,bull_neutral,10,10,9,20
10,2010-03-22,bull_neutral,10,10,8,17
10,2010-04-20,bull_neutral,10,10,9,20
10,2010-05-19,bull_neutral,10,10,9,23
10,2010-06-21,bull_neutral,10,10,8,22
10,2010-07-19,bull_neutral,10,10,6,26
10,2010-08-16,bull_neutral,10,10,8,25
10,2010-09-13,bull_neutral,10,10,7,30
10,2010-10-21,bull_neutral,10,10,7,23
10,2010-11-18,bull_neutral,10,10,5,22
10,2010-12-16,bull_neutral,10,10,6,22
10,2011-01-14,bull_neutral,10,10,7,25
10,2011-02-18,bull_neutral,10,10,5,25
10,2011-03-18,bull_neutral,10,10,6,22
10,2011-04-19,bear,10,10,10,11
10,2011-05-18,bear,10,10,10,10
10,2011-06-16,bear,10,10,10,12
10,2011-07-14,bear,10,7,5,7
10,2011-08-11,bear,10,10,10,11
10,2011-09-08,bear,10,10,10,10
10,2011-10-14,bear,10,10,9,10
10,2011-11-11,bear,10,10,8,10
10,2011-12-09,bear,10,10,8,10
10,2012-01-10,bull_neutral,10,10,8,16
10,2012-02-14,bull_neutral,10,10,6,20
10,2012-03-13,bull_neutral,10,10,7,18
10,2012-04-13,bull_neutral,10,10,6,17
10,2012-05-15,bear,10,10,7,10
10,2012-06-12,bear,10,5,5,5
10,2012-07-11,bear,10,6,5,6
10,2012-08-08,bear,10,5,7,5
10,2012-09-05,bear,10,7,4,7
10,2012-10-10,bear,10,6,6,6
10,2012-11-07,bear,10,10,9,11
10,2012-12-05,bear,10,8,7,8
10,2013-01-07,bear,10,6,6,6
10,2013-02-04,bear,10,5,4,2
10,2013-03-11,bear,10,5,6,3
10,2013-04-10,bear,10,8,9,8
10,2013-05-13,bear,10,10,8,11
10,2013-06-13,bear,10,10,10,10
10,2013-07-11,bear,10,8,7,8
10,2013-08-08,bear,10,5,5,5
10,2013-09-05,bear,10,5,7,5
10,2013-10-14,bear,10,10,8,10
10,2013-11-11,bear,10,10,8,10
10,2013-12-09,bear,10,8,6,8
10,2014-01-07,bear,10,10,9,12
10,2014-02-11,bear,10,7,7,7
10,2014-03-11,bear,10,6,7,6
10,2014-04-09,bull_neutral,10,10,8,25
10,2014-05-09,bull_neutral,10,10,10,15
10,2014-06-09,bull_neutral,10,10,9,20
10,2014-07-07,bull_neutral,10,10,9,18
10,2014-08-04,bull_neutral,10,10,6,21
10,2014-09-01,bull_neutral,10,10,7,25
10,2014-09-30,bull_neutral,10,10,10,20
10,2014-11-04,bull_neutral,10,10,10,18
10,2014-12-02,bull_neutral,10,10,10,11
10,2014-12-30,bull_neutral,10,10,10,13
10,2015-01-29,bull_neutral,10,10,5,26
10,2015-03-05,bull_neutral,10,10,4,23
10,2015-04-02,bull_neutral,10,10,8,21
10,2015-05-04,bull_neutral,10,10,8,23
10,2015-06-01,bull_neutral,10,10,9,21
10,2015-06-30,bull_neutral,10,10,7,23
10,2015-07-28,bull_neutral,10,10,8,21
10,2015-08-25,bull_neutral,10,10,8,26
10,2015-09-24,bull_neutral,10,10,9,19
10,2015-10-29,bull_neutral,10,10,10,13
10,2015-11-26,bull_neutral,10,10,6,27
10,2015-12-24,bull_neutral,10,10,8,21
10,2016-01-22,bull_neutral,10,10,9,20
10,2016-02-26,bull_neutral,10,10,6,26
10,2016-03-25,bull_neutral,10,10,10,19
10,2016-04-25,bull_neutral,10,10,9,18
10,2016-05-24,bull_neutral,10,10,8,22
10,2016-06-23,bull_neutral,10,10,7,20
10,2016-07-21,bull_neutral,10,10,6,17
10,2016-08-18,bull_neutral,10,10,10,17
10,2016-09-19,bull_neutral,10,10,6,28
10,2016-10-24,bull_neutral,10,10,6,32
10,2016-11-21,bull_neutral,10,10,10,15
10,2016-12-19,bull_neutral,10,10,10,18
10,2017-01-17,bull_neutral,10,10,10,13
10,2017-02-21,bull_neutral,10,10,10,18
10,2017-03-21,bull_neutral,10,10,6,19
10,2017-04-20,bull_neutral,10,10,6,18
10,2017-05-19,bull_neutral,10,10,4,21
10,2017-06-20,bull_neutral,10,10,6,24
10,2017-07-18,bull_neutral,10,10,6,27
10,2017-08-15,bull_neutral,10,10,7,25
10,2017-09-12,bull_neutral,10,10,6,26
10,2017-10-17,bull_neutral,10,10,7,25
10,2017-11-14,bull_neutral,10,10,9,18
10,2017-12-12,bull_neutral,10,10,10,10
10,2018-01-10,bull_neutral,10,10,4,21
10,2018-02-07,bear,10,5,7,5
10,2018-03-14,bear,10,7,6,7
10,2018-04-13,bear,10,6,4,6
10,2018-05-15,bear,10,10,8,10
10,2018-06-12,bear,10,9,8,9
10,2018-07-11,bear,10,5,3,0
10,2018-08-08,bear,10,5,3,0
10,2018-09-05,bear,10,5,5,2
10,2018-10-11,bear,10,10,10,10
10,2018-11-08,bear,10,9,9,9
10,2018-12-06,bear,10,5,5,4
10,2019-01-07,bull_neutral,10,10,5,27
10,2019-02-11,bull_neutral,10,10,5,22
10,2019-03-11,bull_neutral,10,10,4,27
10,2019-04-09,bull_neutral,10,10,6,24
10,2019-05-10,bull_neutral,10,10,6,21
10,2019-06-10,bull_neutral,10,10,4,37
10,2019-07-08,bull_neutral,10,10,7,29
10,2019-08-05,bull_neutral,10,10,7,22
10,2019-09-02,bull_neutral,10,10,10,14
10,2019-10-08,bull_neutral,10,10,10,20
10,2019-11-05,bull_neutral,10,10,10,15
10,2019-12-03,bull_neutral,10,10,9,19
10,2019-12-31,bull_neutral,10,10,6,22
10,2020-02-06,bull_neutral,10,10,8,19
10,2020-03-05,bull_neutral,10,10,7,23
10,2020-04-02,bull_neutral,10,10,8,21
10,2020-05-06,bull_neutral,10,10,9,12
10,2020-06-03,bull_neutral,10,10,9,17
10,2020-07-03,bull_neutral,10,10,10,13
10,2020-07-31,bull_neutral,10,10,8,16
10,2020-08-28,bull_neutral,10,10,6,18
10,2020-09-25,bull_neutral,10,10,7,20
10,2020-11-02,bull_neutral,10,10,5,27
10,2020-11-30,bull_neutral,10,10,5,26
10,2020-12-28,bull_neutral,10,10,6,21
10,2021-01-26,bull_neutral,10,10,7,23
10,2021-03-02,bear,10,10,6,10
10,2021-03-30,bear,10,5,7,3
10,2021-04-28,bear,10,8,5,8
10,2021-05-31,bear,10,9,7,9
10,2021-06-29,bear,10,9,9,9
10,2021-07-27,bear,10,5,4,3
10,2021-08-24,bear,10,5,5,5
10,2021-09-23,bear,10,9,8,9
10,2021-10-28,bear,10,10,10,10
10,2021-11-25,bear,10,10,6,10
10,2021-12-23,bear,10,10,9,10
10,2022-01-21,bear,10,10,6,10
10,2022-02-25,bear,10,10,10,11
10,2022-03-25,bear,10,10,10,11
10,2022-04-26,bear,10,10,9,10
10,2022-05-27,bear,10,5,5,3
10,2022-06-27,bear,10,6,6,6
10,2022-07-25,bear,10,5,8,5
10,2022-08-22,bear,10,5,4,2
10,2022-09-20,bear,10,7,8,7
10,2022-10-25,bear,10,5,3,0
10,2022-11-22,bear,10,9,7,9
10,2022-12-20,bear,10,10,5,15
10,2023-01-18,bear,10,6,6,6
10,2023-02-22,bear,10,7,7,7
10,2023-03-22,bear,10,7,6,7
10,2023-04-20,bear,10,10,7,11
10,2023-05-23,bear,10,10,10,10
10,2023-06-20,bear,10,10,7,10
10,2023-07-20,bear,10,10,10,10
10,2023-08-17,bear,10,5,7,5
10,2023-09-14,bear,10,10,10,10
10,2023-10-20,bear,10,9,9,9
10,2023-11-17,bear,10,8,5,8
10,2023-12-15,bear,10,8,7,8
10,2024-01-15,bear,10,5,5,5
10,2024-02-20,bull_neutral,10,10,8,20
10,2024-03-19,bull_neutral,10,10,5,20
10,2024-04-18,bull_neutral,10,10,6,23
10,2024-05-21,bear,10,8,8,8
10,2024-06-19,bear,10,5,6,2
10,2024-07-17,bear,10,6,4,6
10,2024-08-14,bear,10,9,9,9
10,2024-09-11,bear,10,9,10,9
10,2024-10-18,bear,10,7,6,7
10,2024-11-15,bear,10,5,4,2
10,2024-12-13,bear,10,6,6,6
10,2025-01-13,bear,10,5,3,0
10,2025-02-18,bear,10,5,4,1
10,2025-03-18,bear,10,8,9,8
10,2025-04-16,bull_neutral,10,10,8,19
10,2025-05-19,bull_neutral,10,10,6,23
10,2025-06-17,bull_neutral,10,10,8,27
10,2025-07-15,bull_neutral,10,10,4,22
10,2025-08-12,bull_neutral,10,10,5,16
10,2025-09-09,bull_neutral,10,10,7,17
10,2025-10-15,bull_neutral,10,10,6,23
10,2025-11-12,bull_neutral,10,10,8,19
10,2025-12-10,bull_neutral,10,10,5,17
12,2010-01-20,bull_neutral,10,10,8,23
12,2010-02-24,bull_neutral,10,10,9,20
12,2010-03-24,bull_neutral,10,10,8,17
12,2010-04-22,bull_neutral,10,10,10,19
12,2010-05-21,bull_neutral,10,10,9,23
12,2010-06-23,bull_neutral,10,10,8,22
12,2010-07-21,bull_neutral,10,10,4,28
12,2010-08-18,bull_neutral,10,10,6,27
12,2010-09-15,bull_neutral,10,10,6,30
12,2010-10-25,bull_neutral,10,10,7,23
12,2010-11-22,bull_neutral,10,10,6,19
12,2010-12-20,bull_neutral,10,10,7,19
12,2011-01-18,bull_neutral,10,10,7,26
12,2011-02-22,bull_neutral,10,10,5,25
12,2011-03-22,bull_neutral,10,10,6,20
12,2011-04-21,bear,10,10,10,11
12,2011-05-20,bear,10,10,10,10
12,2011-06-20,bear,10,10,10,13
12,2011-07-18,bear,10,8,6,8
12,2011-08-15,bear,10,10,10,10
12,2011-09-13,bear,10,10,10,11
12,2011-10-18,bear,10,9,8,9
12,2011-11-15,bear,10,10,8,10
12,2011-12-13,bear,10,10,8,10
12,2012-01-12,bull_neutral,10,10,8,16
12,2012-02-16,bull_neutral,10,10,5,22
12,2012-03-15,bull_neutral,10,10,8,21
12,2012-04-17,bull_neutral,10,10,6,16
12,2012-05-17,bear,10,9,7,9
12,2012-06-14,bear,10,5,4,1
12,2012-07-13,bear,10,10,6,10
12,2012-08-10,bear,10,5,6,2
12,2012-09-07,bear,10,7,6,7
12,2012-10-12,bear,10,5,5,2
12,2012-11-09,bear,10,10,8,10
12,2012-12-07,bear,10,10,8,12
12,2013-01-09,bear,10,8,5,8
12,2013-02-06,bear,10,5,4,2
12,2013-03-13,bear,10,5,4,2
12,2013-04-12,bear,10,9,9,9
12,2013-05-15,bear,10,10,8,10
12,2013-06-17,bear,10,9,8,9
12,2013-07-15,bear,10,9,8,9
12,2013-08-12,bear,10,5,5,5
12,2013-09-09,bear,10,5,7,5
12,2013-10-16,bear,10,10,9,10
12,2013-11-13,bear,10,10,8,11
12,2013-12-11,bear,10,7,7,7
12,2014-01-09,bear,10,10,9,12
12,2014-02-13,bear,10,6,7,6
12,2014-03-13,bear,10,6,8,6
12,2014-04-11,bull_neutral,10,10,10,22
12,2014-05-13,bull_neutral,10,10,10,16
12,2014-06-11,bull_neutral,10,10,9,20
12,2014-07-09,bull_neutral,10,10,8,16
12,2014-08-06,bull_neutral,10,10,6,20
12,2014-09-03,bull_neutral,10,10,8,29
12,2014-10-09,bull_neutral,10,10,10,19
12,2014-11-06,bull_neutral,10,10,9,21
12,2014-12-04,bull_neutral,10,10,9,13
12,2015-01-05,bull_neutral,10,10,9,14
12,2015-02-02,bull_neutral,10,10,7,26
12,2015-03-09,bull_neutral,10,10,4,24
12,2015-04-07,bull_neutral,10,10,9,20
12,2015-05-06,bull_neutral,10,10,8,23
12,2015-06-03,bull_neutral,10,10,9,22
12,2015-07-02,bull_neutral,10,10,8,13
12,2015-07-30,bull_neutral,10,10,8,19
12,2015-08-27,bull_neutral,10,10,8,27
12,2015-09-28,bull_neutral,10,10,9,16
12,2015-11-02,bull_neutral,10,10,10,14
12,2015-11-30,bull_neutral,10,10,7,27
12,2015-12-28,bull_neutral,10,10,8,20
12,2016-01-26,bull_neutral,10,10,8,21
12,2016-03-01,bull_neutral,10,10,8,25
12,2016-03-29,bull_neutral,10,10,10,19
12,2016-04-27,bull_neutral,10,10,10,15
12,2016-05-26,bull_neutral,10,10,9,15
12,2016-06-27,bull_neutral,10,10,7,21
12,2016-07-25,bull_neutral,10,10,8,16
12,2016-08-22,bull_neutral,10,10,10,13
12,2016-09-21,bull_neutral,10,10,5,25
12,2016-10-26,bull_neutral,10,10,6,30
12,2016-11-23,bull_neutral,10,10,10,15
12,2016-12-21,bull_neutral,10,10,10,17
12,2017-01-19,bull_neutral,10,10,10,14
12,2017-02-23,bull_neutral,10,10,10,16
12,2017-03-23,bull_neutral,10,10,6,23
12,2017-04-24,bull_neutral,10,10,6,17
12,2017-05-23,bull_neutral,10,10,4,25
12,2017-06-22,bull_neutral,10,10,6,23
12,2017-07-20,bull_neutral,10,10,6,24
12,2017-08-17,bull_neutral,10,10,7,19
12,2017-09-14,bull_neutral,10,10,6,20
12,2017-10-19,bull_neutral,10,10,6,23
12,2017-11-16,bull_neutral,10,10,9,16
12,2017-12-14,bull_neutral,10,10,7,20
12,2018-01-12,bull_neutral,10,10,4,30
12,2018-02-09,bear,10,5,8,5
12,2018-03-16,bear,10,6,9,6
12,2018-04-17,bear,10,5,5,4
12,2018-05-17,bear,10,10,7,10
12,2018-06-14,bear,10,10,9,11
12,2018-07-13,bear,10,5,4,2
12,2018-08-10,bear,10,5,4,2
12,2018-09-07,bear,10,6,5,6
12,2018-10-15,bear,10,10,10,10
12,2018-11-12,bear,10,9,9,9
12,2018-12-10,bear,10,5,5,4
12,2019-01-09,bull_neutral,10,10,5,28
12,2019-02-13,bull_neutral,10,10,6,20
12,2019-03-13,bull_neutral,10,10,6,25
12,2019-04-11,bull_neutral,10,10,7,23
12,2019-05-14,bull_neutral,10,10,4,23
12,2019-06-12,bull_neutral,10,10,7,24
12,2019-07-10,bull_neutral,10,10,7,28
12,2019-08-07,bull_neutral,10,10,7,21
12,2019-09-04,bull_neutral,10,10,10,14
12,2019-10-10,bull_neutral,10,10,10,20
12,2019-11-07,bull_neutral,10,10,9,13
12,2019-12-05,bull_neutral,10,10,8,18
12,2020-01-03,bull_neutral,10,10,8,19
12,2020-02-10,bull_neutral,10,10,8,19
12,2020-03-09,bull_neutral,10,10,7,22
12,2020-04-07,bull_neutral,10,10,8,21
12,2020-05-08,bull_neutral,10,10,9,12
12,2020-06-05,bull_neutral,10,10,10,18
12,2020-07-07,bull_neutral,10,10,10,13
12,2020-08-04,bull_neutral,10,10,10,15
12,2020-09-01,bull_neutral,10,10,7,18
12,2020-09-29,bull_neutral,10,10,7,23
12,2020-11-04,bull_neutral,10,10,6,18
12,2020-12-02,bull_neutral,10,10,4,24
12,2020-12-30,bull_neutral,10,10,8,22
12,2021-01-28,bull_neutral,10,10,8,23
12,2021-03-04,bear,10,7,6,7
12,2021-04-01,bear,10,8,10,8
12,2021-04-30,bear,10,5,5,3
12,2021-06-02,bear,10,10,8,10
12,2021-07-01,bear,10,9,9,9
12,2021-07-29,bear,10,5,5,2
12,2021-08-26,bear,10,5,6,5
12,2021-09-27,bear,10,10,9,10
12,2021-11-01,bear,10,10,10,11
12,2021-11-29,bear,10,10,6,10
12,2021-12-27,bear,10,10,9,10
12,2022-01-25,bear,10,9,6,9
12,2022-03-01,bear,10,10,10,11
12,2022-03-29,bear,10,10,9,12
12,2022-04-28,bear,10,10,10,10
12,2022-05-31,bear,10,5,6,5
12,2022-06-29,bear,10,9,7,9
12,2022-07-27,bear,10,5,8,5
12,2022-08-24,bear,10,5,4,3
12,2022-09-22,bear,10,5,4,4
12,2022-10-27,bear,10,5,4,1
12,2022-11-24,bear,10,8,7,8
12,2022-12-22,bear,10,7,6,7
12,2023-01-20,bear,10,5,6,5
12,2023-02-24,bear,10,9,7,9
12,2023-03-24,bear,10,10,8,10
12,2023-04-24,bear,10,10,5,14
12,2023-05-25,bear,10,10,10,10
12,2023-06-26,bear,10,9,6,9
12,2023-07-24,bear,10,10,8,10
12,2023-08-21,bear,10,5,7,4
12,2023-09-18,bear,10,6,8,6
12,2023-10-24,bear,10,10,9,10
12,2023-11-21,bear,10,9,6,9
12,2023-12-19,bear,10,7,5,7
12,2024-01-17,bear,10,5,5,5
12,2024-02-22,bull_neutral,10,10,8,19
12,2024-03-21,bull_neutral,10,10,5,20
12,2024-04-22,bull_neutral,10,10,4,22
12,2024-05-23,bear,10,10,8,10
12,2024-06-21,bear,10,5,7,2
12,2024-07-19,bear,10,5,4,2
12,2024-08-16,bear,10,8,9,8
12,2024-09-13,bear,10,10,10,11
12,2024-10-22,bear,10,7,7,7
12,2024-11-19,bear,10,5,5,2
12,2024-12-17,bear,10,7,5,7
12,2025-01-15,bear,10,5,3,0
12,2025-02-20,bear,10,6,7,6
12,2025-03-20,bear,10,7,8,7
12,2025-04-18,bull_neutral,10,10,7,20
12,2025-05-21,bull_neutral,10,10,7,22
12,2025-06-19,bull_neutral,10,10,6,23
12,2025-07-17,bull_neutral,10,10,4,21
12,2025-08-14,bull_neutral,10,10,5,22
12,2025-09-11,bull_neutral,10,10,7,17
12,2025-10-17,bull_neutral,10,10,6,24
12,2025-11-14,bull_neutral,10,10,8,20
12,2025-12-12,bull_neutral,10,10,3,22
14,2010-01-22,bull_neutral,10,10,9,23
14,2010-02-26,bull_neutral,10,10,9,18
14,2010-03-26,bull_neutral,10,10,8,17
14,2010-04-26,bull_neutral,10,10,10,20
14,2010-05-25,bull_neutral,10,10,9,24
14,2010-06-25,bull_neutral,10,10,8,21
14,2010-07-23,bull_neutral,10,10,5,24
14,2010-08-20,bull_neutral,10,10,5,28
14,2010-09-17,bull_neutral,10,10,6,28
14,2010-10-27,bull_neutral,10,10,7,21
14,2010-11-24,bull_neutral,10,10,5,23
14,2010-12-22,bull_neutral,10,10,7,23
14,2011-01-20,bull_neutral,10,10,6,27
14,2011-02-24,bull_neutral,10,10,6,24
14,2011-03-24,bull_neutral,10,10,8,16
14,2011-04-25,bear,10,10,10,10
14,2011-05-24,bear,10,10,10,13
14,2011-06-22,bear,10,10,10,14
14,2011-07-20,bear,10,10,8,11
14,2011-08-17,bear,10,9,10,9
14,2011-09-15,bear,10,9,10,9
14,2011-10-20,bear,10,8,7,8
14,2011-11-17,bear,10,7,7,7
14,2011-12-15,bear,10,10,9,10
14,2012-01-16,bull_neutral,10,10,8,16
14,2012-02-20,bull_neutral,10,10,4,19
14,2012-03-19,bull_neutral,10,10,9,18
14,2012-04-19,bull_neutral,10,10,6,16
14,2012-05-21,bear,10,10,7,13
14,2012-06-18,bear,10,5,3,0
14,2012-07-17,bear,10,5,5,4
14,2012-08-14,bear,10,5,6,2
14,2012-09-11,bear,10,7,6,7
14,2012-10-16,bear,10,5,5,3
14,2012-11-13,bear,10,6,7,6
14,2012-12-11,bear,10,10,8,12
14,2013-01-11,bear,10,7,5,7
14,2013-02-08,bear,10,5,4,4
14,2013-03-15,bear,10,5,4,2
14,2013-04-16,bear,10,9,9,9
14,2013-05-17,bear,10,10,9,11
14,2013-06-19,bear,10,10,9,10
14,2013-07-17,bear,10,9,7,9
14,2013-08-14,bear,10,5,6,5
14,2013-09-11,bear,10,8,7,8
14,2013-10-18,bear,10,10,9,10
14,2013-11-15,bear,10,9,8,9
14,2013-12-13,bear,10,7,6,7
14,2014-01-13,bear,10,10,9,10
14,2014-02-17,bear,10,5,7,5
14,2014-03-17,bear,10,5,8,4
14,2014-04-15,bull_neutral,10,10,9,21
14,2014-05-15,bull_neutral,10,10,10,16
14,2014-06-13,bull_neutral,10,10,9,21
14,2014-07-11,bull_neutral,10,10,8,15
14,2014-08-08,bull_neutral,10,10,6,20
14,2014-09-05,bull_neutral,10,10,6,28
14,2014-10-13,bull_neutral,10,10,10,20
14,2014-11-10,bull_neutral,10,10,9,21
14,2014-12-08,bull_neutral,10,10,10,16
14,2015-01-07,bull_neutral,10,10,9,20
14,2015-02-04,bull_neutral,10,10,9,27
14,2015-03-11,bull_neutral,10,10,4,22
14,2015-04-09,bull_neutral,10,10,9,21
14,2015-05-08,bull_neutral,10,10,7,23
14,2015-06-05,bull_neutral,10,10,9,23
14,2015-07-06,bull_neutral,10,10,7,15
14,2015-08-03,bull_neutral,10,10,8,23
14,2015-08-31,bull_neutral,10,10,8,22
14,2015-09-30,bull_neutral,10,10,9,16
14,2015-11-04,bull_neutral,10,10,10,15
14,2015-12-02,bull_neutral,10,10,6,26
14,2015-12-30,bull_neutral,10,10,8,21
14,2016-01-28,bull_neutral,10,10,6,20
14,2016-03-03,bull_neutral,10,10,8,24
14,2016-03-31,bull_neutral,10,10,9,16
14,2016-04-29,bull_neutral,10,10,10,15
14,2016-05-30,bull_neutral,10,10,10,16
14,2016-06-29,bull_neutral,10,10,7,22
14,2016-07-27,bull_neutral,10,10,9,13
14,2016-08-24,bull_neutral,10,10,10,14
14,2016-09-23,bull_neutral,10,10,6,25
14,2016-10-28,bull_neutral,10,10,7,30
14,2016-11-25,bull_neutral,10,10,10,14
14,2016-12-23,bull_neutral,10,10,10,17
14,2017-01-23,bull_neutral,10,10,10,14
14,2017-02-27,bull_neutral,10,10,10,15
14,2017-03-27,bull_neutral,10,10,3,27
14,2017-04-26,bull_neutral,10,10,5,19
14,2017-05-25,bull_neutral,10,10,7,22
14,2017-06-26,bull_neutral,10,10,7,22
14,2017-07-24,bull_neutral,10,10,6,20
14,2017-08-21,bull_neutral,10,10,7,16
14,2017-09-18,bull_neutral,10,10,7,20
14,2017-10-23,bull_neutral,10,10,6,29
14,2017-11-20,bull_neutral,10,10,9,11
14,2017-12-18,bull_neutral,10,10,7,22
14,2018-01-16,bull_neutral,10,10,5,27
14,2018-02-13,bear,10,7,9,7
14,2018-03-20,bear,10,8,10,8
14,2018-04-19,bear,10,9,7,9
14,2018-05-21,bear,10,10,8,11
14,2018-06-19,bear,10,10,9,13
14,2018-07-17,bear,10,5,4,5
14,2018-08-14,bear,10,5,6,4
14,2018-09-11,bear,10,9,7,9
14,2018-10-17,bear,10,10,10,12
14,2018-11-14,bear,10,9,9,9
14,2018-12-12,bear,10,8,6,8
14,2019-01-11,bull_neutral,10,10,6,28
14,2019-02-15,bull_neutral,10,10,7,17
14,2019-03-15,bull_neutral,10,10,5,28
14,2019-04-15,bull_neutral,10,10,7,21
14,2019-05-16,bull_neutral,10,10,5,21
14,2019-06-14,bull_neutral,10,10,7,25
14,2019-07-12,bull_neutral,10,10,7,28
14,2019-08-09,bull_neutral,10,10,6,21
14,2019-09-06,bull_neutral,10,10,10,15
14,2019-10-14,bull_neutral,10,10,9,21
14,2019-11-11,bull_neutral,10,10,9,14
14,2019-12-09,bull_neutral,10,10,9,17
14,2020-01-07,bull_neutral,10,10,4,27
14,2020-02-12,bull_neutral,10,10,8,18
14,2020-03-11,bull_neutral,10,10,8,18
14,2020-04-09,bull_neutral,10,10,8,20
14,2020-05-12,bull_neutral,10,10,7,14
14,2020-06-09,bull_neutral,10,10,10,15
14,2020-07-09,bull_neutral,10,10,10,14
14,2020-08-06,bull_neutral,10,10,9,17
14,2020-09-03,bull_neutral,10,10,4,19
14,2020-10-09,bull_neutral,10,10,8,21
14,2020-11-06,bull_neutral,10,10,6,22
14,2020-12-04,bull_neutral,10,10,4,22
14,2021-01-04,bull_neutral,10,10,8,22
14,2021-02-01,bull_neutral,10,10,9,21
14,2021-03-08,bear,10,7,6,7
14,2021-04-06,bear,10,10,9,10
14,2021-05-07,bear,10,5,4,4
14,2021-06-04,bear,10,7,9,7
14,2021-07-05,bear,10,10,9,10
14,2021-08-02,bear,10,5,5,3
14,2021-08-30,bear,10,5,5,4
14,2021-09-29,bear,10,10,10,10
14,2021-11-03,bear,10,10,10,14
14,2021-12-01,bear,10,10,5,10
14,2021-12-29,bear,10,10,9,11
14,2022-01-27,bear,10,5,4,2
14,2022-03-03,bear,10,10,10,10
14,2022-03-31,bear,10,10,9,12
14,2022-05-05,bear,10,10,10,10
14,2022-06-02,bear,10,5,5,4
14,2022-07-01,bear,10,9,8,9
14,2022-07-29,bear,10,6,8,6
14,2022-08-26,bear,10,5,4,3
14,2022-09-26,bear,10,5,5,4
14,2022-10-31,bear,10,5,3,0
14,2022-11-28,bear,10,8,7,8
14,2022-12-26,bear,10,6,6,6
14,2023-01-31,bear,10,7,6,7
14,2023-02-28,bear,10,8,6,8
14,2023-03-28,bear,10,10,7,11
14,2023-04-26,bear,10,10,5,11
14,2023-05-29,bear,10,10,9,10
14,2023-06-28,bear,10,10,7,10
14,2023-07-26,bear,10,10,8,10
14,2023-08-23,bear,10,6,5,6
14,2023-09-20,bear,10,7,7,7
14,2023-10-26,bear,10,8,9,8
14,2023-11-23,bear,10,8,7,8
14,2023-12-21,bear,10,5,4,1
14,2024-01-19,bear,10,6,6,6
14,2024-02-26,bull_neutral,10,10,8,20
14,2024-03-25,bull_neutral,10,10,5,19
14,2024-04-24,bull_neutral,10,10,6,26
14,2024-05-27,bear,10,10,10,11
14,2024-06-25,bear,10,5,8,5
14,2024-07-23,bear,10,6,5,6
14,2024-08-20,bear,10,9,10,9
14,2024-09-19,bear,10,10,10,11
14,2024-10-24,bear,10,7,6,7
14,2024-11-21,bear,10,5,4,1
14,2024-12-19,bear,10,7,6,7
14,2025-01-17,bear,10,5,3,0
14,2025-02-24,bear,10,6,6,6
14,2025-03-24,bear,10,8,8,8
14,2025-04-22,bull_neutral,10,10,7,22
14,2025-05-23,bull_neutral,10,10,7,23
14,2025-06-23,bull_neutral,10,10,6,25
14,2025-07-21,bull_neutral,10,10,4,24
14,2025-08-18,bull_neutral,10,10,6,24
14,2025-09-15,bull_neutral,10,10,7,17
14,2025-10-21,bull_neutral,10,10,8,23
14,2025-11-18,bull_neutral,10,10,8,21
14,2025-12-16,bull_neutral,10,10,4,23
16,2010-01-26,bull_neutral,10,10,9,22
16,2010-03-02,bull_neutral,10,10,9,19
16,2010-03-30,bull_neutral,10,10,8,18
16,2010-04-28,bull_neutral,10,10,10,21
16,2010-05-27,bull_neutral,10,10,9,24
16,2010-06-29,bull_neutral,10,10,8,20
16,2010-07-27,bull_neutral,10,10,6,25
16,2010-08-24,bull_neutral,10,10,6,32
16,2010-09-21,bull_neutral,10,10,6,22
16,2010-10-29,bull_neutral,10,10,8,20
16,2010-11-26,bull_neutral,10,10,5,24
16,2010-12-24,bull_neutral,10,10,4,21
16,2011-01-24,bull_neutral,10,10,6,24
16,2011-02-28,bull_neutral,10,10,7,27
16,2011-03-28,bull_neutral,10,10,9,12
16,2011-04-27,bear,10,10,10,10
16,2011-05-26,bear,10,10,10,13
16,2011-06-24,bear,10,10,10,11
16,2011-07-22,bear,10,10,8,10
16,2011-08-19,bear,10,10,10,11
16,2011-09-19,bear,10,10,10,11
16,2011-10-24,bear,10,7,6,7
16,2011-11-21,bear,10,6,7,6
16,2011-12-19,bear,10,9,9,9
16,2012-01-18,bull_neutral,10,10,7,17
16,2012-02-22,bull_neutral,10,10,4,18
16,2012-03-21,bull_neutral,10,10,8,18
16,2012-04-23,bull_neutral,10,10,7,12
16,2012-05-23,bear,10,10,6,11
16,2012-06-20,bear,10,5,4,1
16,2012-07-19,bear,10,5,4,3
16,2012-08-16,bear,10,5,5,2
16,2012-09-13,bear,10,5,6,5
16,2012-10-18,bear,10,5,5,3
16,2012-11-15,bear,10,10,6,10
16,2012-12-13,bear,10,10,8,11
16,2013-01-15,bear,10,8,6,8
16,2013-02-19,bear,10,5,4,2
16,2013-03-19,bear,10,5,4,3
16,2013-04-18,bear,10,10,9,10
16,2013-05-21,bear,10,10,9,10
16,2013-06-21,bear,10,10,9,11
16,2013-07-19,bear,10,9,7,9
16,2013-08-16,bear,10,6,6,6
16,2013-09-13,bear,10,6,7,6
16,2013-10-22,bear,10,10,9,10
16,2013-11-19,bear,10,7,7,7
16,2013-12-17,bear,10,10,7,11
16,2014-01-15,bear,10,10,10,11
16,2014-02-19,bear,10,6,7,6
16,2014-03-19,bear,10,6,9,6
16,2014-04-17,bull_neutral,10,10,9,23
16,2014-05-19,bull_neutral,10,10,10,16
16,2014-06-17,bull_neutral,10,10,9,21
16,2014-07-15,bull_neutral,10,10,8,11
16,2014-08-12,bull_neutral,10,10,6,23
16,2014-09-10,bull_neutral,10,10,8,21
16,2014-10-15,bull_neutral,10,10,10,21
16,2014-11-12,bull_neutral,10,10,9,22
16,2014-12-10,bull_neutral,10,10,10,14
16,2015-01-09,bull_neutral,10,10,9,22
16,2015-02-06,bull_neutral,10,10,8,24
16,2015-03-13,bull_neutral,10,10,4,22
16,2015-04-13,bull_neutral,10,10,9,21
16,2015-05-12,bull_neutral,10,10,7,26
16,2015-06-09,bull_neutral,10,10,9,24
16,2015-07-08,bull_neutral,10,10,8,17
16,2015-08-05,bull_neutral,10,10,10,20
16,2015-09-02,bull_neutral,10,10,8,19
16,2015-10-09,bull_neutral,10,10,10,16
16,2015-11-06,bull_neutral,10,10,10,14
16,2015-12-04,bull_neutral,10,10,7,28
16,2016-01-04,bull_neutral,10,10,9,25
16,2016-02-01,bull_neutral,10,10,7,23
16,2016-03-07,bull_neutral,10,10,9,20
16,2016-04-05,bull_neutral,10,10,8,22
16,2016-05-04,bull_neutral,10,10,10,13
16,2016-06-01,bull_neutral,10,10,9,17
16,2016-07-01,bull_neutral,10,10,7,21
16,2016-07-29,bull_neutral,10,10,10,18
16,2016-08-26,bull_neutral,10,10,8,21
16,2016-09-27,bull_neutral,10,10,6,28
16,2016-11-01,bull_neutral,10,10,6,25
16,2016-11-29,bull_neutral,10,10,10,17
16,2016-12-27,bull_neutral,10,10,10,19
16,2017-01-25,bull_neutral,10,10,10,13
16,2017-03-01,bull_neutral,10,10,10,17
16,2017-03-29,bull_neutral,10,10,3,22
16,2017-04-28,bull_neutral,10,10,5,19
16,2017-05-31,bull_neutral,10,10,6,22
16,2017-06-28,bull_neutral,10,10,7,23
16,2017-07-26,bull_neutral,10,10,5,19
16,2017-08-23,bull_neutral,10,10,5,19
16,2017-09-20,bull_neutral,10,10,7,21
16,2017-10-25,bull_neutral,10,10,5,27
16,2017-11-22,bull_neutral,10,10,10,11
16,2017-12-20,bull_neutral,10,10,6,27
16,2018-01-18,bull_neutral,10,10,7,28
16,2018-02-22,bear,10,6,8,6
16,2018-03-22,bear,10,10,9,11
16,2018-04-23,bear,10,10,8,10
16,2018-05-23,bear,10,10,7,10
16,2018-06-21,bear,10,10,8,12
16,2018-07-19,bear,10,6,4,6
16,2018-08-16,bear,10,5,4,2
16,2018-09-13,bear,10,10,9,10
16,2018-10-19,bear,10,10,8,10
16,2018-11-16,bear,10,8,9,8
16,2018-12-14,bear,10,7,6,7
16,2019-01-15,bull_neutral,10,10,4,28
16,2019-02-19,bull_neutral,10,10,9,17
16,2019-03-19,bull_neutral,10,10,6,27
16,2019-04-17,bull_neutral,10,10,7,22
16,2019-05-20,bull_neutral,10,10,5,23
16,2019-06-18,bull_neutral,10,10,7,24
16,2019-07-16,bull_neutral,10,10,6,28
16,2019-08-13,bull_neutral,10,10,7,20
16,2019-09-10,bull_neutral,10,10,10,17
16,2019-10-16,bull_neutral,10,10,9,21
16,2019-11-13,bull_neutral,10,10,9,15
16,2019-12-11,bull_neutral,10,10,7,27
16,2020-01-09,bull_neutral,10,10,5,22
16,2020-02-14,bull_neutral,10,10,8,17
16,2020-03-13,bull_neutral,10,10,7,21
16,2020-04-13,bull_neutral,10,10,8,17
16,2020-05-14,bull_neutral,10,10,6,16
16,2020-06-11,bull_neutral,10,10,8,22
16,2020-07-13,bull_neutral,10,10,10,14
16,2020-08-10,bull_neutral,10,10,9,21
16,2020-09-07,bull_neutral,10,10,4,25
16,2020-10-13,bull_neutral,10,10,8,22
16,2020-11-10,bull_neutral,10,10,5,24
16,2020-12-08,bull_neutral,10,10,3,23
16,2021-01-06,bull_neutral,10,10,8,20
16,2021-02-03,bull_neutral,10,10,6,23
16,2021-03-10,bear,10,7,6,7
16,2021-04-08,bear,10,10,9,11
16,2021-05-11,bear,10,5,4,2
16,2021-06-08,bear,10,9,9,9
16,2021-07-07,bear,10,10,8,10
16,2021-08-04,bear,10,5,5,4
16,2021-09-01,bear,10,6,7,6
16,2021-10-08,bear,10,10,10,10
16,2021-11-05,bear,10,10,9,14
16,2021-12-03,bear,10,10,4,11
16,2021-12-31,bear,10,10,10,10
16,2022-02-07,bear,10,5,4,2
16,2022-03-07,bear,10,9,10,9
16,2022-04-06,bear,10,10,10,12
16,2022-05-09,bear,10,10,9,10
16,2022-06-07,bear,10,6,7,6
16,2022-07-05,bear,10,9,8,9
16,2022-08-02,bear,10,5,8,5
16,2022-08-30,bear,10,5,4,3
16,2022-09-28,bear,10,5,4,2
16,2022-11-02,bear,10,5,4,5
16,2022-11-30,bear,10,7,7,7
16,2022-12-28,bear,10,7,7,7
16,2023-02-02,bear,10,7,6,7
16,2023-03-02,bear,10,8,6,8
16,2023-03-30,bear,10,10,7,10
16,2023-04-28,bear,10,10,9,11
16,2023-05-31,bear,10,10,9,11
16,2023-06-30,bear,10,10,8,10
16,2023-07-28,bear,10,10,7,10
16,2023-08-25,bear,10,9,6,9
16,2023-09-22,bear,10,8,7,8
16,2023-10-30,bear,10,10,8,10
16,2023-11-27,bear,10,9,7,9
16,2023-12-25,bear,10,5,4,3
16,2024-01-23,bear,10,9,8,9
16,2024-02-28,bull_neutral,10,10,8,23
16,2024-03-27,bull_neutral,10,10,5,23
16,2024-04-26,bull_neutral,10,10,6,26
16,2024-05-29,bear,10,10,9,11
16,2024-06-27,bear,10,5,8,4
16,2024-07-25,bear,10,5,6,3
16,2024-08-22,bear,10,9,10,9
16,2024-09-23,bear,10,9,10,9
16,2024-10-28,bear,10,7,6,7
16,2024-11-25,bear,10,5,3,0
16,2024-12-23,bear,10,5,5,3
16,2025-01-21,bear,10,5,3,0
16,2025-02-26,bear,10,7,5,7
16,2025-03-26,bear,10,9,8,9
16,2025-04-24,bull_neutral,10,10,7,22
16,2025-05-27,bull_neutral,10,10,5,29
16,2025-06-25,bull_neutral,10,10,5,24
16,2025-07-23,bull_neutral,10,10,4,24
16,2025-08-20,bull_neutral,10,10,7,24
16,2025-09-17,bull_neutral,10,10,7,19
16,2025-10-23,bull_neutral,10,10,9,23
16,2025-11-20,bull_neutral,10,10,8,27
16,2025-12-18,bull_neutral,10,10,4,23
18,2010-01-28,bull_neutral,10,10,9,21
18,2010-03-04,bull_neutral,10,10,9,20
18,2010-04-01,bull_neutral,10,10,10,23
18,2010-04-30,bull_neutral,10,10,8,22
18,2010-05-31,bull_neutral,10,10,9,22
18,2010-07-01,bull_neutral,10,10,8,21
18,2010-07-29,bull_neutral,10,10,6,22
18,2010-08-26,bull_neutral,10,10,6,30
18,2010-09-28,bull_neutral,10,10,7,22
18,2010-11-02,bull_neutral,10,10,8,17
18,2010-11-30,bull_neutral,10,10,6,26
18,2010-12-28,bull_neutral,10,10,5,22
18,2011-01-26,bull_neutral,10,10,6,24
18,2011-03-02,bull_neutral,10,10,7,26
18,2011-03-30,bull_neutral,10,10,10,10
18,2011-04-29,bear,10,10,10,10
18,2011-05-30,bear,10,10,10,12
18,2011-06-28,bear,10,9,8,9
18,2011-07-26,bear,10,10,8,10
18,2011-08-23,bear,10,10,10,10
18,2011-09-21,bear,10,9,10,9
18,2011-10-26,bear,10,10,6,11
18,2011-11-23,bear,10,6,7,6
18,2011-12-21,bear,10,9,9,9
18,2012-01-20,bull_neutral,10,10,8,17
18,2012-02-24,bull_neutral,10,10,3,22
18,2012-03-23,bull_neutral,10,10,7,16
18,2012-04-25,bull_neutral,10,10,7,12
18,2012-05-25,bear,10,7,6,7
18,2012-06-25,bear,10,5,5,1
18,2012-07-23,bear,10,8,7,8
18,2012-08-20,bear,10,5,5,4
18,2012-09-17,bear,10,6,6,6
18,2012-10-22,bear,10,5,5,1
18,2012-11-19,bear,10,5,4,4
18,2012-12-17,bear,10,10,9,10
18,2013-01-17,bear,10,7,6,7
18,2013-02-21,bear,10,5,4,3
18,2013-03-21,bear,10,5,4,2
18,2013-04-22,bear,10,10,9,10
18,2013-05-23,bear,10,9,9,9
18,2013-06-25,bear,10,10,9,11
18,2013-07-23,bear,10,5,7,5
18,2013-08-20,bear,10,5,6,5
18,2013-09-17,bear,10,5,7,5
18,2013-10-24,bear,10,10,9,11
18,2013-11-21,bear,10,8,7,8
18,2013-12-19,bear,10,10,7,10
18,2014-01-17,bear,10,10,10,11
18,2014-02-21,bear,10,5,7,5
18,2014-03-21,bull_neutral,10,10,8,27
18,2014-04-21,bull_neutral,10,10,7,24
18,2014-05-21,bull_neutral,10,10,10,17
18,2014-06-19,bull_neutral,10,10,9,21
18,2014-07-17,bull_neutral,10,10,9,11
18,2014-08-14,bull_neutral,10,10,6,23
18,2014-09-12,bull_neutral,10,10,8,24
18,2014-10-17,bull_neutral,10,10,10,20
18,2014-11-14,bull_neutral,10,10,9,21
18,2014-12-12,bull_neutral,10,10,10,13
18,2015-01-13,bull_neutral,10,10,9,18
18,2015-02-10,bull_neutral,10,10,9,23
18,2015-03-17,bull_neutral,10,10,3,23
18,2015-04-15,bull_neutral,10,10,9,21
18,2015-05-14,bull_neutral,10,10,7,25
18,2015-06-11,bull_neutral,10,10,9,23
18,2015-07-10,bull_neutral,10,10,7,19
18,2015-08-07,bull_neutral,10,10,10,18
18,2015-09-08,bull_neutral,10,10,9,24
18,2015-10-13,bull_neutral,10,10,10,15
18,2015-11-10,bull_neutral,10,10,10,14
18,2015-12-08,bull_neutral,10,10,8,25
18,2016-01-06,bull_neutral,10,10,10,25
18,2016-02-03,bull_neutral,10,10,6,23
18,2016-03-09,bull_neutral,10,10,10,17
18,2016-04-07,bull_neutral,10,10,9,19
18,2016-05-06,bull_neutral,10,10,10,10
18,2016-06-03,bull_neutral,10,10,10,18
18,2016-07-05,bull_neutral,10,10,7,25
18,2016-08-02,bull_neutral,10,10,10,19
18,2016-08-30,bull_neutral,10,10,8,21
18,2016-09-29,bull_neutral,10,10,6,28
18,2016-11-03,bull_neutral,10,10,6,27
18,2016-12-01,bull_neutral,10,10,10,16
18,2016-12-29,bull_neutral,10,10,10,20
18,2017-02-03,bull_neutral,10,10,10,14
18,2017-03-03,bull_neutral,10,10,10,18
18,2017-03-31,bull_neutral,10,10,3,24
18,2017-05-03,bull_neutral,10,10,4,19
18,2017-06-02,bull_neutral,10,10,6,22
18,2017-06-30,bull_neutral,10,10,7,24
18,2017-07-28,bull_neutral,10,10,6,19
18,2017-08-25,bull_neutral,10,10,6,18
18,2017-09-22,bull_neutral,10,10,6,24
18,2017-10-27,bull_neutral,10,10,4,23
18,2017-11-24,bull_neutral,10,10,10,11
18,2017-12-22,bull_neutral,10,10,4,28
18,2018-01-22,bull_neutral,10,10,5,31
18,2018-02-26,bear,10,7,7,7
18,2018-03-26,bear,10,10,10,11
18,2018-04-25,bear,10,9,7,9
18,2018-05-25,bear,10,6,6,6
18,2018-06-25,bear,10,8,6,8
18,2018-07-23,bear,10,5,3,0
18,2018-08-20,bear,10,5,5,3
18,2018-09-17,bear,10,10,10,10
18,2018-10-23,bear,10,9,7,9
18,2018-11-20,bear,10,5,9,5
18,2018-12-18,bear,10,7,6,7
18,2019-01-17,bull_neutral,10,10,4,30
18,2019-02-21,bull_neutral,10,10,6,23
18,2019-03-21,bull_neutral,10,10,7,26
18,2019-04-19,bull_neutral,10,10,7,23
18,2019-05-22,bull_neutral,10,10,5,24
18,2019-06-20,bull_neutral,10,10,8,26
18,2019-07-18,bull_neutral,10,10,5,25
18,2019-08-15,bull_neutral,10,10,8,22
18,2019-09-12,bull_neutral,10,10,10,14
18,2019-10-18,bull_neutral,10,10,9,22
18,2019-11-15,bull_neutral,10,10,9,15
18,2019-12-13,bull_neutral,10,10,7,28
18,2020-01-13,bull_neutral,10,10,7,23
18,2020-02-18,bull_neutral,10,10,8,20
18,2020-03-17,bull_neutral,10,10,8,19
18,2020-04-15,bull_neutral,10,10,8,14
18,2020-05-18,bull_neutral,10,10,7,20
18,2020-06-15,bull_neutral,10,10,7,21
18,2020-07-15,bull_neutral,10,10,10,15
18,2020-08-12,bull_neutral,10,10,8,19
18,2020-09-09,bull_neutral,10,10,4,19
18,2020-10-15,bull_neutral,10,10,8,24
18,2020-11-12,bull_neutral,10,10,4,24
18,2020-12-10,bull_neutral,10,10,5,27
18,2021-01-08,bull_neutral,10,10,8,21
18,2021-02-05,bull_neutral,10,10,9,21
18,2021-03-12,bear,10,5,5,4
18,2021-04-12,bear,10,10,9,11
18,2021-05-13,bear,10,8,5,8
18,2021-06-10,bear,10,10,9,10
18,2021-07-09,bear,10,10,7,10
18,2021-08-06,bear,10,5,6,5
18,2021-09-03,bear,10,5,6,3
18,2021-10-12,bear,10,10,10,10
18,2021-11-09,bear,10,10,7,13
18,2021-12-07,bear,10,10,5,11
18,2022-01-05,bear,10,10,10,13
18,2022-02-09,bear,10,9,6,9
18,2022-03-09,bear,10,10,10,14
18,2022-04-08,bear,10,10,10,11
18,2022-05-11,bear,10,10,10,10
18,2022-06-09,bear,10,7,7,7
18,2022-07-07,bear,10,10,9,10
18,2022-08-04,bear,10,5,8,4
18,2022-09-01,bear,10,5,4,1
18,2022-09-30,bear,10,5,4,5
18,2022-11-04,bear,10,8,6,8
18,2022-12-02,bear,10,7,7,7
18,2022-12-30,bear,10,7,6,7
18,2023-02-06,bear,10,7,6,7
18,2023-03-06,bear,10,8,7,8
18,2023-04-03,bear,10,10,7,10
18,2023-05-05,bear,10,10,9,11
18,2023-06-02,bear,10,10,9,10
18,2023-07-04,bear,10,10,8,10
18,2023-08-01,bear,10,8,5,8
18,2023-08-29,bear,10,10,8,10
18,2023-09-26,bear,10,6,7,6
18,2023-11-01,bear,10,10,8,10
18,2023-11-29,bear,10,10,8,10
18,2023-12-27,bear,10,5,4,5
18,2024-01-25,bear,10,10,8,10
18,2024-03-01,bull_neutral,10,10,8,22
18,2024-03-29,bull_neutral,10,10,5,23
18,2024-04-30,bull_neutral,10,10,6,24
18,2024-05-31,bear,10,10,8,12
18,2024-07-01,bear,10,5,7,5
18,2024-07-29,bear,10,6,6,6
18,2024-08-26,bear,10,9,10,9
18,2024-09-25,bear,10,10,9,10
18,2024-10-30,bear,10,5,5,4
18,2024-11-27,bear,10,5,3,0
18,2024-12-25,bear,10,5,5,2
18,2025-01-23,bear,10,5,5,2
18,2025-02-28,bear,10,8,7,8
18,2025-03-28,bear,10,8,8,8
18,2025-04-28,bull_neutral,10,10,6,21
18,2025-05-29,bull_neutral,10,10,4,25
18,2025-06-27,bull_neutral,10,10,6,19
18,2025-07-25,bull_neutral,10,10,4,23
18,2025-08-22,bull_neutral,10,10,8,25
18,2025-09-19,bull_neutral,10,10,7,20
18,2025-10-27,bull_neutral,10,10,9,21
18,2025-11-24,bull_neutral,10,10,6,24
18,2025-12-22,bull_neutral,10,10,6,20
