offset,date_prev,date_curr,n_prev,n_curr,n_common,jaccard
0,2010-01-04,2010-02-01,10,10,4,0.25
0,2010-02-01,2010-03-08,10,10,6,0.429
0,2010-03-08,2010-04-06,10,10,7,0.538
0,2010-04-06,2010-05-05,10,10,6,0.429
0,2010-05-05,2010-06-02,10,10,7,0.538
0,2010-06-02,2010-07-05,10,10,7,0.538
0,2010-07-05,2010-08-02,10,10,1,0.053
0,2010-08-02,2010-08-30,10,10,0,0.0
0,2010-08-30,2010-09-30,10,10,6,0.429
0,2010-09-30,2010-11-04,10,10,2,0.111
0,2010-11-04,2010-12-02,10,10,3,0.176
0,2010-12-02,2010-12-30,10,10,1,0.053
0,2010-12-30,2011-01-28,10,10,0,0.0
0,2011-01-28,2011-03-04,10,10,2,0.111
0,2011-03-04,2011-04-01,10,10,0,0.0
0,2011-04-01,2011-05-04,10,10,10,1.0
0,2011-05-04,2011-06-01,10,10,8,0.667
0,2011-06-01,2011-06-30,10,5,1,0.071
0,2011-06-30,2011-07-28,5,10,0,0.0
0,2011-07-28,2011-08-25,10,10,1,0.053
0,2011-08-25,2011-09-23,10,10,7,0.538
0,2011-09-23,2011-10-28,10,8,3,0.2
0,2011-10-28,2011-11-25,8,6,3,0.273
0,2011-11-25,2011-12-23,6,9,6,0.667
0,2011-12-23,2012-01-31,9,10,8,0.727
0,2012-01-31,2012-02-28,10,10,0,0.0
0,2012-02-28,2012-03-27,10,10,0,0.0
0,2012-03-27,2012-04-27,10,10,1,0.053
0,2012-04-27,2012-05-29,10,6,0,0.0
0,2012-05-29,2012-06-27,6,5,0,0.0
0,2012-06-27,2012-07-25,5,7,0,0.0
0,2012-07-25,2012-08-22,7,5,0,0.0
0,2012-08-22,2012-09-19,5,6,0,0.0
0,2012-09-19,2012-10-24,6,5,0,0.0
0,2012-10-24,2012-11-21,5,7,0,0.0
0,2012-11-21,2012-12-19,7,10,2,0.133
0,2012-12-19,2013-01-21,10,5,2,0.154
0,2013-01-21,2013-02-25,5,5,0,0.0
0,2013-02-25,2013-03-25,5,6,0,0.0
0,2013-03-25,2013-04-24,6,9,4,0.364
0,2013-04-24,2013-05-27,9,9,4,0.286
0,2013-05-27,2013-06-27,9,9,6,0.5
0,2013-06-27,2013-07-25,9,5,4,0.4
0,2013-07-25,2013-08-22,5,7,3,0.333
0,2013-08-22,2013-09-23,7,8,5,0.5
0,2013-09-23,2013-10-28,8,10,4,0.286
0,2013-10-28,2013-11-25,10,10,4,0.25
0,2013-11-25,2013-12-23,10,10,5,0.333
0,2013-12-23,2014-01-21,10,10,6,0.429
0,2014-01-21,2014-02-25,10,5,2,0.154
0,2014-02-25,2014-03-25,5,10,3,0.25
0,2014-03-25,2014-04-23,10,10,1,0.053
0,2014-04-23,2014-05-23,10,10,4,0.25
0,2014-05-23,2014-06-23,10,10,6,0.429
0,2014-06-23,2014-07-21,10,10,7,0.538
0,2014-07-21,2014-08-18,10,10,0,0.0
0,2014-08-18,2014-09-16,10,10,6,0.429
0,2014-09-16,2014-10-21,10,10,6,0.429
0,2014-10-21,2014-11-18,10,10,3,0.176
0,2014-11-18,2014-12-16,10,10,1,0.053
0,2014-12-16,2015-01-15,10,10,8,0.667
0,2015-01-15,2015-02-12,10,10,8,0.667
0,2015-02-12,2015-03-19,10,10,1,0.053
0,2015-03-19,2015-04-17,10,10,0,0.0
0,2015-04-17,2015-05-18,10,10,3,0.176
0,2015-05-18,2015-06-15,10,10,3,0.176
0,2015-06-15,2015-07-14,10,10,0,0.0
0,2015-07-14,2015-08-11,10,10,0,0.0
0,2015-08-11,2015-09-10,10,10,2,0.111
0,2015-09-10,2015-10-15,10,10,0,0.0
0,2015-10-15,2015-11-12,10,10,4,0.25
0,2015-11-12,2015-12-10,10,10,0,0.0
0,2015-12-10,2016-01-08,10,10,5,0.333
0,2016-01-08,2016-02-05,10,10,3,0.176
0,2016-02-05,2016-03-11,10,10,5,0.333
0,2016-03-11,2016-04-11,10,10,0,0.0
0,2016-04-11,2016-05-10,10,10,0,0.0
0,2016-05-10,2016-06-07,10,10,0,0.0
0,2016-06-07,2016-07-07,10,10,0,0.0
0,2016-07-07,2016-08-04,10,10,4,0.25
0,2016-08-04,2016-09-01,10,10,9,0.818
0,2016-09-01,2016-10-10,10,10,0,0.0
0,2016-10-10,2016-11-07,10,10,4,0.25
0,2016-11-07,2016-12-05,10,10,5,0.333
0,2016-12-05,2017-01-03,10,10,7,0.538
0,2017-01-03,2017-02-07,10,10,7,0.538
0,2017-02-07,2017-03-07,10,10,6,0.429
0,2017-03-07,2017-04-06,10,10,0,0.0
0,2017-04-06,2017-05-05,10,10,4,0.25
0,2017-05-05,2017-06-06,10,10,0,0.0
0,2017-06-06,2017-07-04,10,10,0,0.0
0,2017-07-04,2017-08-01,10,10,6,0.429
0,2017-08-01,2017-08-29,10,10,0,0.0
0,2017-08-29,2017-09-26,10,10,2,0.111
0,2017-09-26,2017-10-31,10,10,1,0.053
0,2017-10-31,2017-11-28,10,10,6,0.429
0,2017-11-28,2017-12-26,10,10,1,0.053
0,2017-12-26,2018-01-24,10,6,2,0.143
0,2018-01-24,2018-02-28,6,6,4,0.5
0,2018-02-28,2018-03-28,6,10,0,0.0
0,2018-03-28,2018-04-27,10,10,0,0.0
0,2018-04-27,2018-05-29,10,10,5,0.333
0,2018-05-29,2018-06-27,10,10,4,0.25
0,2018-06-27,2018-07-25,10,5,0,0.0
0,2018-07-25,2018-08-22,5,5,1,0.111
0,2018-08-22,2018-09-19,5,10,0,0.0
0,2018-09-19,2018-10-25,10,10,6,0.429
0,2018-10-25,2018-11-22,10,8,6,0.5
0,2018-11-22,2018-12-20,8,6,0,0.0
0,2018-12-20,2019-01-21,6,10,4,0.333
0,2019-01-21,2019-02-25,10,10,0,0.0
0,2019-02-25,2019-03-25,10,10,3,0.176
0,2019-03-25,2019-04-23,10,10,7,0.538
0,2019-04-23,2019-05-24,10,10,2,0.111
0,2019-05-24,2019-06-24,10,10,0,0.0
0,2019-06-24,2019-07-22,10,10,4,0.25
0,2019-07-22,2019-08-19,10,10,0,0.0
0,2019-08-19,2019-09-17,10,10,7,0.538
0,2019-09-17,2019-10-22,10,10,8,0.667
0,2019-10-22,2019-11-19,10,10,6,0.429
0,2019-11-19,2019-12-17,10,10,7,0.538
0,2019-12-17,2020-01-15,10,10,2,0.111
0,2020-01-15,2020-02-20,10,10,4,0.25
0,2020-02-20,2020-03-19,10,10,7,0.538
0,2020-03-19,2020-04-17,10,10,2,0.111
0,2020-04-17,2020-05-20,10,10,4,0.25
0,2020-05-20,2020-06-17,10,10,3,0.176
0,2020-06-17,2020-07-17,10,10,5,0.333
0,2020-07-17,2020-08-14,10,10,9,0.818
0,2020-08-14,2020-09-11,10,10,4,0.25
0,2020-09-11,2020-10-19,10,10,0,0.0
0,2020-10-19,2020-11-16,10,10,2,0.111
0,2020-11-16,2020-12-14,10,10,2,0.111
0,2020-12-14,2021-01-12,10,10,5,0.333
0,2021-01-12,2021-02-09,10,10,5,0.333
0,2021-02-09,2021-03-16,10,5,2,0.154
0,2021-03-16,2021-04-14,5,10,0,0.0
0,2021-04-14,2021-05-17,10,10,0,0.0
0,2021-05-17,2021-06-15,10,10,1,0.053
0,2021-06-15,2021-07-13,10,10,2,0.111
0,2021-07-13,2021-08-10,10,5,0,0.0
0,2021-08-10,2021-09-07,5,5,0,0.0
0,2021-09-07,2021-10-14,5,10,0,0.0
0,2021-10-14,2021-11-11,10,10,4,0.25
0,2021-11-11,2021-12-09,10,8,0,0.0
0,2021-12-09,2022-01-07,8,10,2,0.125
0,2022-01-07,2022-02-11,10,9,0,0.0
0,2022-02-11,2022-03-11,9,10,7,0.583
0,2022-03-11,2022-04-12,10,9,6,0.462
0,2022-04-12,2022-05-13,9,8,5,0.417
0,2022-05-13,2022-06-13,8,9,0,0.0
0,2022-06-13,2022-07-11,9,10,1,0.056
0,2022-07-11,2022-08-08,10,5,2,0.154
0,2022-08-08,2022-09-05,5,5,1,0.111
0,2022-09-05,2022-10-11,5,7,0,0.0
0,2022-10-11,2022-11-08,7,7,3,0.273
0,2022-11-08,2022-12-06,7,8,6,0.667
0,2022-12-06,2023-01-04,8,8,0,0.0
0,2023-01-04,2023-02-08,8,6,2,0.167
0,2023-02-08,2023-03-08,6,7,1,0.083
0,2023-03-08,2023-04-06,7,10,0,0.0
0,2023-04-06,2023-05-09,10,10,0,0.0
0,2023-05-09,2023-06-06,10,10,9,0.818
0,2023-06-06,2023-07-06,10,10,10,1.0
0,2023-07-06,2023-08-03,10,9,7,0.583
0,2023-08-03,2023-08-31,9,10,7,0.583
0,2023-08-31,2023-09-28,10,7,3,0.214
0,2023-09-28,2023-11-03,7,9,3,0.231
0,2023-11-03,2023-12-01,9,10,1,0.056
0,2023-12-01,2023-12-29,10,5,0,0.0
0,2023-12-29,2024-01-29,5,10,0,0.0
0,2024-01-29,2024-03-05,10,10,8,0.667
0,2024-03-05,2024-04-02,10,10,6,0.429
0,2024-04-02,2024-05-07,10,10,0,0.0
0,2024-05-07,2024-06-04,10,9,1,0.056
0,2024-06-04,2024-07-03,9,5,0,0.0
0,2024-07-03,2024-07-31,5,6,0,0.0
0,2024-07-31,2024-08-28,6,8,3,0.273
0,2024-08-28,2024-09-27,8,9,7,0.7
0,2024-09-27,2024-11-01,9,5,0,0.0
0,2024-11-01,2024-11-29,5,7,2,0.2
0,2024-11-29,2024-12-27,7,5,2,0.2
0,2024-12-27,2025-01-27,5,5,0,0.0
0,2025-01-27,2025-03-04,5,9,0,0.0
0,2025-03-04,2025-04-01,9,10,3,0.188
0,2025-04-01,2025-04-30,10,10,4,0.25
0,2025-04-30,2025-06-03,10,10,0,0.0
0,2025-06-03,2025-07-01,10,10,4,0.25
0,2025-07-01,2025-07-29,10,10,2,0.111
0,2025-07-29,2025-08-26,10,10,4,0.25
0,2025-08-26,2025-09-23,10,10,5,0.333
0,2025-09-23,2025-10-29,10,10,7,0.538
0,2025-10-29,2025-11-26,10,10,2,0.111
0,2025-11-26,2025-12-24,10,10,0,0.0
2,2010-01-06,2010-02-03,10,10,5,0.333
2,2010-02-03,2010-03-10,10,10,6,0.429
2,2010-03-10,2010-04-08,10,10,8,0.667
2,2010-04-08,2010-05-07,10,10,4,0.25
2,2010-05-07,2010-06-04,10,10,6,0.429
2,2010-06-04,2010-07-07,10,10,7,0.538
2,2010-07-07,2010-08-04,10,10,0,0.0
2,2010-08-04,2010-09-01,10,10,0,0.0
2,2010-09-01,2010-10-11,10,10,4,0.25
2,2010-10-11,2010-11-08,10,10,2,0.111
2,2010-11-08,2010-12-06,10,10,3,0.176
2,2010-12-06,2011-01-04,10,10,0,0.0
2,2011-01-04,2011-02-01,10,10,1,0.053
2,2011-02-01,2011-03-08,10,10,1,0.053
2,2011-03-08,2011-04-07,10,10,1,0.053
2,2011-04-07,2011-05-06,10,10,10,1.0
2,2011-05-06,2011-06-03,10,10,8,0.667
2,2011-06-03,2011-07-04,10,10,1,0.053
2,2011-07-04,2011-08-01,10,10,0,0.0
2,2011-08-01,2011-08-29,10,10,1,0.053
2,2011-08-29,2011-09-27,10,10,3,0.176
2,2011-09-27,2011-11-01,10,10,1,0.053
2,2011-11-01,2011-11-29,10,9,3,0.188
2,2011-11-29,2011-12-27,9,9,6,0.5
2,2011-12-27,2012-02-02,9,10,8,0.727
2,2012-02-02,2012-03-01,10,10,1,0.053
2,2012-03-01,2012-03-29,10,10,0,0.0
2,2012-03-29,2012-05-03,10,10,1,0.053
2,2012-05-03,2012-05-31,10,5,0,0.0
2,2012-05-31,2012-06-29,5,5,0,0.0
2,2012-06-29,2012-07-27,5,7,0,0.0
2,2012-07-27,2012-08-24,7,5,0,0.0
2,2012-08-24,2012-09-21,5,6,0,0.0
2,2012-09-21,2012-10-26,6,7,0,0.0
2,2012-10-26,2012-11-23,7,7,0,0.0
2,2012-11-23,2012-12-21,7,10,4,0.308
2,2012-12-21,2013-01-23,10,5,2,0.154
2,2013-01-23,2013-02-27,5,5,0,0.0
2,2013-02-27,2013-03-27,5,9,0,0.0
2,2013-03-27,2013-04-26,9,7,5,0.455
2,2013-04-26,2013-05-29,7,8,4,0.364
2,2013-05-29,2013-07-01,8,8,6,0.6
2,2013-07-01,2013-07-29,8,5,4,0.444
2,2013-07-29,2013-08-26,5,5,3,0.429
2,2013-08-26,2013-09-25,5,5,4,0.667
2,2013-09-25,2013-10-30,5,9,4,0.4
2,2013-10-30,2013-11-27,9,10,4,0.267
2,2013-11-27,2013-12-25,10,10,5,0.333
2,2013-12-25,2014-01-23,10,10,6,0.429
2,2014-01-23,2014-02-27,10,5,2,0.154
2,2014-02-27,2014-03-27,5,10,2,0.154
2,2014-03-27,2014-04-25,10,10,0,0.0
2,2014-04-25,2014-05-27,10,10,7,0.538
2,2014-05-27,2014-06-25,10,10,7,0.538
2,2014-06-25,2014-07-23,10,10,0,0.0
2,2014-07-23,2014-08-20,10,10,3,0.176
2,2014-08-20,2014-09-18,10,10,3,0.176
2,2014-09-18,2014-10-23,10,10,5,0.333
2,2014-10-23,2014-11-20,10,10,2,0.111
2,2014-11-20,2014-12-18,10,10,4,0.25
2,2014-12-18,2015-01-19,10,10,9,0.818
2,2015-01-19,2015-02-16,10,10,6,0.429
2,2015-02-16,2015-03-23,10,10,2,0.111
2,2015-03-23,2015-04-21,10,10,0,0.0
2,2015-04-21,2015-05-20,10,10,5,0.333
2,2015-05-20,2015-06-17,10,10,6,0.429
2,2015-06-17,2015-07-16,10,10,0,0.0
2,2015-07-16,2015-08-13,10,10,0,0.0
2,2015-08-13,2015-09-14,10,10,3,0.176
2,2015-09-14,2015-10-19,10,10,0,0.0
2,2015-10-19,2015-11-16,10,10,3,0.176
2,2015-11-16,2015-12-14,10,10,0,0.0
2,2015-12-14,2016-01-12,10,10,4,0.25
2,2016-01-12,2016-02-16,10,10,3,0.176
2,2016-02-16,2016-03-15,10,10,5,0.333
2,2016-03-15,2016-04-13,10,10,0,0.0
2,2016-04-13,2016-05-12,10,10,0,0.0
2,2016-05-12,2016-06-13,10,10,0,0.0
2,2016-06-13,2016-07-11,10,10,0,0.0
2,2016-07-11,2016-08-08,10,10,3,0.176
2,2016-08-08,2016-09-05,10,10,8,0.667
2,2016-09-05,2016-10-12,10,10,0,0.0
2,2016-10-12,2016-11-09,10,10,4,0.25
2,2016-11-09,2016-12-07,10,10,4,0.25
2,2016-12-07,2017-01-05,10,10,7,0.538
2,2017-01-05,2017-02-09,10,10,8,0.667
2,2017-02-09,2017-03-09,10,10,8,0.667
2,2017-03-09,2017-04-10,10,10,0,0.0
2,2017-04-10,2017-05-09,10,10,2,0.111
2,2017-05-09,2017-06-08,10,10,2,0.111
2,2017-06-08,2017-07-06,10,10,9,0.818
2,2017-07-06,2017-08-03,10,10,7,0.538
2,2017-08-03,2017-08-31,10,10,0,0.0
2,2017-08-31,2017-09-28,10,10,1,0.053
2,2017-09-28,2017-11-02,10,10,1,0.053
2,2017-11-02,2017-11-30,10,10,8,0.667
2,2017-11-30,2017-12-28,10,10,1,0.053
2,2017-12-28,2018-01-26,10,5,1,0.071
2,2018-01-26,2018-03-02,5,6,1,0.1
2,2018-03-02,2018-03-30,6,9,0,0.0
2,2018-03-30,2018-05-03,9,10,0,0.0
2,2018-05-03,2018-05-31,10,10,6,0.429
2,2018-05-31,2018-06-29,10,10,3,0.176
2,2018-06-29,2018-07-27,10,5,1,0.071
2,2018-07-27,2018-08-24,5,5,0,0.0
2,2018-08-24,2018-09-21,5,10,0,0.0
2,2018-09-21,2018-10-29,10,10,6,0.429
2,2018-10-29,2018-11-26,10,10,6,0.429
2,2018-11-26,2018-12-24,10,7,0,0.0
2,2018-12-24,2019-01-23,7,10,2,0.133
2,2019-01-23,2019-02-27,10,10,0,0.0
2,2019-02-27,2019-03-27,10,10,1,0.053
2,2019-03-27,2019-04-25,10,10,5,0.333
2,2019-04-25,2019-05-28,10,10,2,0.111
2,2019-05-28,2019-06-26,10,10,0,0.0
2,2019-06-26,2019-07-24,10,10,4,0.25
2,2019-07-24,2019-08-21,10,10,0,0.0
2,2019-08-21,2019-09-19,10,10,7,0.538
2,2019-09-19,2019-10-24,10,10,7,0.538
2,2019-10-24,2019-11-21,10,10,8,0.667
2,2019-11-21,2019-12-19,10,10,6,0.429
2,2019-12-19,2020-01-17,10,10,0,0.0
2,2020-01-17,2020-02-24,10,10,4,0.25
2,2020-02-24,2020-03-23,10,10,6,0.429
2,2020-03-23,2020-04-21,10,10,2,0.111
2,2020-04-21,2020-05-22,10,10,2,0.111
2,2020-05-22,2020-06-19,10,10,2,0.111
2,2020-06-19,2020-07-21,10,10,4,0.25
2,2020-07-21,2020-08-18,10,10,7,0.538
2,2020-08-18,2020-09-15,10,10,3,0.176
2,2020-09-15,2020-10-21,10,10,1,0.053
2,2020-10-21,2020-11-18,10,10,2,0.111
2,2020-11-18,2020-12-16,10,10,1,0.053
2,2020-12-16,2021-01-14,10,10,4,0.25
2,2021-01-14,2021-02-18,10,8,5,0.385
2,2021-02-18,2021-03-18,8,5,3,0.3
2,2021-03-18,2021-04-16,5,10,0,0.0
2,2021-04-16,2021-05-19,10,9,0,0.0
2,2021-05-19,2021-06-17,9,10,1,0.056
2,2021-06-17,2021-07-15,10,8,2,0.125
2,2021-07-15,2021-08-12,8,7,0,0.0
2,2021-08-12,2021-09-09,7,5,0,0.0
2,2021-09-09,2021-10-18,5,10,0,0.0
2,2021-10-18,2021-11-15,10,10,2,0.111
2,2021-11-15,2021-12-13,10,9,0,0.0
2,2021-12-13,2022-01-11,9,10,0,0.0
2,2022-01-11,2022-02-15,10,9,0,0.0
2,2022-02-15,2022-03-15,9,10,7,0.583
2,2022-03-15,2022-04-14,10,7,6,0.545
2,2022-04-14,2022-05-17,7,8,5,0.5
2,2022-05-17,2022-06-15,8,5,0,0.0
2,2022-06-15,2022-07-13,5,9,2,0.167
2,2022-07-13,2022-08-10,9,5,0,0.0
2,2022-08-10,2022-09-07,5,9,1,0.077
2,2022-09-07,2022-10-13,9,9,0,0.0
2,2022-10-13,2022-11-10,9,7,5,0.455
2,2022-11-10,2022-12-08,7,10,5,0.417
2,2022-12-08,2023-01-06,10,8,2,0.125
2,2023-01-06,2023-02-10,8,7,3,0.25
2,2023-02-10,2023-03-10,7,7,0,0.0
2,2023-03-10,2023-04-10,7,10,0,0.0
2,2023-04-10,2023-05-11,10,10,0,0.0
2,2023-05-11,2023-06-08,10,10,9,0.818
2,2023-06-08,2023-07-10,10,10,10,1.0
2,2023-07-10,2023-08-07,10,5,4,0.364
2,2023-08-07,2023-09-04,5,10,4,0.364
2,2023-09-04,2023-10-10,10,7,5,0.417
2,2023-10-10,2023-11-07,7,10,5,0.417
2,2023-11-07,2023-12-05,10,10,1,0.053
2,2023-12-05,2024-01-03,10,5,0,0.0
2,2024-01-03,2024-01-31,5,10,0,0.0
2,2024-01-31,2024-03-07,10,10,6,0.429
2,2024-03-07,2024-04-08,10,10,6,0.429
2,2024-04-08,2024-05-09,10,10,0,0.0
2,2024-05-09,2024-06-06,10,10,3,0.176
2,2024-06-06,2024-07-05,10,5,0,0.0
2,2024-07-05,2024-08-02,5,7,0,0.0
2,2024-08-02,2024-08-30,7,10,5,0.417
2,2024-08-30,2024-10-08,10,8,7,0.636
2,2024-10-08,2024-11-05,8,5,0,0.0
2,2024-11-05,2024-12-03,5,6,2,0.222
2,2024-12-03,2024-12-31,6,5,1,0.1
2,2024-12-31,2025-02-06,5,5,0,0.0
2,2025-02-06,2025-03-06,5,9,0,0.0
2,2025-03-06,2025-04-03,9,10,1,0.056
2,2025-04-03,2025-05-07,10,10,3,0.176
2,2025-05-07,2025-06-05,10,10,0,0.0
2,2025-06-05,2025-07-03,10,10,2,0.111
2,2025-07-03,2025-07-31,10,10,2,0.111
2,2025-07-31,2025-08-28,10,10,6,0.429
2,2025-08-28,2025-09-25,10,10,6,0.429
2,2025-09-25,2025-10-31,10,10,6,0.429
2,2025-10-31,2025-11-28,10,10,1,0.053
2,2025-11-28,2025-12-26,10,10,1,0.053
4,2010-01-08,2010-02-05,10,10,4,0.25
4,2010-02-05,2010-03-12,10,10,7,0.538
4,2010-03-12,2010-04-12,10,10,7,0.538
4,2010-04-12,2010-05-11,10,10,6,0.429
4,2010-05-11,2010-06-08,10,10,6,0.429
4,2010-06-08,2010-07-09,10,10,7,0.538
4,2010-07-09,2010-08-06,10,10,1,0.053
4,2010-08-06,2010-09-03,10,10,0,0.0
4,2010-09-03,2010-10-13,10,10,4,0.25
4,2010-10-13,2010-11-10,10,10,3,0.176
4,2010-11-10,2010-12-08,10,10,4,0.25
4,2010-12-08,2011-01-06,10,10,0,0.0
4,2011-01-06,2011-02-10,10,10,1,0.053
4,2011-02-10,2011-03-10,10,10,3,0.176
4,2011-03-10,2011-04-11,10,10,9,0.818
4,2011-04-11,2011-05-10,10,10,9,0.818
4,2011-05-10,2011-06-08,10,10,9,0.818
4,2011-06-08,2011-07-06,10,9,1,0.056
4,2011-07-06,2011-08-03,9,10,0,0.0
4,2011-08-03,2011-08-31,10,10,1,0.053
4,2011-08-31,2011-09-29,10,10,2,0.111
4,2011-09-29,2011-11-03,10,9,0,0.0
4,2011-11-03,2011-12-01,9,9,8,0.8
4,2011-12-01,2011-12-29,9,9,8,0.8
4,2011-12-29,2012-02-06,9,10,6,0.462
4,2012-02-06,2012-03-05,10,10,1,0.053
4,2012-03-05,2012-04-05,10,10,2,0.111
4,2012-04-05,2012-05-07,10,10,1,0.053
4,2012-05-07,2012-06-04,10,5,0,0.0
4,2012-06-04,2012-07-03,5,5,0,0.0
4,2012-07-03,2012-07-31,5,5,0,0.0
4,2012-07-31,2012-08-28,5,5,1,0.111
4,2012-08-28,2012-09-25,5,6,1,0.1
4,2012-09-25,2012-10-30,6,8,0,0.0
4,2012-10-30,2012-11-27,8,10,0,0.0
4,2012-11-27,2012-12-25,10,10,4,0.25
4,2012-12-25,2013-01-25,10,5,2,0.154
4,2013-01-25,2013-03-01,5,5,0,0.0
4,2013-03-01,2013-03-29,5,7,0,0.0
4,2013-03-29,2013-05-03,7,8,5,0.5
4,2013-05-03,2013-05-31,8,5,4,0.444
4,2013-05-31,2013-07-03,5,9,4,0.4
4,2013-07-03,2013-07-31,9,5,5,0.556
4,2013-07-31,2013-08-28,5,6,3,0.375
4,2013-08-28,2013-09-27,6,5,4,0.571
4,2013-09-27,2013-11-01,5,9,4,0.4
4,2013-11-01,2013-11-29,9,8,3,0.214
4,2013-11-29,2013-12-27,8,9,5,0.417
4,2013-12-27,2014-01-27,9,10,6,0.462
4,2014-01-27,2014-03-03,10,7,3,0.214
4,2014-03-03,2014-03-31,7,10,3,0.214
4,2014-03-31,2014-04-29,10,10,0,0.0
4,2014-04-29,2014-05-29,10,10,6,0.429
4,2014-05-29,2014-06-27,10,10,8,0.667
4,2014-06-27,2014-07-25,10,10,0,0.0
4,2014-07-25,2014-08-22,10,10,3,0.176
4,2014-08-22,2014-09-22,10,10,2,0.111
4,2014-09-22,2014-10-27,10,10,5,0.333
4,2014-10-27,2014-11-24,10,10,0,0.0
4,2014-11-24,2014-12-22,10,10,10,1.0
4,2014-12-22,2015-01-21,10,10,9,0.818
4,2015-01-21,2015-02-25,10,10,6,0.429
4,2015-02-25,2015-03-25,10,10,1,0.053
4,2015-03-25,2015-04-23,10,10,0,0.0
4,2015-04-23,2015-05-22,10,10,6,0.429
4,2015-05-22,2015-06-19,10,10,8,0.667
4,2015-06-19,2015-07-20,10,10,0,0.0
4,2015-07-20,2015-08-17,10,10,1,0.053
4,2015-08-17,2015-09-16,10,10,3,0.176
4,2015-09-16,2015-10-21,10,10,0,0.0
4,2015-10-21,2015-11-18,10,10,5,0.333
4,2015-11-18,2015-12-16,10,10,0,0.0
4,2015-12-16,2016-01-14,10,10,3,0.176
4,2016-01-14,2016-02-18,10,10,5,0.333
4,2016-02-18,2016-03-17,10,10,3,0.176
4,2016-03-17,2016-04-15,10,10,0,0.0
4,2016-04-15,2016-05-16,10,10,1,0.053
4,2016-05-16,2016-06-15,10,10,0,0.0
4,2016-06-15,2016-07-13,10,10,0,0.0
4,2016-07-13,2016-08-10,10,10,4,0.25
4,2016-08-10,2016-09-07,10,10,8,0.667
4,2016-09-07,2016-10-14,10,10,0,0.0
4,2016-10-14,2016-11-11,10,10,7,0.538
4,2016-11-11,2016-12-09,10,10,5,0.333
4,2016-12-09,2017-01-09,10,10,8,0.667
4,2017-01-09,2017-02-13,10,10,8,0.667
4,2017-02-13,2017-03-13,10,10,7,0.538
4,2017-03-13,2017-04-12,10,10,0,0.0
4,2017-04-12,2017-05-11,10,10,2,0.111
4,2017-05-11,2017-06-12,10,10,2,0.111
4,2017-06-12,2017-07-10,10,10,9,0.818
4,2017-07-10,2017-08-07,10,10,7,0.538
4,2017-08-07,2017-09-04,10,10,0,0.0
4,2017-09-04,2017-10-09,10,10,2,0.111
4,2017-10-09,2017-11-06,10,10,1,0.053
4,2017-11-06,2017-12-04,10,10,9,0.818
4,2017-12-04,2018-01-02,10,10,1,0.053
4,2018-01-02,2018-01-30,10,5,2,0.154
4,2018-01-30,2018-03-06,5,9,1,0.077
4,2018-03-06,2018-04-03,9,10,2,0.118
4,2018-04-03,2018-05-07,10,10,0,0.0
4,2018-05-07,2018-06-04,10,10,6,0.429
4,2018-06-04,2018-07-03,10,9,2,0.118
4,2018-07-03,2018-07-31,9,5,3,0.273
4,2018-07-31,2018-08-28,5,5,0,0.0
4,2018-08-28,2018-09-26,5,10,2,0.154
4,2018-09-26,2018-10-31,10,10,4,0.25
4,2018-10-31,2018-11-28,10,10,5,0.333
4,2018-11-28,2018-12-26,10,7,0,0.0
4,2018-12-26,2019-01-25,7,10,1,0.062
4,2019-01-25,2019-03-01,10,10,0,0.0
4,2019-03-01,2019-03-29,10,10,1,0.053
4,2019-03-29,2019-04-29,10,10,7,0.538
4,2019-04-29,2019-05-30,10,10,1,0.053
4,2019-05-30,2019-06-28,10,10,0,0.0
4,2019-06-28,2019-07-26,10,10,0,0.0
4,2019-07-26,2019-08-23,10,10,4,0.25
4,2019-08-23,2019-09-23,10,10,7,0.538
4,2019-09-23,2019-10-28,10,10,7,0.538
4,2019-10-28,2019-11-25,10,10,8,0.667
4,2019-11-25,2019-12-23,10,10,3,0.176
4,2019-12-23,2020-01-21,10,10,0,0.0
4,2020-01-21,2020-02-26,10,10,6,0.429
4,2020-02-26,2020-03-25,10,10,7,0.538
4,2020-03-25,2020-04-23,10,10,3,0.176
4,2020-04-23,2020-05-26,10,10,2,0.111
4,2020-05-26,2020-06-23,10,10,2,0.111
4,2020-06-23,2020-07-23,10,10,7,0.538
4,2020-07-23,2020-08-20,10,10,4,0.25
4,2020-08-20,2020-09-17,10,10,2,0.111
4,2020-09-17,2020-10-23,10,10,0,0.0
4,2020-10-23,2020-11-20,10,10,1,0.053
4,2020-11-20,2020-12-18,10,10,0,0.0
4,2020-12-18,2021-01-18,10,10,5,0.333
4,2021-01-18,2021-02-22,10,10,6,0.429
4,2021-02-22,2021-03-22,10,5,1,0.071
4,2021-03-22,2021-04-20,5,10,0,0.0
4,2021-04-20,2021-05-21,10,9,0,0.0
4,2021-05-21,2021-06-21,9,10,2,0.118
4,2021-06-21,2021-07-19,10,5,2,0.154
4,2021-07-19,2021-08-16,5,7,1,0.091
4,2021-08-16,2021-09-13,7,5,1,0.091
4,2021-09-13,2021-10-20,5,10,0,0.0
4,2021-10-20,2021-11-17,10,10,1,0.053
4,2021-11-17,2021-12-15,10,10,0,0.0
4,2021-12-15,2022-01-13,10,10,1,0.053
4,2022-01-13,2022-02-17,10,10,0,0.0
4,2022-02-17,2022-03-17,10,10,8,0.667
4,2022-03-17,2022-04-18,10,7,5,0.417
4,2022-04-18,2022-05-19,7,8,6,0.667
4,2022-05-19,2022-06-17,8,5,0,0.0
4,2022-06-17,2022-07-15,5,10,2,0.154
4,2022-07-15,2022-08-12,10,6,0,0.0
4,2022-08-12,2022-09-09,6,9,1,0.071
4,2022-09-09,2022-10-17,9,5,0,0.0
4,2022-10-17,2022-11-14,5,7,1,0.091
4,2022-11-14,2022-12-12,7,10,3,0.214
4,2022-12-12,2023-01-10,10,9,2,0.118
4,2023-01-10,2023-02-14,9,8,3,0.214
4,2023-02-14,2023-03-14,8,5,1,0.083
4,2023-03-14,2023-04-12,5,10,0,0.0
4,2023-04-12,2023-05-15,10,10,0,0.0
4,2023-05-15,2023-06-12,10,10,9,0.818
4,2023-06-12,2023-07-12,10,10,10,1.0
4,2023-07-12,2023-08-09,10,5,1,0.071
4,2023-08-09,2023-09-06,5,9,1,0.077
4,2023-09-06,2023-10-12,9,9,6,0.5
4,2023-10-12,2023-11-09,9,10,8,0.727
4,2023-11-09,2023-12-07,10,9,2,0.118
4,2023-12-07,2024-01-05,9,5,0,0.0
4,2024-01-05,2024-02-02,5,10,0,0.0
4,2024-02-02,2024-03-11,10,10,7,0.538
4,2024-03-11,2024-04-10,10,10,6,0.429
4,2024-04-10,2024-05-13,10,10,0,0.0
4,2024-05-13,2024-06-11,10,9,2,0.118
4,2024-06-11,2024-07-09,9,5,0,0.0
4,2024-07-09,2024-08-06,5,9,0,0.0
4,2024-08-06,2024-09-03,9,9,6,0.5
4,2024-09-03,2024-10-10,9,10,5,0.357
4,2024-10-10,2024-11-07,10,5,0,0.0
4,2024-11-07,2024-12-05,5,6,0,0.0
4,2024-12-05,2025-01-03,6,5,1,0.1
4,2025-01-03,2025-02-10,5,5,0,0.0
4,2025-02-10,2025-03-10,5,10,0,0.0
4,2025-03-10,2025-04-08,10,10,3,0.176
4,2025-04-08,2025-05-09,10,10,2,0.111
4,2025-05-09,2025-06-09,10,10,0,0.0
4,2025-06-09,2025-07-07,10,10,1,0.053
4,2025-07-07,2025-08-04,10,10,1,0.053
4,2025-08-04,2025-09-01,10,10,6,0.429
4,2025-09-01,2025-09-29,10,10,6,0.429
4,2025-09-29,2025-11-04,10,10,9,0.818
4,2025-11-04,2025-12-02,10,10,1,0.053
4,2025-12-02,2025-12-30,10,10,0,0.0
6,2010-01-12,2010-02-09,10,10,5,0.333
6,2010-02-09,2010-03-16,10,10,6,0.429
6,2010-03-16,2010-04-14,10,10,5,0.333
6,2010-04-14,2010-05-13,10,10,8,0.667
6,2010-05-13,2010-06-10,10,10,6,0.429
6,2010-06-10,2010-07-13,10,10,8,0.667
6,2010-07-13,2010-08-10,10,10,0,0.0
6,2010-08-10,2010-09-07,10,10,0,0.0
6,2010-09-07,2010-10-15,10,10,3,0.176
6,2010-10-15,2010-11-12,10,10,2,0.111
6,2010-11-12,2010-12-10,10,10,7,0.538
6,2010-12-10,2011-01-10,10,10,0,0.0
6,2011-01-10,2011-02-14,10,10,0,0.0
6,2011-02-14,2011-03-14,10,10,0,0.0
6,2011-03-14,2011-04-13,10,10,9,0.818
6,2011-04-13,2011-05-12,10,10,9,0.818
6,2011-05-12,2011-06-10,10,10,9,0.818
6,2011-06-10,2011-07-08,10,5,1,0.071
6,2011-07-08,2011-08-05,5,10,0,0.0
6,2011-08-05,2011-09-02,10,10,2,0.111
6,2011-09-02,2011-10-10,10,10,1,0.053
6,2011-10-10,2011-11-07,10,10,0,0.0
6,2011-11-07,2011-12-05,10,8,8,0.8
6,2011-12-05,2012-01-04,8,9,6,0.545
6,2012-01-04,2012-02-08,9,10,6,0.462
6,2012-02-08,2012-03-07,10,10,1,0.053
6,2012-03-07,2012-04-09,10,10,2,0.111
6,2012-04-09,2012-05-09,10,10,1,0.053
6,2012-05-09,2012-06-06,10,5,0,0.0
6,2012-06-06,2012-07-05,5,5,0,0.0
6,2012-07-05,2012-08-02,5,5,0,0.0
6,2012-08-02,2012-08-30,5,5,0,0.0
6,2012-08-30,2012-09-27,5,6,0,0.0
6,2012-09-27,2012-11-01,6,9,0,0.0
6,2012-11-01,2012-11-29,9,8,0,0.0
6,2012-11-29,2012-12-27,8,10,3,0.2
6,2012-12-27,2013-01-29,10,5,2,0.154
6,2013-01-29,2013-03-05,5,5,0,0.0
6,2013-03-05,2013-04-02,5,8,0,0.0
6,2013-04-02,2013-05-07,8,7,4,0.364
6,2013-05-07,2013-06-04,7,8,5,0.5
6,2013-06-04,2013-07-05,8,9,5,0.417
6,2013-07-05,2013-08-02,9,5,5,0.556
6,2013-08-02,2013-08-30,5,7,4,0.5
6,2013-08-30,2013-10-08,7,7,5,0.556
6,2013-10-08,2013-11-05,7,10,5,0.417
6,2013-11-05,2013-12-03,10,9,4,0.267
6,2013-12-03,2013-12-31,9,10,6,0.462
6,2013-12-31,2014-01-29,10,8,5,0.385
6,2014-01-29,2014-03-05,8,6,3,0.273
6,2014-03-05,2014-04-02,6,10,3,0.231
6,2014-04-02,2014-05-05,10,10,0,0.0
6,2014-05-05,2014-06-03,10,10,7,0.538
6,2014-06-03,2014-07-01,10,10,8,0.667
6,2014-07-01,2014-07-29,10,10,3,0.176
6,2014-07-29,2014-08-26,10,10,2,0.111
6,2014-08-26,2014-09-24,10,10,1,0.053
6,2014-09-24,2014-10-29,10,10,6,0.429
6,2014-10-29,2014-11-26,10,10,0,0.0
6,2014-11-26,2014-12-24,10,10,10,1.0
6,2014-12-24,2015-01-23,10,10,9,0.818
6,2015-01-23,2015-02-27,10,10,4,0.25
6,2015-02-27,2015-03-27,10,10,1,0.053
6,2015-03-27,2015-04-27,10,10,5,0.333
6,2015-04-27,2015-05-26,10,10,6,0.429
6,2015-05-26,2015-06-24,10,10,8,0.667
6,2015-06-24,2015-07-22,10,10,0,0.0
6,2015-07-22,2015-08-19,10,10,5,0.333
6,2015-08-19,2015-09-18,10,10,2,0.111
6,2015-09-18,2015-10-23,10,10,1,0.053
6,2015-10-23,2015-11-20,10,10,6,0.429
6,2015-11-20,2015-12-18,10,10,0,0.0
6,2015-12-18,2016-01-18,10,10,6,0.429
6,2016-01-18,2016-02-22,10,10,4,0.25
6,2016-02-22,2016-03-21,10,10,4,0.25
6,2016-03-21,2016-04-19,10,10,0,0.0
6,2016-04-19,2016-05-18,10,10,0,0.0
6,2016-05-18,2016-06-17,10,10,0,0.0
6,2016-06-17,2016-07-15,10,10,1,0.053
6,2016-07-15,2016-08-12,10,10,6,0.429
6,2016-08-12,2016-09-09,10,10,7,0.538
6,2016-09-09,2016-10-18,10,10,1,0.053
6,2016-10-18,2016-11-15,10,10,5,0.333
6,2016-11-15,2016-12-13,10,10,6,0.429
6,2016-12-13,2017-01-11,10,10,8,0.667
6,2017-01-11,2017-02-15,10,10,8,0.667
6,2017-02-15,2017-03-15,10,10,7,0.538
6,2017-03-15,2017-04-14,10,10,0,0.0
6,2017-04-14,2017-05-15,10,10,1,0.053
6,2017-05-15,2017-06-14,10,10,2,0.111
6,2017-06-14,2017-07-12,10,10,8,0.667
6,2017-07-12,2017-08-09,10,10,7,0.538
6,2017-08-09,2017-09-06,10,10,0,0.0
6,2017-09-06,2017-10-11,10,10,5,0.333
6,2017-10-11,2017-11-08,10,10,1,0.053
6,2017-11-08,2017-12-06,10,10,8,0.667
6,2017-12-06,2018-01-04,10,10,1,0.053
6,2018-01-04,2018-02-01,10,6,2,0.143
6,2018-02-01,2018-03-08,6,5,2,0.222
6,2018-03-08,2018-04-09,5,8,1,0.083
6,2018-04-09,2018-05-09,8,10,1,0.059
6,2018-05-09,2018-06-06,10,10,6,0.429
6,2018-06-06,2018-07-05,10,6,1,0.067
6,2018-07-05,2018-08-02,6,5,0,0.0
6,2018-08-02,2018-08-30,5,5,0,0.0
6,2018-08-30,2018-09-28,5,10,1,0.071
6,2018-09-28,2018-11-02,10,9,4,0.267
6,2018-11-02,2018-11-30,9,5,3,0.273
6,2018-11-30,2018-12-28,5,7,2,0.2
6,2018-12-28,2019-01-29,7,10,3,0.214
6,2019-01-29,2019-03-05,10,10,0,0.0
6,2019-03-05,2019-04-02,10,10,1,0.053
6,2019-04-02,2019-05-06,10,10,6,0.429
6,2019-05-06,2019-06-03,10,10,0,0.0
6,2019-06-03,2019-07-02,10,10,3,0.176
6,2019-07-02,2019-07-30,10,10,0,0.0
6,2019-07-30,2019-08-27,10,10,4,0.25
6,2019-08-27,2019-09-25,10,10,7,0.538
6,2019-09-25,2019-10-30,10,10,8,0.667
6,2019-10-30,2019-11-27,10,10,8,0.667
6,2019-11-27,2019-12-25,10,10,3,0.176
6,2019-12-25,2020-01-23,10,10,1,0.053
6,2020-01-23,2020-02-28,10,10,6,0.429
6,2020-02-28,2020-03-27,10,10,7,0.538
6,2020-03-27,2020-04-27,10,10,1,0.053
6,2020-04-27,2020-05-28,10,10,3,0.176
6,2020-05-28,2020-06-29,10,10,2,0.111
6,2020-06-29,2020-07-27,10,10,9,0.818
6,2020-07-27,2020-08-24,10,10,3,0.176
6,2020-08-24,2020-09-21,10,10,1,0.053
6,2020-09-21,2020-10-27,10,10,1,0.053
6,2020-10-27,2020-11-24,10,10,2,0.111
6,2020-11-24,2020-12-22,10,10,2,0.111
6,2020-12-22,2021-01-20,10,10,4,0.25
6,2021-01-20,2021-02-24,10,9,5,0.357
6,2021-02-24,2021-03-24,9,5,0,0.0
6,2021-03-24,2021-04-22,5,10,0,0.0
6,2021-04-22,2021-05-25,10,10,0,0.0
6,2021-05-25,2021-06-23,10,10,2,0.111
6,2021-06-23,2021-07-21,10,5,0,0.0
6,2021-07-21,2021-08-18,5,6,1,0.1
6,2021-08-18,2021-09-15,6,5,0,0.0
6,2021-09-15,2021-10-22,5,10,1,0.071
6,2021-10-22,2021-11-19,10,10,1,0.053
6,2021-11-19,2021-12-17,10,10,0,0.0
6,2021-12-17,2022-01-17,10,10,2,0.111
6,2022-01-17,2022-02-21,10,10,0,0.0
6,2022-02-21,2022-03-21,10,10,8,0.667
6,2022-03-21,2022-04-20,10,10,5,0.333
6,2022-04-20,2022-05-23,10,5,3,0.25
6,2022-05-23,2022-06-21,5,6,0,0.0
6,2022-06-21,2022-07-19,6,8,2,0.167
6,2022-07-19,2022-08-16,8,5,0,0.0
6,2022-08-16,2022-09-14,5,10,1,0.071
6,2022-09-14,2022-10-19,10,10,0,0.0
6,2022-10-19,2022-11-16,10,8,6,0.5
6,2022-11-16,2022-12-14,8,10,4,0.286
6,2022-12-14,2023-01-12,10,7,1,0.062
6,2023-01-12,2023-02-16,7,6,2,0.182
6,2023-02-16,2023-03-16,6,10,0,0.0
6,2023-03-16,2023-04-14,10,10,6,0.429
6,2023-04-14,2023-05-17,10,10,1,0.053
6,2023-05-17,2023-06-14,10,10,10,1.0
6,2023-06-14,2023-07-14,10,10,10,1.0
6,2023-07-14,2023-08-11,10,5,0,0.0
6,2023-08-11,2023-09-08,5,9,0,0.0
6,2023-09-08,2023-10-16,9,10,6,0.462
6,2023-10-16,2023-11-13,10,8,8,0.8
6,2023-11-13,2023-12-11,8,9,2,0.133
6,2023-12-11,2024-01-09,9,6,1,0.071
6,2024-01-09,2024-02-06,6,10,0,0.0
6,2024-02-06,2024-03-13,10,10,6,0.429
6,2024-03-13,2024-04-12,10,10,7,0.538
6,2024-04-12,2024-05-15,10,10,0,0.0
6,2024-05-15,2024-06-13,10,5,1,0.071
6,2024-06-13,2024-07-11,5,9,0,0.0
6,2024-07-11,2024-08-08,9,10,0,0.0
6,2024-08-08,2024-09-05,10,9,8,0.727
6,2024-09-05,2024-10-14,9,5,1,0.077
6,2024-10-14,2024-11-11,5,5,0,0.0
6,2024-11-11,2024-12-09,5,6,0,0.0
6,2024-12-09,2025-01-07,6,5,1,0.1
6,2025-01-07,2025-02-12,5,5,0,0.0
6,2025-02-12,2025-03-12,5,9,1,0.077
6,2025-03-12,2025-04-10,9,10,3,0.188
6,2025-04-10,2025-05-13,10,10,1,0.053
6,2025-05-13,2025-06-11,10,10,0,0.0
6,2025-06-11,2025-07-09,10,10,1,0.053
6,2025-07-09,2025-08-06,10,10,1,0.053
6,2025-08-06,2025-09-03,10,10,5,0.333
6,2025-09-03,2025-10-09,10,10,5,0.333
6,2025-10-09,2025-11-06,10,10,9,0.818
6,2025-11-06,2025-12-04,10,10,2,0.111
8,2010-01-14,2010-02-11,10,10,4,0.25
8,2010-02-11,2010-03-18,10,10,6,0.429
8,2010-03-18,2010-04-16,10,10,5,0.333
8,2010-04-16,2010-05-17,10,10,6,0.429
8,2010-05-17,2010-06-17,10,10,7,0.538
8,2010-06-17,2010-07-15,10,10,6,0.429
8,2010-07-15,2010-08-12,10,10,0,0.0
8,2010-08-12,2010-09-09,10,10,0,0.0
8,2010-09-09,2010-10-19,10,10,3,0.176
8,2010-10-19,2010-11-16,10,10,3,0.176
8,2010-11-16,2010-12-14,10,10,6,0.429
8,2010-12-14,2011-01-12,10,10,3,0.176
8,2011-01-12,2011-02-16,10,10,0,0.0
8,2011-02-16,2011-03-16,10,10,0,0.0
8,2011-03-16,2011-04-15,10,10,9,0.818
8,2011-04-15,2011-05-16,10,10,9,0.818
8,2011-05-16,2011-06-14,10,10,8,0.667
8,2011-06-14,2011-07-12,10,6,1,0.067
8,2011-07-12,2011-08-09,6,10,1,0.067
8,2011-08-09,2011-09-06,10,10,3,0.176
8,2011-09-06,2011-10-12,10,10,1,0.053
8,2011-10-12,2011-11-09,10,10,0,0.0
8,2011-11-09,2011-12-07,10,9,8,0.727
8,2011-12-07,2012-01-06,9,10,6,0.462
8,2012-01-06,2012-02-10,10,10,6,0.429
8,2012-02-10,2012-03-09,10,10,0,0.0
8,2012-03-09,2012-04-11,10,10,2,0.111
8,2012-04-11,2012-05-11,10,9,3,0.188
8,2012-05-11,2012-06-08,9,5,0,0.0
8,2012-06-08,2012-07-09,5,5,0,0.0
8,2012-07-09,2012-08-06,5,5,0,0.0
8,2012-08-06,2012-09-03,5,5,0,0.0
8,2012-09-03,2012-10-08,5,7,4,0.5
8,2012-10-08,2012-11-05,7,9,0,0.0
8,2012-11-05,2012-12-03,9,9,0,0.0
8,2012-12-03,2012-12-31,9,8,3,0.214
8,2012-12-31,2013-01-31,8,9,2,0.133
8,2013-01-31,2013-03-07,9,5,1,0.077
8,2013-03-07,2013-04-08,5,8,0,0.0
8,2013-04-08,2013-05-09,8,10,6,0.5
8,2013-05-09,2013-06-06,10,8,7,0.636
8,2013-06-06,2013-07-09,8,8,4,0.333
8,2013-07-09,2013-08-06,8,5,4,0.444
8,2013-08-06,2013-09-03,5,5,4,0.667
8,2013-09-03,2013-10-10,5,8,4,0.444
8,2013-10-10,2013-11-07,8,10,6,0.5
8,2013-11-07,2013-12-05,10,9,3,0.188
8,2013-12-05,2014-01-03,9,10,5,0.357
8,2014-01-03,2014-02-07,10,7,5,0.417
8,2014-02-07,2014-03-07,7,7,4,0.4
8,2014-03-07,2014-04-04,7,10,5,0.417
8,2014-04-04,2014-05-07,10,10,0,0.0
8,2014-05-07,2014-06-05,10,10,7,0.538
8,2014-06-05,2014-07-03,10,10,7,0.538
8,2014-07-03,2014-07-31,10,10,2,0.111
8,2014-07-31,2014-08-28,10,10,2,0.111
8,2014-08-28,2014-09-26,10,10,2,0.111
8,2014-09-26,2014-10-31,10,10,6,0.429
8,2014-10-31,2014-11-28,10,10,0,0.0
8,2014-11-28,2014-12-26,10,10,10,1.0
8,2014-12-26,2015-01-27,10,10,7,0.538
8,2015-01-27,2015-03-03,10,10,7,0.538
8,2015-03-03,2015-03-31,10,10,0,0.0
8,2015-03-31,2015-04-29,10,10,7,0.538
8,2015-04-29,2015-05-28,10,10,6,0.429
8,2015-05-28,2015-06-26,10,10,7,0.538
8,2015-06-26,2015-07-24,10,10,1,0.053
8,2015-07-24,2015-08-21,10,10,2,0.111
8,2015-08-21,2015-09-22,10,10,2,0.111
8,2015-09-22,2015-10-27,10,10,0,0.0
8,2015-10-27,2015-11-24,10,10,4,0.25
8,2015-11-24,2015-12-22,10,10,2,0.111
8,2015-12-22,2016-01-20,10,10,7,0.538
8,2016-01-20,2016-02-24,10,10,3,0.176
8,2016-02-24,2016-03-23,10,10,5,0.333
8,2016-03-23,2016-04-21,10,10,0,0.0
8,2016-04-21,2016-05-20,10,10,1,0.053
8,2016-05-20,2016-06-21,10,10,0,0.0
8,2016-06-21,2016-07-19,10,10,2,0.111
8,2016-07-19,2016-08-16,10,10,5,0.333
8,2016-08-16,2016-09-13,10,10,8,0.667
8,2016-09-13,2016-10-20,10,10,1,0.053
8,2016-10-20,2016-11-17,10,10,5,0.333
8,2016-11-17,2016-12-15,10,10,6,0.429
8,2016-12-15,2017-01-13,10,10,7,0.538
8,2017-01-13,2017-02-17,10,10,6,0.429
8,2017-02-17,2017-03-17,10,10,4,0.25
8,2017-03-17,2017-04-18,10,10,0,0.0
8,2017-04-18,2017-05-17,10,10,2,0.111
8,2017-05-17,2017-06-16,10,10,0,0.0
8,2017-06-16,2017-07-14,10,10,6,0.429
8,2017-07-14,2017-08-11,10,10,5,0.333
8,2017-08-11,2017-09-08,10,10,0,0.0
8,2017-09-08,2017-10-13,10,10,4,0.25
8,2017-10-13,2017-11-10,10,10,1,0.053
8,2017-11-10,2017-12-08,10,10,8,0.667
8,2017-12-08,2018-01-08,10,10,1,0.053
8,2018-01-08,2018-02-05,10,6,1,0.067
8,2018-02-05,2018-03-12,6,10,1,0.067
8,2018-03-12,2018-04-11,10,5,1,0.071
8,2018-04-11,2018-05-11,5,10,1,0.071
8,2018-05-11,2018-06-08,10,10,5,0.333
8,2018-06-08,2018-07-09,10,5,4,0.364
8,2018-07-09,2018-08-06,5,5,0,0.0
8,2018-08-06,2018-09-03,5,5,1,0.111
8,2018-09-03,2018-10-09,5,10,1,0.071
8,2018-10-09,2018-11-06,10,10,4,0.25
8,2018-11-06,2018-12-04,10,5,1,0.071
8,2018-12-04,2019-01-03,5,10,2,0.154
8,2019-01-03,2019-01-31,10,10,3,0.176
8,2019-01-31,2019-03-07,10,10,0,0.0
8,2019-03-07,2019-04-04,10,10,4,0.25
8,2019-04-04,2019-05-08,10,10,3,0.176
8,2019-05-08,2019-06-05,10,10,1,0.053
8,2019-06-05,2019-07-04,10,10,1,0.053
8,2019-07-04,2019-08-01,10,10,0,0.0
8,2019-08-01,2019-08-29,10,10,4,0.25
8,2019-08-29,2019-09-27,10,10,7,0.538
8,2019-09-27,2019-11-01,10,10,7,0.538
8,2019-11-01,2019-11-29,10,10,8,0.667
8,2019-11-29,2019-12-27,10,10,5,0.333
8,2019-12-27,2020-02-04,10,10,2,0.111
8,2020-02-04,2020-03-03,10,10,6,0.429
8,2020-03-03,2020-03-31,10,10,6,0.429
8,2020-03-31,2020-04-29,10,10,1,0.053
8,2020-04-29,2020-06-01,10,10,3,0.176
8,2020-06-01,2020-07-01,10,10,1,0.053
8,2020-07-01,2020-07-29,10,10,9,0.818
8,2020-07-29,2020-08-26,10,10,5,0.333
8,2020-08-26,2020-09-23,10,10,0,0.0
8,2020-09-23,2020-10-29,10,10,4,0.25
8,2020-10-29,2020-11-26,10,10,2,0.111
8,2020-11-26,2020-12-24,10,10,2,0.111
8,2020-12-24,2021-01-22,10,10,5,0.333
8,2021-01-22,2021-02-26,10,9,5,0.357
8,2021-02-26,2021-03-26,9,5,2,0.167
8,2021-03-26,2021-04-26,5,6,1,0.1
8,2021-04-26,2021-05-27,6,10,0,0.0
8,2021-05-27,2021-06-25,10,9,1,0.056
8,2021-06-25,2021-07-23,9,5,0,0.0
8,2021-07-23,2021-08-20,5,5,0,0.0
8,2021-08-20,2021-09-17,5,5,0,0.0
8,2021-09-17,2021-10-26,5,10,3,0.25
8,2021-10-26,2021-11-23,10,10,1,0.053
8,2021-11-23,2021-12-21,10,10,0,0.0
8,2021-12-21,2022-01-19,10,10,3,0.176
8,2022-01-19,2022-02-23,10,10,0,0.0
8,2022-02-23,2022-03-23,10,10,7,0.538
8,2022-03-23,2022-04-22,10,10,6,0.429
8,2022-04-22,2022-05-25,10,5,3,0.25
8,2022-05-25,2022-06-23,5,6,0,0.0
8,2022-06-23,2022-07-21,6,7,1,0.083
8,2022-07-21,2022-08-18,7,5,1,0.091
8,2022-08-18,2022-09-16,5,8,1,0.083
8,2022-09-16,2022-10-21,8,5,0,0.0
8,2022-10-21,2022-11-18,5,9,1,0.077
8,2022-11-18,2022-12-16,9,10,4,0.267
8,2022-12-16,2023-01-16,10,8,1,0.059
8,2023-01-16,2023-02-20,8,7,2,0.154
8,2023-02-20,2023-03-20,7,9,1,0.067
8,2023-03-20,2023-04-18,9,10,5,0.357
8,2023-04-18,2023-05-19,10,10,1,0.053
8,2023-05-19,2023-06-16,10,10,9,0.818
8,2023-06-16,2023-07-18,10,10,9,0.818
8,2023-07-18,2023-08-15,10,5,0,0.0
8,2023-08-15,2023-09-12,5,9,0,0.0
8,2023-09-12,2023-10-18,9,10,5,0.357
8,2023-10-18,2023-11-15,10,8,5,0.385
8,2023-11-15,2023-12-13,8,9,3,0.214
8,2023-12-13,2024-01-11,9,5,1,0.077
8,2024-01-11,2024-02-08,5,10,0,0.0
8,2024-02-08,2024-03-15,10,10,7,0.538
8,2024-03-15,2024-04-16,10,10,6,0.429
8,2024-04-16,2024-05-17,10,10,0,0.0
8,2024-05-17,2024-06-17,10,5,1,0.071
8,2024-06-17,2024-07-15,5,7,2,0.2
8,2024-07-15,2024-08-12,7,9,0,0.0
8,2024-08-12,2024-09-09,9,10,7,0.583
8,2024-09-09,2024-10-16,10,5,0,0.0
8,2024-10-16,2024-11-13,5,5,1,0.111
8,2024-11-13,2024-12-11,5,6,1,0.1
8,2024-12-11,2025-01-09,6,5,2,0.222
8,2025-01-09,2025-02-14,5,5,0,0.0
8,2025-02-14,2025-03-14,5,8,3,0.3
8,2025-03-14,2025-04-14,8,10,3,0.2
8,2025-04-14,2025-05-15,10,10,2,0.111
8,2025-05-15,2025-06-13,10,10,0,0.0
8,2025-06-13,2025-07-11,10,10,2,0.111
8,2025-07-11,2025-08-08,10,10,2,0.111
8,2025-08-08,2025-09-05,10,10,3,0.176
8,2025-09-05,2025-10-13,10,10,6,0.429
8,2025-10-13,2025-11-10,10,10,9,0.818
8,2025-11-10,2025-12-08,10,10,1,0.053
10,2010-01-18,2010-02-22,10,10,5,0.333
10,2010-02-22,2010-03-22,10,10,5,0.333
10,2010-03-22,2010-04-20,10,10,6,0.429
10,2010-04-20,2010-05-19,10,10,6,0.429
10,2010-05-19,2010-06-21,10,10,7,0.538
10,2010-06-21,2010-07-19,10,10,6,0.429
10,2010-07-19,2010-08-16,10,10,0,0.0
10,2010-08-16,2010-09-13,10,10,0,0.0
10,2010-09-13,2010-10-21,10,10,2,0.111
10,2010-10-21,2010-11-18,10,10,3,0.176
10,2010-11-18,2010-12-16,10,10,4,0.25
10,2010-12-16,2011-01-14,10,10,2,0.111
10,2011-01-14,2011-02-18,10,10,0,0.0
10,2011-02-18,2011-03-18,10,10,0,0.0
10,2011-03-18,2011-04-19,10,10,10,1.0
10,2011-04-19,2011-05-18,10,10,10,1.0
10,2011-05-18,2011-06-16,10,10,8,0.667
10,2011-06-16,2011-07-14,10,7,1,0.062
10,2011-07-14,2011-08-11,7,10,0,0.0
10,2011-08-11,2011-09-08,10,10,6,0.429
10,2011-09-08,2011-10-14,10,10,0,0.0
10,2011-10-14,2011-11-11,10,10,0,0.0
10,2011-11-11,2011-12-09,10,10,9,0.818
10,2011-12-09,2012-01-10,10,10,8,0.667
10,2012-01-10,2012-02-14,10,10,5,0.333
10,2012-02-14,2012-03-13,10,10,4,0.25
10,2012-03-13,2012-04-13,10,10,1,0.053
10,2012-04-13,2012-05-15,10,10,2,0.111
10,2012-05-15,2012-06-12,10,5,0,0.0
10,2012-06-12,2012-07-11,5,6,0,0.0
10,2012-07-11,2012-08-08,6,5,1,0.1
10,2012-08-08,2012-09-05,5,7,0,0.0
10,2012-09-05,2012-10-10,7,6,5,0.625
10,2012-10-10,2012-11-07,6,10,0,0.0
10,2012-11-07,2012-12-05,10,8,0,0.0
10,2012-12-05,2013-01-07,8,6,4,0.4
10,2013-01-07,2013-02-04,6,5,3,0.375
10,2013-02-04,2013-03-11,5,5,0,0.0
10,2013-03-11,2013-04-10,5,8,0,0.0
10,2013-04-10,2013-05-13,8,10,6,0.5
10,2013-05-13,2013-06-13,10,10,7,0.538
10,2013-06-13,2013-07-11,10,8,5,0.385
10,2013-07-11,2013-08-08,8,5,4,0.444
10,2013-08-08,2013-09-05,5,5,4,0.667
10,2013-09-05,2013-10-14,5,10,4,0.364
10,2013-10-14,2013-11-11,10,10,8,0.667
10,2013-11-11,2013-12-09,10,8,3,0.2
10,2013-12-09,2014-01-07,8,10,6,0.5
10,2014-01-07,2014-02-11,10,7,3,0.214
10,2014-02-11,2014-03-11,7,6,3,0.3
10,2014-03-11,2014-04-09,6,10,3,0.231
10,2014-04-09,2014-05-09,10,10,0,0.0
10,2014-05-09,2014-06-09,10,10,8,0.667
10,2014-06-09,2014-07-07,10,10,6,0.429
10,2014-07-07,2014-08-04,10,10,4,0.25
10,2014-08-04,2014-09-01,10,10,1,0.053
10,2014-09-01,2014-09-30,10,10,3,0.176
10,2014-09-30,2014-11-04,10,10,4,0.25
10,2014-11-04,2014-12-02,10,10,0,0.0
10,2014-12-02,2014-12-30,10,10,10,1.0
10,2014-12-30,2015-01-29,10,10,7,0.538
10,2015-01-29,2015-03-05,10,10,2,0.111
10,2015-03-05,2015-04-02,10,10,0,0.0
10,2015-04-02,2015-05-04,10,10,7,0.538
10,2015-05-04,2015-06-01,10,10,4,0.25
10,2015-06-01,2015-06-30,10,10,0,0.0
10,2015-06-30,2015-07-28,10,10,0,0.0
10,2015-07-28,2015-08-25,10,10,3,0.176
10,2015-08-25,2015-09-24,10,10,1,0.053
10,2015-09-24,2015-10-29,10,10,2,0.111
10,2015-10-29,2015-11-26,10,10,2,0.111
10,2015-11-26,2015-12-24,10,10,4,0.25
10,2015-12-24,2016-01-22,10,10,3,0.176
10,2016-01-22,2016-02-26,10,10,2,0.111
10,2016-02-26,2016-03-25,10,10,7,0.538
10,2016-03-25,2016-04-25,10,10,0,0.0
10,2016-04-25,2016-05-24,10,10,2,0.111
10,2016-05-24,2016-06-23,10,10,0,0.0
10,2016-06-23,2016-07-21,10,10,2,0.111
10,2016-07-21,2016-08-18,10,10,5,0.333
10,2016-08-18,2016-09-19,10,10,5,0.333
10,2016-09-19,2016-10-24,10,10,2,0.111
10,2016-10-24,2016-11-21,10,10,3,0.176
10,2016-11-21,2016-12-19,10,10,6,0.429
10,2016-12-19,2017-01-17,10,10,7,0.538
10,2017-01-17,2017-02-21,10,10,5,0.333
10,2017-02-21,2017-03-21,10,10,1,0.053
10,2017-03-21,2017-04-20,10,10,0,0.0
10,2017-04-20,2017-05-19,10,10,2,0.111
10,2017-05-19,2017-06-20,10,10,0,0.0
10,2017-06-20,2017-07-18,10,10,7,0.538
10,2017-07-18,2017-08-15,10,10,3,0.176
10,2017-08-15,2017-09-12,10,10,0,0.0
10,2017-09-12,2017-10-17,10,10,5,0.333
10,2017-10-17,2017-11-14,10,10,0,0.0
10,2017-11-14,2017-12-12,10,10,9,0.818
10,2017-12-12,2018-01-10,10,10,1,0.053
10,2018-01-10,2018-02-07,10,5,0,0.0
10,2018-02-07,2018-03-14,5,7,0,0.0
10,2018-03-14,2018-04-13,7,6,2,0.182
10,2018-04-13,2018-05-15,6,10,3,0.231
10,2018-05-15,2018-06-12,10,9,5,0.357
10,2018-06-12,2018-07-11,9,5,4,0.4
10,2018-07-11,2018-08-08,5,5,0,0.0
10,2018-08-08,2018-09-05,5,5,0,0.0
10,2018-09-05,2018-10-11,5,10,3,0.25
10,2018-10-11,2018-11-08,10,9,2,0.118
10,2018-11-08,2018-12-06,9,5,1,0.077
10,2018-12-06,2019-01-07,5,10,2,0.154
10,2019-01-07,2019-02-11,10,10,2,0.111
10,2019-02-11,2019-03-11,10,10,3,0.176
10,2019-03-11,2019-04-09,10,10,4,0.25
10,2019-04-09,2019-05-10,10,10,1,0.053
10,2019-05-10,2019-06-10,10,10,0,0.0
10,2019-06-10,2019-07-08,10,10,5,0.333
10,2019-07-08,2019-08-05,10,10,0,0.0
10,2019-08-05,2019-09-02,10,10,4,0.25
10,2019-09-02,2019-10-08,10,10,8,0.667
10,2019-10-08,2019-11-05,10,10,9,0.818
10,2019-11-05,2019-12-03,10,10,7,0.538
10,2019-12-03,2019-12-31,10,10,7,0.538
10,2019-12-31,2020-02-06,10,10,5,0.333
10,2020-02-06,2020-03-05,10,10,7,0.538
10,2020-03-05,2020-04-02,10,10,9,0.818
10,2020-04-02,2020-05-06,10,10,3,0.176
10,2020-05-06,2020-06-03,10,10,3,0.176
10,2020-06-03,2020-07-03,10,10,1,0.053
10,2020-07-03,2020-07-31,10,10,9,0.818
10,2020-07-31,2020-08-28,10,10,8,0.667
10,2020-08-28,2020-09-25,10,10,0,0.0
10,2020-09-25,2020-11-02,10,10,4,0.25
10,2020-11-02,2020-11-30,10,10,2,0.111
10,2020-11-30,2020-12-28,10,10,1,0.053
10,2020-12-28,2021-01-26,10,10,6,0.429
10,2021-01-26,2021-03-02,10,10,8,0.667
10,2021-03-02,2021-03-30,10,5,0,0.0
10,2021-03-30,2021-04-28,5,8,0,0.0
10,2021-04-28,2021-05-31,8,9,0,0.0
10,2021-05-31,2021-06-29,9,9,1,0.059
10,2021-06-29,2021-07-27,9,5,0,0.0
10,2021-07-27,2021-08-24,5,5,0,0.0
10,2021-08-24,2021-09-23,5,9,0,0.0
10,2021-09-23,2021-10-28,9,10,9,0.9
10,2021-10-28,2021-11-25,10,10,1,0.053
10,2021-11-25,2021-12-23,10,10,0,0.0
10,2021-12-23,2022-01-21,10,10,2,0.111
10,2022-01-21,2022-02-25,10,10,0,0.0
10,2022-02-25,2022-03-25,10,10,9,0.818
10,2022-03-25,2022-04-26,10,10,6,0.429
10,2022-04-26,2022-05-27,10,5,3,0.25
10,2022-05-27,2022-06-27,5,6,0,0.0
10,2022-06-27,2022-07-25,6,5,1,0.1
10,2022-07-25,2022-08-22,5,5,1,0.111
10,2022-08-22,2022-09-20,5,7,1,0.091
10,2022-09-20,2022-10-25,7,5,0,0.0
10,2022-10-25,2022-11-22,5,9,1,0.077
10,2022-11-22,2022-12-20,9,10,3,0.188
10,2022-12-20,2023-01-18,10,6,1,0.067
10,2023-01-18,2023-02-22,6,7,2,0.182
10,2023-02-22,2023-03-22,7,7,0,0.0
10,2023-03-22,2023-04-20,7,10,6,0.545
10,2023-04-20,2023-05-23,10,10,1,0.053
10,2023-05-23,2023-06-20,10,10,9,0.818
10,2023-06-20,2023-07-20,10,10,9,0.818
10,2023-07-20,2023-08-17,10,5,0,0.0
10,2023-08-17,2023-09-14,5,10,0,0.0
10,2023-09-14,2023-10-20,10,9,6,0.462
10,2023-10-20,2023-11-17,9,8,4,0.308
10,2023-11-17,2023-12-15,8,8,3,0.231
10,2023-12-15,2024-01-15,8,5,2,0.182
10,2024-01-15,2024-02-20,5,10,4,0.364
10,2024-02-20,2024-03-19,10,10,7,0.538
10,2024-03-19,2024-04-18,10,10,7,0.538
10,2024-04-18,2024-05-21,10,8,0,0.0
10,2024-05-21,2024-06-19,8,5,2,0.182
10,2024-06-19,2024-07-17,5,6,0,0.0
10,2024-07-17,2024-08-14,6,9,1,0.071
10,2024-08-14,2024-09-11,9,9,8,0.8
10,2024-09-11,2024-10-18,9,7,0,0.0
10,2024-10-18,2024-11-15,7,5,2,0.2
10,2024-11-15,2024-12-13,5,6,1,0.1
10,2024-12-13,2025-01-13,6,5,1,0.1
10,2025-01-13,2025-02-18,5,5,0,0.0
10,2025-02-18,2025-03-18,5,8,3,0.3
10,2025-03-18,2025-04-16,8,10,3,0.2
10,2025-04-16,2025-05-19,10,10,2,0.111
10,2025-05-19,2025-06-17,10,10,0,0.0
10,2025-06-17,2025-07-15,10,10,1,0.053
10,2025-07-15,2025-08-12,10,10,2,0.111
10,2025-08-12,2025-09-09,10,10,5,0.333
10,2025-09-09,2025-10-15,10,10,7,0.538
10,2025-10-15,2025-11-12,10,10,8,0.667
10,2025-11-12,2025-12-10,10,10,3,0.176
12,2010-01-20,2010-02-24,10,10,4,0.25
12,2010-02-24,2010-03-24,10,10,6,0.429
12,2010-03-24,2010-04-22,10,10,4,0.25
12,2010-04-22,2010-05-21,10,10,7,0.538
12,2010-05-21,2010-06-23,10,10,6,0.429
12,2010-06-23,2010-07-21,10,10,4,0.25
12,2010-07-21,2010-08-18,10,10,2,0.111
12,2010-08-18,2010-09-15,10,10,1,0.053
12,2010-09-15,2010-10-25,10,10,2,0.111
12,2010-10-25,2010-11-22,10,10,4,0.25
12,2010-11-22,2010-12-20,10,10,6,0.429
12,2010-12-20,2011-01-18,10,10,0,0.0
12,2011-01-18,2011-02-22,10,10,1,0.053
12,2011-02-22,2011-03-22,10,10,0,0.0
12,2011-03-22,2011-04-21,10,10,10,1.0
12,2011-04-21,2011-05-20,10,10,9,0.818
12,2011-05-20,2011-06-20,10,10,8,0.667
12,2011-06-20,2011-07-18,10,8,1,0.059
12,2011-07-18,2011-08-15,8,10,1,0.059
12,2011-08-15,2011-09-13,10,10,6,0.429
12,2011-09-13,2011-10-18,10,9,0,0.0
12,2011-10-18,2011-11-15,9,10,0,0.0
12,2011-11-15,2011-12-13,10,10,9,0.818
12,2011-12-13,2012-01-12,10,10,8,0.667
12,2012-01-12,2012-02-16,10,10,5,0.333
12,2012-02-16,2012-03-15,10,10,3,0.176
12,2012-03-15,2012-04-17,10,10,1,0.053
12,2012-04-17,2012-05-17,10,9,2,0.118
12,2012-05-17,2012-06-14,9,5,0,0.0
12,2012-06-14,2012-07-13,5,10,0,0.0
12,2012-07-13,2012-08-10,10,5,0,0.0
12,2012-08-10,2012-09-07,5,7,0,0.0
12,2012-09-07,2012-10-12,7,5,2,0.2
12,2012-10-12,2012-11-09,5,10,0,0.0
12,2012-11-09,2012-12-07,10,10,0,0.0
12,2012-12-07,2013-01-09,10,8,3,0.2
12,2013-01-09,2013-02-06,8,5,0,0.0
12,2013-02-06,2013-03-13,5,5,0,0.0
12,2013-03-13,2013-04-12,5,9,0,0.0
12,2013-04-12,2013-05-15,9,10,6,0.462
12,2013-05-15,2013-06-17,10,9,5,0.357
12,2013-06-17,2013-07-15,9,9,6,0.5
12,2013-07-15,2013-08-12,9,5,5,0.556
12,2013-08-12,2013-09-09,5,5,4,0.667
12,2013-09-09,2013-10-16,5,10,4,0.364
12,2013-10-16,2013-11-13,10,10,7,0.538
12,2013-11-13,2013-12-11,10,7,4,0.308
12,2013-12-11,2014-01-09,7,10,5,0.417
12,2014-01-09,2014-02-13,10,6,3,0.231
12,2014-02-13,2014-03-13,6,6,3,0.333
12,2014-03-13,2014-04-11,6,10,2,0.143
12,2014-04-11,2014-05-13,10,10,0,0.0
12,2014-05-13,2014-06-11,10,10,9,0.818
12,2014-06-11,2014-07-09,10,10,8,0.667
12,2014-07-09,2014-08-06,10,10,7,0.538
12,2014-08-06,2014-09-03,10,10,1,0.053
12,2014-09-03,2014-10-09,10,10,5,0.333
12,2014-10-09,2014-11-06,10,10,4,0.25
12,2014-11-06,2014-12-04,10,10,0,0.0
12,2014-12-04,2015-01-05,10,10,8,0.667
12,2015-01-05,2015-02-02,10,10,8,0.667
12,2015-02-02,2015-03-09,10,10,0,0.0
12,2015-03-09,2015-04-07,10,10,0,0.0
12,2015-04-07,2015-05-06,10,10,8,0.667
12,2015-05-06,2015-06-03,10,10,3,0.176
12,2015-06-03,2015-07-02,10,10,0,0.0
12,2015-07-02,2015-07-30,10,10,0,0.0
12,2015-07-30,2015-08-27,10,10,2,0.111
12,2015-08-27,2015-09-28,10,10,1,0.053
12,2015-09-28,2015-11-02,10,10,1,0.053
12,2015-11-02,2015-11-30,10,10,0,0.0
12,2015-11-30,2015-12-28,10,10,5,0.333
12,2015-12-28,2016-01-26,10,10,3,0.176
12,2016-01-26,2016-03-01,10,10,0,0.0
12,2016-03-01,2016-03-29,10,10,7,0.538
12,2016-03-29,2016-04-27,10,10,0,0.0
12,2016-04-27,2016-05-26,10,10,0,0.0
12,2016-05-26,2016-06-27,10,10,0,0.0
12,2016-06-27,2016-07-25,10,10,4,0.25
12,2016-07-25,2016-08-22,10,10,7,0.538
12,2016-08-22,2016-09-21,10,10,4,0.25
12,2016-09-21,2016-10-26,10,10,2,0.111
12,2016-10-26,2016-11-23,10,10,4,0.25
12,2016-11-23,2016-12-21,10,10,5,0.333
12,2016-12-21,2017-01-19,10,10,6,0.429
12,2017-01-19,2017-02-23,10,10,5,0.333
12,2017-02-23,2017-03-23,10,10,1,0.053
12,2017-03-23,2017-04-24,10,10,0,0.0
12,2017-04-24,2017-05-23,10,10,0,0.0
12,2017-05-23,2017-06-22,10,10,1,0.053
12,2017-06-22,2017-07-20,10,10,8,0.667
12,2017-07-20,2017-08-17,10,10,2,0.111
12,2017-08-17,2017-09-14,10,10,0,0.0
12,2017-09-14,2017-10-19,10,10,3,0.176
12,2017-10-19,2017-11-16,10,10,0,0.0
12,2017-11-16,2017-12-14,10,10,9,0.818
12,2017-12-14,2018-01-12,10,10,2,0.111
12,2018-01-12,2018-02-09,10,5,0,0.0
12,2018-02-09,2018-03-16,5,6,0,0.0
12,2018-03-16,2018-04-17,6,5,0,0.0
12,2018-04-17,2018-05-17,5,10,3,0.25
12,2018-05-17,2018-06-14,10,10,4,0.25
12,2018-06-14,2018-07-13,10,5,2,0.154
12,2018-07-13,2018-08-10,5,5,0,0.0
12,2018-08-10,2018-09-07,5,6,0,0.0
12,2018-09-07,2018-10-15,6,10,5,0.455
12,2018-10-15,2018-11-12,10,9,1,0.056
12,2018-11-12,2018-12-10,9,5,1,0.077
12,2018-12-10,2019-01-09,5,10,3,0.25
12,2019-01-09,2019-02-13,10,10,3,0.176
12,2019-02-13,2019-03-13,10,10,0,0.0
12,2019-03-13,2019-04-11,10,10,2,0.111
12,2019-04-11,2019-05-14,10,10,1,0.053
12,2019-05-14,2019-06-12,10,10,0,0.0
12,2019-06-12,2019-07-10,10,10,7,0.538
12,2019-07-10,2019-08-07,10,10,0,0.0
12,2019-08-07,2019-09-04,10,10,5,0.333
12,2019-09-04,2019-10-10,10,10,7,0.538
12,2019-10-10,2019-11-07,10,10,7,0.538
12,2019-11-07,2019-12-05,10,10,8,0.667
12,2019-12-05,2020-01-03,10,10,5,0.333
12,2020-01-03,2020-02-10,10,10,5,0.333
12,2020-02-10,2020-03-09,10,10,5,0.333
12,2020-03-09,2020-04-07,10,10,5,0.333
12,2020-04-07,2020-05-08,10,10,7,0.538
12,2020-05-08,2020-06-05,10,10,4,0.25
12,2020-06-05,2020-07-07,10,10,2,0.111
12,2020-07-07,2020-08-04,10,10,8,0.667
12,2020-08-04,2020-09-01,10,10,6,0.429
12,2020-09-01,2020-09-29,10,10,0,0.0
12,2020-09-29,2020-11-04,10,10,6,0.429
12,2020-11-04,2020-12-02,10,10,2,0.111
12,2020-12-02,2020-12-30,10,10,1,0.053
12,2020-12-30,2021-01-28,10,10,5,0.333
12,2021-01-28,2021-03-04,10,7,5,0.417
12,2021-03-04,2021-04-01,7,8,0,0.0
12,2021-04-01,2021-04-30,8,5,0,0.0
12,2021-04-30,2021-06-02,5,10,0,0.0
12,2021-06-02,2021-07-01,10,9,1,0.056
12,2021-07-01,2021-07-29,9,5,1,0.077
12,2021-07-29,2021-08-26,5,5,1,0.111
12,2021-08-26,2021-09-27,5,10,0,0.0
12,2021-09-27,2021-11-01,10,10,8,0.667
12,2021-11-01,2021-11-29,10,10,1,0.053
12,2021-11-29,2021-12-27,10,10,0,0.0
12,2021-12-27,2022-01-25,10,9,3,0.188
12,2022-01-25,2022-03-01,9,10,0,0.0
12,2022-03-01,2022-03-29,10,10,9,0.818
12,2022-03-29,2022-04-28,10,10,7,0.538
12,2022-04-28,2022-05-31,10,5,3,0.25
12,2022-05-31,2022-06-29,5,9,0,0.0
12,2022-06-29,2022-07-27,9,5,1,0.077
12,2022-07-27,2022-08-24,5,5,1,0.111
12,2022-08-24,2022-09-22,5,5,0,0.0
12,2022-09-22,2022-10-27,5,5,0,0.0
12,2022-10-27,2022-11-24,5,8,3,0.3
12,2022-11-24,2022-12-22,8,7,0,0.0
12,2022-12-22,2023-01-20,7,5,0,0.0
12,2023-01-20,2023-02-24,5,9,2,0.167
12,2023-02-24,2023-03-24,9,10,0,0.0
12,2023-03-24,2023-04-24,10,10,4,0.25
12,2023-04-24,2023-05-25,10,10,5,0.333
12,2023-05-25,2023-06-26,10,9,9,0.9
12,2023-06-26,2023-07-24,9,10,9,0.9
12,2023-07-24,2023-08-21,10,5,0,0.0
12,2023-08-21,2023-09-18,5,6,0,0.0
12,2023-09-18,2023-10-24,6,10,3,0.231
12,2023-10-24,2023-11-21,10,9,5,0.357
12,2023-11-21,2023-12-19,9,7,3,0.231
12,2023-12-19,2024-01-17,7,5,1,0.091
12,2024-01-17,2024-02-22,5,10,5,0.5
12,2024-02-22,2024-03-21,10,10,6,0.429
12,2024-03-21,2024-04-22,10,10,1,0.053
12,2024-04-22,2024-05-23,10,10,2,0.111
12,2024-05-23,2024-06-21,10,5,0,0.0
12,2024-06-21,2024-07-19,5,5,1,0.111
12,2024-07-19,2024-08-16,5,8,2,0.182
12,2024-08-16,2024-09-13,8,10,7,0.636
12,2024-09-13,2024-10-22,10,7,0,0.0
12,2024-10-22,2024-11-19,7,5,3,0.333
12,2024-11-19,2024-12-17,5,7,1,0.091
12,2024-12-17,2025-01-15,7,5,0,0.0
12,2025-01-15,2025-02-20,5,6,1,0.1
12,2025-02-20,2025-03-20,6,7,1,0.083
12,2025-03-20,2025-04-18,7,10,2,0.133
12,2025-04-18,2025-05-21,10,10,2,0.111
12,2025-05-21,2025-06-19,10,10,0,0.0
12,2025-06-19,2025-07-17,10,10,0,0.0
12,2025-07-17,2025-08-14,10,10,2,0.111
12,2025-08-14,2025-09-11,10,10,3,0.176
12,2025-09-11,2025-10-17,10,10,7,0.538
12,2025-10-17,2025-11-14,10,10,8,0.667
12,2025-11-14,2025-12-12,10,10,0,0.0
14,2010-01-22,2010-02-26,10,10,5,0.333
14,2010-02-26,2010-03-26,10,10,6,0.429
14,2010-03-26,2010-04-26,10,10,6,0.429
14,2010-04-26,2010-05-25,10,10,7,0.538
14,2010-05-25,2010-06-25,10,10,8,0.667
14,2010-06-25,2010-07-23,10,10,0,0.0
14,2010-07-23,2010-08-20,10,10,0,0.0
14,2010-08-20,2010-09-17,10,10,5,0.333
14,2010-09-17,2010-10-27,10,10,2,0.111
14,2010-10-27,2010-11-24,10,10,4,0.25
14,2010-11-24,2010-12-22,10,10,6,0.429
14,2010-12-22,2011-01-20,10,10,0,0.0
14,2011-01-20,2011-02-24,10,10,0,0.0
14,2011-02-24,2011-03-24,10,10,0,0.0
14,2011-03-24,2011-04-25,10,10,10,1.0
14,2011-04-25,2011-05-24,10,10,9,0.818
14,2011-05-24,2011-06-22,10,10,6,0.429
14,2011-06-22,2011-07-20,10,10,0,0.0
14,2011-07-20,2011-08-17,10,9,3,0.188
14,2011-08-17,2011-09-15,9,9,7,0.636
14,2011-09-15,2011-10-20,9,8,0,0.0
14,2011-10-20,2011-11-17,8,7,0,0.0
14,2011-11-17,2011-12-15,7,10,7,0.7
14,2011-12-15,2012-01-16,10,10,7,0.538
14,2012-01-16,2012-02-20,10,10,1,0.053
14,2012-02-20,2012-03-19,10,10,2,0.111
14,2012-03-19,2012-04-19,10,10,1,0.053
14,2012-04-19,2012-05-21,10,10,3,0.176
14,2012-05-21,2012-06-18,10,5,0,0.0
14,2012-06-18,2012-07-17,5,5,0,0.0
14,2012-07-17,2012-08-14,5,5,0,0.0
14,2012-08-14,2012-09-11,5,7,0,0.0
14,2012-09-11,2012-10-16,7,5,2,0.2
14,2012-10-16,2012-11-13,5,6,0,0.0
14,2012-11-13,2012-12-11,6,10,0,0.0
14,2012-12-11,2013-01-11,10,7,3,0.214
14,2013-01-11,2013-02-08,7,5,1,0.091
14,2013-02-08,2013-03-15,5,5,0,0.0
14,2013-03-15,2013-04-16,5,9,0,0.0
14,2013-04-16,2013-05-17,9,10,5,0.357
14,2013-05-17,2013-06-19,10,10,5,0.333
14,2013-06-19,2013-07-17,10,9,7,0.583
14,2013-07-17,2013-08-14,9,5,5,0.556
14,2013-08-14,2013-09-11,5,8,4,0.444
14,2013-09-11,2013-10-18,8,10,4,0.286
14,2013-10-18,2013-11-15,10,9,7,0.583
14,2013-11-15,2013-12-13,9,7,5,0.455
14,2013-12-13,2014-01-13,7,10,4,0.308
14,2014-01-13,2014-02-17,10,5,3,0.25
14,2014-02-17,2014-03-17,5,5,3,0.429
14,2014-03-17,2014-04-15,5,10,2,0.154
14,2014-04-15,2014-05-15,10,10,0,0.0
14,2014-05-15,2014-06-13,10,10,8,0.667
14,2014-06-13,2014-07-11,10,10,8,0.667
14,2014-07-11,2014-08-08,10,10,8,0.667
14,2014-08-08,2014-09-05,10,10,0,0.0
14,2014-09-05,2014-10-13,10,10,6,0.429
14,2014-10-13,2014-11-10,10,10,5,0.333
14,2014-11-10,2014-12-08,10,10,0,0.0
14,2014-12-08,2015-01-07,10,10,8,0.667
14,2015-01-07,2015-02-04,10,10,7,0.538
14,2015-02-04,2015-03-11,10,10,0,0.0
14,2015-03-11,2015-04-09,10,10,0,0.0
14,2015-04-09,2015-05-08,10,10,7,0.538
14,2015-05-08,2015-06-05,10,10,5,0.333
14,2015-06-05,2015-07-06,10,10,0,0.0
14,2015-07-06,2015-08-03,10,10,0,0.0
14,2015-08-03,2015-08-31,10,10,1,0.053
14,2015-08-31,2015-09-30,10,10,1,0.053
14,2015-09-30,2015-11-04,10,10,1,0.053
14,2015-11-04,2015-12-02,10,10,0,0.0
14,2015-12-02,2015-12-30,10,10,5,0.333
14,2015-12-30,2016-01-28,10,10,4,0.25
14,2016-01-28,2016-03-03,10,10,0,0.0
14,2016-03-03,2016-03-31,10,10,6,0.429
14,2016-03-31,2016-04-29,10,10,0,0.0
14,2016-04-29,2016-05-30,10,10,0,0.0
14,2016-05-30,2016-06-29,10,10,0,0.0
14,2016-06-29,2016-07-27,10,10,4,0.25
14,2016-07-27,2016-08-24,10,10,7,0.538
14,2016-08-24,2016-09-23,10,10,0,0.0
14,2016-09-23,2016-10-28,10,10,3,0.176
14,2016-10-28,2016-11-25,10,10,4,0.25
14,2016-11-25,2016-12-23,10,10,5,0.333
14,2016-12-23,2017-01-23,10,10,7,0.538
14,2017-01-23,2017-02-27,10,10,7,0.538
14,2017-02-27,2017-03-27,10,10,0,0.0
14,2017-03-27,2017-04-26,10,10,1,0.053
14,2017-04-26,2017-05-25,10,10,1,0.053
14,2017-05-25,2017-06-26,10,10,4,0.25
14,2017-06-26,2017-07-24,10,10,9,0.818
14,2017-07-24,2017-08-21,10,10,2,0.111
14,2017-08-21,2017-09-18,10,10,0,0.0
14,2017-09-18,2017-10-23,10,10,5,0.333
14,2017-10-23,2017-11-20,10,10,0,0.0
14,2017-11-20,2017-12-18,10,10,9,0.818
14,2017-12-18,2018-01-16,10,10,0,0.0
14,2018-01-16,2018-02-13,10,7,0,0.0
14,2018-02-13,2018-03-20,7,8,0,0.0
14,2018-03-20,2018-04-19,8,9,0,0.0
14,2018-04-19,2018-05-21,9,10,4,0.267
14,2018-05-21,2018-06-19,10,10,4,0.25
14,2018-06-19,2018-07-17,10,5,0,0.0
14,2018-07-17,2018-08-14,5,5,1,0.111
14,2018-08-14,2018-09-11,5,9,0,0.0
14,2018-09-11,2018-10-17,9,10,8,0.727
14,2018-10-17,2018-11-14,10,9,1,0.056
14,2018-11-14,2018-12-12,9,8,0,0.0
14,2018-12-12,2019-01-11,8,10,6,0.5
14,2019-01-11,2019-02-15,10,10,1,0.053
14,2019-02-15,2019-03-15,10,10,0,0.0
14,2019-03-15,2019-04-15,10,10,3,0.176
14,2019-04-15,2019-05-16,10,10,1,0.053
14,2019-05-16,2019-06-14,10,10,0,0.0
14,2019-06-14,2019-07-12,10,10,6,0.429
14,2019-07-12,2019-08-09,10,10,0,0.0
14,2019-08-09,2019-09-06,10,10,5,0.333
14,2019-09-06,2019-10-14,10,10,5,0.333
14,2019-10-14,2019-11-11,10,10,5,0.333
14,2019-11-11,2019-12-09,10,10,8,0.667
14,2019-12-09,2020-01-07,10,10,1,0.053
14,2020-01-07,2020-02-12,10,10,3,0.176
14,2020-02-12,2020-03-11,10,10,7,0.538
14,2020-03-11,2020-04-09,10,10,6,0.429
14,2020-04-09,2020-05-12,10,10,7,0.538
14,2020-05-12,2020-06-09,10,10,4,0.25
14,2020-06-09,2020-07-09,10,10,2,0.111
14,2020-07-09,2020-08-06,10,10,7,0.538
14,2020-08-06,2020-09-03,10,10,3,0.176
14,2020-09-03,2020-10-09,10,10,0,0.0
14,2020-10-09,2020-11-06,10,10,6,0.429
14,2020-11-06,2020-12-04,10,10,2,0.111
14,2020-12-04,2021-01-04,10,10,0,0.0
14,2021-01-04,2021-02-01,10,10,6,0.429
14,2021-02-01,2021-03-08,10,7,5,0.417
14,2021-03-08,2021-04-06,7,10,0,0.0
14,2021-04-06,2021-05-07,10,5,0,0.0
14,2021-05-07,2021-06-04,5,7,0,0.0
14,2021-06-04,2021-07-05,7,10,1,0.062
14,2021-07-05,2021-08-02,10,5,1,0.071
14,2021-08-02,2021-08-30,5,5,2,0.25
14,2021-08-30,2021-09-29,5,10,0,0.0
14,2021-09-29,2021-11-03,10,10,6,0.429
14,2021-11-03,2021-12-01,10,10,2,0.111
14,2021-12-01,2021-12-29,10,10,0,0.0
14,2021-12-29,2022-01-27,10,5,2,0.154
14,2022-01-27,2022-03-03,5,10,0,0.0
14,2022-03-03,2022-03-31,10,10,7,0.538
14,2022-03-31,2022-05-05,10,10,8,0.667
14,2022-05-05,2022-06-02,10,5,0,0.0
14,2022-06-02,2022-07-01,5,9,0,0.0
14,2022-07-01,2022-07-29,9,6,1,0.071
14,2022-07-29,2022-08-26,6,5,1,0.1
14,2022-08-26,2022-09-26,5,5,0,0.0
14,2022-09-26,2022-10-31,5,5,1,0.111
14,2022-10-31,2022-11-28,5,8,3,0.3
14,2022-11-28,2022-12-26,8,6,0,0.0
14,2022-12-26,2023-01-31,6,7,0,0.0
14,2023-01-31,2023-02-28,7,8,2,0.154
14,2023-02-28,2023-03-28,8,10,0,0.0
14,2023-03-28,2023-04-26,10,10,2,0.111
14,2023-04-26,2023-05-29,10,10,8,0.667
14,2023-05-29,2023-06-28,10,10,10,1.0
14,2023-06-28,2023-07-26,10,10,10,1.0
14,2023-07-26,2023-08-23,10,6,3,0.231
14,2023-08-23,2023-09-20,6,7,1,0.083
14,2023-09-20,2023-10-26,7,8,2,0.154
14,2023-10-26,2023-11-23,8,8,1,0.067
14,2023-11-23,2023-12-21,8,5,1,0.083
14,2023-12-21,2024-01-19,5,6,0,0.0
14,2024-01-19,2024-02-26,6,10,5,0.455
14,2024-02-26,2024-03-25,10,10,7,0.538
14,2024-03-25,2024-04-24,10,10,0,0.0
14,2024-04-24,2024-05-27,10,10,1,0.053
14,2024-05-27,2024-06-25,10,5,0,0.0
14,2024-06-25,2024-07-23,5,6,0,0.0
14,2024-07-23,2024-08-20,6,9,2,0.154
14,2024-08-20,2024-09-19,9,10,7,0.583
14,2024-09-19,2024-10-24,10,7,0,0.0
14,2024-10-24,2024-11-21,7,5,3,0.333
14,2024-11-21,2024-12-19,5,7,2,0.2
14,2024-12-19,2025-01-17,7,5,0,0.0
14,2025-01-17,2025-02-24,5,6,1,0.1
14,2025-02-24,2025-03-24,6,8,2,0.167
14,2025-03-24,2025-04-22,8,10,3,0.2
14,2025-04-22,2025-05-23,10,10,2,0.111
14,2025-05-23,2025-06-23,10,10,0,0.0
14,2025-06-23,2025-07-21,10,10,0,0.0
14,2025-07-21,2025-08-18,10,10,4,0.25
14,2025-08-18,2025-09-15,10,10,5,0.333
14,2025-09-15,2025-10-21,10,10,8,0.667
14,2025-10-21,2025-11-18,10,10,7,0.538
14,2025-11-18,2025-12-16,10,10,0,0.0
16,2010-01-26,2010-03-02,10,10,5,0.333
16,2010-03-02,2010-03-30,10,10,6,0.429
16,2010-03-30,2010-04-28,10,10,4,0.25
16,2010-04-28,2010-05-27,10,10,7,0.538
16,2010-05-27,2010-06-29,10,10,8,0.667
16,2010-06-29,2010-07-27,10,10,0,0.0
16,2010-07-27,2010-08-24,10,10,0,0.0
16,2010-08-24,2010-09-21,10,10,7,0.538
16,2010-09-21,2010-10-29,10,10,1,0.053
16,2010-10-29,2010-11-26,10,10,4,0.25
16,2010-11-26,2010-12-24,10,10,2,0.111
16,2010-12-24,2011-01-24,10,10,1,0.053
16,2011-01-24,2011-02-28,10,10,0,0.0
16,2011-02-28,2011-03-28,10,10,1,0.053
16,2011-03-28,2011-04-27,10,10,10,1.0
16,2011-04-27,2011-05-26,10,10,9,0.818
16,2011-05-26,2011-06-24,10,10,7,0.538
16,2011-06-24,2011-07-22,10,10,0,0.0
16,2011-07-22,2011-08-19,10,10,3,0.176
16,2011-08-19,2011-09-19,10,10,7,0.538
16,2011-09-19,2011-10-24,10,7,2,0.133
16,2011-10-24,2011-11-21,7,6,0,0.0
16,2011-11-21,2011-12-19,6,9,6,0.667
16,2011-12-19,2012-01-18,9,10,8,0.727
16,2012-01-18,2012-02-22,10,10,0,0.0
16,2012-02-22,2012-03-21,10,10,2,0.111
16,2012-03-21,2012-04-23,10,10,0,0.0
16,2012-04-23,2012-05-23,10,10,4,0.25
16,2012-05-23,2012-06-20,10,5,0,0.0
16,2012-06-20,2012-07-19,5,5,0,0.0
16,2012-07-19,2012-08-16,5,5,0,0.0
16,2012-08-16,2012-09-13,5,5,0,0.0
16,2012-09-13,2012-10-18,5,5,1,0.111
16,2012-10-18,2012-11-15,5,10,1,0.071
16,2012-11-15,2012-12-13,10,10,0,0.0
16,2012-12-13,2013-01-15,10,8,3,0.2
16,2013-01-15,2013-02-19,8,5,0,0.0
16,2013-02-19,2013-03-19,5,5,0,0.0
16,2013-03-19,2013-04-18,5,10,0,0.0
16,2013-04-18,2013-05-21,10,10,5,0.333
16,2013-05-21,2013-06-21,10,10,5,0.333
16,2013-06-21,2013-07-19,10,9,8,0.727
16,2013-07-19,2013-08-16,9,6,6,0.667
16,2013-08-16,2013-09-13,6,6,5,0.714
16,2013-09-13,2013-10-22,6,10,4,0.333
16,2013-10-22,2013-11-19,10,7,6,0.545
16,2013-11-19,2013-12-17,7,10,6,0.545
16,2013-12-17,2014-01-15,10,10,5,0.333
16,2014-01-15,2014-02-19,10,6,3,0.231
16,2014-02-19,2014-03-19,6,6,2,0.2
16,2014-03-19,2014-04-17,6,10,4,0.333
16,2014-04-17,2014-05-19,10,10,0,0.0
16,2014-05-19,2014-06-17,10,10,7,0.538
16,2014-06-17,2014-07-15,10,10,9,0.818
16,2014-07-15,2014-08-12,10,10,3,0.176
16,2014-08-12,2014-09-10,10,10,4,0.25
16,2014-09-10,2014-10-15,10,10,6,0.429
16,2014-10-15,2014-11-12,10,10,4,0.25
16,2014-11-12,2014-12-10,10,10,0,0.0
16,2014-12-10,2015-01-09,10,10,7,0.538
16,2015-01-09,2015-02-06,10,10,7,0.538
16,2015-02-06,2015-03-13,10,10,0,0.0
16,2015-03-13,2015-04-13,10,10,1,0.053
16,2015-04-13,2015-05-12,10,10,4,0.25
16,2015-05-12,2015-06-09,10,10,3,0.176
16,2015-06-09,2015-07-08,10,10,0,0.0
16,2015-07-08,2015-08-05,10,10,0,0.0
16,2015-08-05,2015-09-02,10,10,1,0.053
16,2015-09-02,2015-10-09,10,10,1,0.053
16,2015-10-09,2015-11-06,10,10,3,0.176
16,2015-11-06,2015-12-04,10,10,0,0.0
16,2015-12-04,2016-01-04,10,10,5,0.333
16,2016-01-04,2016-02-01,10,10,5,0.333
16,2016-02-01,2016-03-07,10,10,4,0.25
16,2016-03-07,2016-04-05,10,10,8,0.667
16,2016-04-05,2016-05-04,10,10,0,0.0
16,2016-05-04,2016-06-01,10,10,0,0.0
16,2016-06-01,2016-07-01,10,10,0,0.0
16,2016-07-01,2016-07-29,10,10,6,0.429
16,2016-07-29,2016-08-26,10,10,8,0.667
16,2016-08-26,2016-09-27,10,10,0,0.0
16,2016-09-27,2016-11-01,10,10,4,0.25
16,2016-11-01,2016-11-29,10,10,6,0.429
16,2016-11-29,2016-12-27,10,10,7,0.538
16,2016-12-27,2017-01-25,10,10,6,0.429
16,2017-01-25,2017-03-01,10,10,5,0.333
16,2017-03-01,2017-03-29,10,10,0,0.0
16,2017-03-29,2017-04-28,10,10,0,0.0
16,2017-04-28,2017-05-31,10,10,1,0.053
16,2017-05-31,2017-06-28,10,10,4,0.25
16,2017-06-28,2017-07-26,10,10,8,0.667
16,2017-07-26,2017-08-23,10,10,2,0.111
16,2017-08-23,2017-09-20,10,10,0,0.0
16,2017-09-20,2017-10-25,10,10,2,0.111
16,2017-10-25,2017-11-22,10,10,5,0.333
16,2017-11-22,2017-12-20,10,10,1,0.053
16,2017-12-20,2018-01-18,10,10,5,0.333
16,2018-01-18,2018-02-22,10,6,3,0.231
16,2018-02-22,2018-03-22,6,10,0,0.0
16,2018-03-22,2018-04-23,10,10,0,0.0
16,2018-04-23,2018-05-23,10,10,3,0.176
16,2018-05-23,2018-06-21,10,10,5,0.333
16,2018-06-21,2018-07-19,10,6,0,0.0
16,2018-07-19,2018-08-16,6,5,0,0.0
16,2018-08-16,2018-09-13,5,10,0,0.0
16,2018-09-13,2018-10-19,10,10,7,0.538
16,2018-10-19,2018-11-16,10,8,2,0.125
16,2018-11-16,2018-12-14,8,7,0,0.0
16,2018-12-14,2019-01-15,7,10,4,0.308
16,2019-01-15,2019-02-19,10,10,0,0.0
16,2019-02-19,2019-03-19,10,10,0,0.0
16,2019-03-19,2019-04-17,10,10,4,0.25
16,2019-04-17,2019-05-20,10,10,1,0.053
16,2019-05-20,2019-06-18,10,10,1,0.053
16,2019-06-18,2019-07-16,10,10,6,0.429
16,2019-07-16,2019-08-13,10,10,1,0.053
16,2019-08-13,2019-09-10,10,10,5,0.333
16,2019-09-10,2019-10-16,10,10,4,0.25
16,2019-10-16,2019-11-13,10,10,5,0.333
16,2019-11-13,2019-12-11,10,10,7,0.538
16,2019-12-11,2020-01-09,10,10,2,0.111
16,2020-01-09,2020-02-14,10,10,4,0.25
16,2020-02-14,2020-03-13,10,10,7,0.538
16,2020-03-13,2020-04-13,10,10,4,0.25
16,2020-04-13,2020-05-14,10,10,9,0.818
16,2020-05-14,2020-06-11,10,10,4,0.25
16,2020-06-11,2020-07-13,10,10,3,0.176
16,2020-07-13,2020-08-10,10,10,7,0.538
16,2020-08-10,2020-09-07,10,10,5,0.333
16,2020-09-07,2020-10-13,10,10,1,0.053
16,2020-10-13,2020-11-10,10,10,3,0.176
16,2020-11-10,2020-12-08,10,10,3,0.176
16,2020-12-08,2021-01-06,10,10,1,0.053
16,2021-01-06,2021-02-03,10,10,5,0.333
16,2021-02-03,2021-03-10,10,7,6,0.545
16,2021-03-10,2021-04-08,7,10,0,0.0
16,2021-04-08,2021-05-11,10,5,0,0.0
16,2021-05-11,2021-06-08,5,9,0,0.0
16,2021-06-08,2021-07-07,9,10,0,0.0
16,2021-07-07,2021-08-04,10,5,1,0.071
16,2021-08-04,2021-09-01,5,6,2,0.222
16,2021-09-01,2021-10-08,6,10,0,0.0
16,2021-10-08,2021-11-05,10,10,4,0.25
16,2021-11-05,2021-12-03,10,10,1,0.053
16,2021-12-03,2021-12-31,10,10,0,0.0
16,2021-12-31,2022-02-07,10,5,0,0.0
16,2022-02-07,2022-03-07,5,9,0,0.0
16,2022-03-07,2022-04-06,9,10,7,0.583
16,2022-04-06,2022-05-09,10,10,8,0.667
16,2022-05-09,2022-06-07,10,6,1,0.067
16,2022-06-07,2022-07-05,6,9,0,0.0
16,2022-07-05,2022-08-02,9,5,1,0.077
16,2022-08-02,2022-08-30,5,5,1,0.111
16,2022-08-30,2022-09-28,5,5,0,0.0
16,2022-09-28,2022-11-02,5,5,2,0.25
16,2022-11-02,2022-11-30,5,7,3,0.333
16,2022-11-30,2022-12-28,7,7,0,0.0
16,2022-12-28,2023-02-02,7,7,1,0.077
16,2023-02-02,2023-03-02,7,8,2,0.154
16,2023-03-02,2023-03-30,8,10,0,0.0
16,2023-03-30,2023-04-28,10,10,0,0.0
16,2023-04-28,2023-05-31,10,10,9,0.818
16,2023-05-31,2023-06-30,10,10,9,0.818
16,2023-06-30,2023-07-28,10,10,9,0.818
16,2023-07-28,2023-08-25,10,9,6,0.462
16,2023-08-25,2023-09-22,9,8,1,0.062
16,2023-09-22,2023-10-30,8,10,2,0.125
16,2023-10-30,2023-11-27,10,9,1,0.056
16,2023-11-27,2023-12-25,9,5,0,0.0
16,2023-12-25,2024-01-23,5,9,0,0.0
16,2024-01-23,2024-02-28,9,10,5,0.357
16,2024-02-28,2024-03-27,10,10,7,0.538
16,2024-03-27,2024-04-26,10,10,0,0.0
16,2024-04-26,2024-05-29,10,10,3,0.176
16,2024-05-29,2024-06-27,10,5,0,0.0
16,2024-06-27,2024-07-25,5,5,0,0.0
16,2024-07-25,2024-08-22,5,9,1,0.077
16,2024-08-22,2024-09-23,9,9,6,0.5
16,2024-09-23,2024-10-28,9,7,0,0.0
16,2024-10-28,2024-11-25,7,5,3,0.333
16,2024-11-25,2024-12-23,5,5,1,0.111
16,2024-12-23,2025-01-21,5,5,0,0.0
16,2025-01-21,2025-02-26,5,7,0,0.0
16,2025-02-26,2025-03-26,7,9,2,0.143
16,2025-03-26,2025-04-24,9,10,3,0.188
16,2025-04-24,2025-05-27,10,10,0,0.0
16,2025-05-27,2025-06-25,10,10,0,0.0
16,2025-06-25,2025-07-23,10,10,1,0.053
16,2025-07-23,2025-08-20,10,10,4,0.25
16,2025-08-20,2025-09-17,10,10,4,0.25
16,2025-09-17,2025-10-23,10,10,7,0.538
16,2025-10-23,2025-11-20,10,10,5,0.333
16,2025-11-20,2025-12-18,10,10,0,0.0
18,2010-01-28,2010-03-04,10,10,6,0.429
18,2010-03-04,2010-04-01,10,10,8,0.667
18,2010-04-01,2010-04-30,10,10,4,0.25
18,2010-04-30,2010-05-31,10,10,7,0.538
18,2010-05-31,2010-07-01,10,10,6,0.429
18,2010-07-01,2010-07-29,10,10,0,0.0
18,2010-07-29,2010-08-26,10,10,0,0.0
18,2010-08-26,2010-09-28,10,10,6,0.429
18,2010-09-28,2010-11-02,10,10,2,0.111
18,2010-11-02,2010-11-30,10,10,4,0.25
18,2010-11-30,2010-12-28,10,10,1,0.053
18,2010-12-28,2011-01-26,10,10,2,0.111
18,2011-01-26,2011-03-02,10,10,1,0.053
18,2011-03-02,2011-03-30,10,10,0,0.0
18,2011-03-30,2011-04-29,10,10,10,1.0
18,2011-04-29,2011-05-30,10,10,7,0.538
18,2011-05-30,2011-06-28,10,9,4,0.267
18,2011-06-28,2011-07-26,9,10,0,0.0
18,2011-07-26,2011-08-23,10,10,2,0.111
18,2011-08-23,2011-09-21,10,9,6,0.462
18,2011-09-21,2011-10-26,9,10,3,0.188
18,2011-10-26,2011-11-23,10,6,2,0.143
18,2011-11-23,2011-12-21,6,9,6,0.667
18,2011-12-21,2012-01-20,9,10,9,0.9
18,2012-01-20,2012-02-24,10,10,0,0.0
18,2012-02-24,2012-03-23,10,10,0,0.0
18,2012-03-23,2012-04-25,10,10,1,0.053
18,2012-04-25,2012-05-25,10,7,0,0.0
18,2012-05-25,2012-06-25,7,5,0,0.0
18,2012-06-25,2012-07-23,5,8,0,0.0
18,2012-07-23,2012-08-20,8,5,1,0.083
18,2012-08-20,2012-09-17,5,6,0,0.0
18,2012-09-17,2012-10-22,6,5,0,0.0
18,2012-10-22,2012-11-19,5,5,0,0.0
18,2012-11-19,2012-12-17,5,10,0,0.0
18,2012-12-17,2013-01-17,10,7,3,0.214
18,2013-01-17,2013-02-21,7,5,1,0.091
18,2013-02-21,2013-03-21,5,5,0,0.0
18,2013-03-21,2013-04-22,5,10,2,0.154
18,2013-04-22,2013-05-23,10,9,5,0.357
18,2013-05-23,2013-06-25,9,10,6,0.462
18,2013-06-25,2013-07-23,10,5,4,0.364
18,2013-07-23,2013-08-20,5,5,4,0.667
18,2013-08-20,2013-09-17,5,5,4,0.667
18,2013-09-17,2013-10-24,5,10,4,0.364
18,2013-10-24,2013-11-21,10,8,4,0.286
18,2013-11-21,2013-12-19,8,10,5,0.385
18,2013-12-19,2014-01-17,10,10,6,0.429
18,2014-01-17,2014-02-21,10,5,2,0.154
18,2014-02-21,2014-03-21,5,10,2,0.154
18,2014-03-21,2014-04-21,10,10,5,0.333
18,2014-04-21,2014-05-21,10,10,0,0.0
18,2014-05-21,2014-06-19,10,10,7,0.538
18,2014-06-19,2014-07-17,10,10,8,0.667
18,2014-07-17,2014-08-14,10,10,0,0.0
18,2014-08-14,2014-09-12,10,10,3,0.176
18,2014-09-12,2014-10-17,10,10,6,0.429
18,2014-10-17,2014-11-14,10,10,3,0.176
18,2014-11-14,2014-12-12,10,10,0,0.0
18,2014-12-12,2015-01-13,10,10,8,0.667
18,2015-01-13,2015-02-10,10,10,6,0.429
18,2015-02-10,2015-03-17,10,10,1,0.053
18,2015-03-17,2015-04-15,10,10,1,0.053
18,2015-04-15,2015-05-14,10,10,4,0.25
18,2015-05-14,2015-06-11,10,10,6,0.429
18,2015-06-11,2015-07-10,10,10,0,0.0
18,2015-07-10,2015-08-07,10,10,0,0.0
18,2015-08-07,2015-09-08,10,10,2,0.111
18,2015-09-08,2015-10-13,10,10,1,0.053
18,2015-10-13,2015-11-10,10,10,4,0.25
18,2015-11-10,2015-12-08,10,10,0,0.0
18,2015-12-08,2016-01-06,10,10,4,0.25
18,2016-01-06,2016-02-03,10,10,5,0.333
18,2016-02-03,2016-03-09,10,10,3,0.176
18,2016-03-09,2016-04-07,10,10,0,0.0
18,2016-04-07,2016-05-06,10,10,1,0.053
18,2016-05-06,2016-06-03,10,10,0,0.0
18,2016-06-03,2016-07-05,10,10,0,0.0
18,2016-07-05,2016-08-02,10,10,6,0.429
18,2016-08-02,2016-08-30,10,10,7,0.538
18,2016-08-30,2016-09-29,10,10,0,0.0
18,2016-09-29,2016-11-03,10,10,5,0.333
18,2016-11-03,2016-12-01,10,10,6,0.429
18,2016-12-01,2016-12-29,10,10,9,0.818
18,2016-12-29,2017-02-03,10,10,7,0.538
18,2017-02-03,2017-03-03,10,10,5,0.333
18,2017-03-03,2017-03-31,10,10,0,0.0
18,2017-03-31,2017-05-03,10,10,1,0.053
18,2017-05-03,2017-06-02,10,10,0,0.0
18,2017-06-02,2017-06-30,10,10,3,0.176
18,2017-06-30,2017-07-28,10,10,7,0.538
18,2017-07-28,2017-08-25,10,10,2,0.111
18,2017-08-25,2017-09-22,10,10,3,0.176
18,2017-09-22,2017-10-27,10,10,1,0.053
18,2017-10-27,2017-11-24,10,10,5,0.333
18,2017-11-24,2017-12-22,10,10,0,0.0
18,2017-12-22,2018-01-22,10,10,1,0.053
18,2018-01-22,2018-02-26,10,7,2,0.133
18,2018-02-26,2018-03-26,7,10,1,0.062
18,2018-03-26,2018-04-25,10,9,1,0.056
18,2018-04-25,2018-05-25,9,6,5,0.5
18,2018-05-25,2018-06-25,6,8,5,0.556
18,2018-06-25,2018-07-23,8,5,0,0.0
18,2018-07-23,2018-08-20,5,5,1,0.111
18,2018-08-20,2018-09-17,5,10,0,0.0
18,2018-09-17,2018-10-23,10,9,6,0.462
18,2018-10-23,2018-11-20,9,5,3,0.273
18,2018-11-20,2018-12-18,5,7,0,0.0
18,2018-12-18,2019-01-17,7,10,3,0.214
18,2019-01-17,2019-02-21,10,10,0,0.0
18,2019-02-21,2019-03-21,10,10,1,0.053
18,2019-03-21,2019-04-19,10,10,6,0.429
18,2019-04-19,2019-05-22,10,10,2,0.111
18,2019-05-22,2019-06-20,10,10,0,0.0
18,2019-06-20,2019-07-18,10,10,5,0.333
18,2019-07-18,2019-08-15,10,10,0,0.0
18,2019-08-15,2019-09-12,10,10,6,0.429
18,2019-09-12,2019-10-18,10,10,5,0.333
18,2019-10-18,2019-11-15,10,10,4,0.25
18,2019-11-15,2019-12-13,10,10,7,0.538
18,2019-12-13,2020-01-13,10,10,2,0.111
18,2020-01-13,2020-02-18,10,10,4,0.25
18,2020-02-18,2020-03-17,10,10,6,0.429
18,2020-03-17,2020-04-15,10,10,2,0.111
18,2020-04-15,2020-05-18,10,10,10,1.0
18,2020-05-18,2020-06-15,10,10,4,0.25
18,2020-06-15,2020-07-15,10,10,3,0.176
18,2020-07-15,2020-08-12,10,10,9,0.818
18,2020-08-12,2020-09-09,10,10,5,0.333
18,2020-09-09,2020-10-15,10,10,0,0.0
18,2020-10-15,2020-11-12,10,10,2,0.111
18,2020-11-12,2020-12-10,10,10,1,0.053
18,2020-12-10,2021-01-08,10,10,3,0.176
18,2021-01-08,2021-02-05,10,10,6,0.429
18,2021-02-05,2021-03-12,10,5,3,0.25
18,2021-03-12,2021-04-12,5,10,0,0.0
18,2021-04-12,2021-05-13,10,8,0,0.0
18,2021-05-13,2021-06-10,8,10,1,0.059
18,2021-06-10,2021-07-09,10,10,1,0.053
18,2021-07-09,2021-08-06,10,5,1,0.071
18,2021-08-06,2021-09-03,5,5,1,0.111
18,2021-09-03,2021-10-12,5,10,0,0.0
18,2021-10-12,2021-11-09,10,10,5,0.333
18,2021-11-09,2021-12-07,10,10,2,0.111
18,2021-12-07,2022-01-05,10,10,1,0.053
18,2022-01-05,2022-02-09,10,9,0,0.0
18,2022-02-09,2022-03-09,9,10,7,0.583
18,2022-03-09,2022-04-08,10,10,8,0.667
18,2022-04-08,2022-05-11,10,10,6,0.429
18,2022-05-11,2022-06-09,10,7,0,0.0
18,2022-06-09,2022-07-07,7,10,2,0.133
18,2022-07-07,2022-08-04,10,5,1,0.071
18,2022-08-04,2022-09-01,5,5,0,0.0
18,2022-09-01,2022-09-30,5,5,0,0.0
18,2022-09-30,2022-11-04,5,8,2,0.182
18,2022-11-04,2022-12-02,8,7,5,0.5
18,2022-12-02,2022-12-30,7,7,0,0.0
18,2022-12-30,2023-02-06,7,7,2,0.167
18,2023-02-06,2023-03-06,7,8,2,0.154
18,2023-03-06,2023-04-03,8,10,0,0.0
18,2023-04-03,2023-05-05,10,10,0,0.0
18,2023-05-05,2023-06-02,10,10,9,0.818
18,2023-06-02,2023-07-04,10,10,10,1.0
18,2023-07-04,2023-08-01,10,8,7,0.636
18,2023-08-01,2023-08-29,8,10,7,0.636
18,2023-08-29,2023-09-26,10,6,2,0.143
18,2023-09-26,2023-11-01,6,10,3,0.231
18,2023-11-01,2023-11-29,10,10,2,0.111
18,2023-11-29,2023-12-27,10,5,0,0.0
18,2023-12-27,2024-01-25,5,10,0,0.0
18,2024-01-25,2024-03-01,10,10,7,0.538
18,2024-03-01,2024-03-29,10,10,6,0.429
18,2024-03-29,2024-04-30,10,10,0,0.0
18,2024-04-30,2024-05-31,10,10,2,0.111
18,2024-05-31,2024-07-01,10,5,0,0.0
18,2024-07-01,2024-07-29,5,6,0,0.0
18,2024-07-29,2024-08-26,6,9,2,0.154
18,2024-08-26,2024-09-25,9,10,6,0.462
18,2024-09-25,2024-10-30,10,5,0,0.0
18,2024-10-30,2024-11-27,5,5,3,0.429
18,2024-11-27,2024-12-25,5,5,2,0.25
18,2024-12-25,2025-01-23,5,5,0,0.0
18,2025-01-23,2025-02-28,5,8,0,0.0
18,2025-02-28,2025-03-28,8,8,3,0.231
18,2025-03-28,2025-04-28,8,10,4,0.286
18,2025-04-28,2025-05-29,10,10,0,0.0
18,2025-05-29,2025-06-27,10,10,4,0.25
18,2025-06-27,2025-07-25,10,10,0,0.0
18,2025-07-25,2025-08-22,10,10,5,0.333
18,2025-08-22,2025-09-19,10,10,5,0.333
18,2025-09-19,2025-10-27,10,10,7,0.538
18,2025-10-27,2025-11-24,10,10,2,0.111
18,2025-11-24,2025-12-22,10,10,0,0.0
