offset,period,start,end,start_value,end_value,ret_pct
0,2010-2015,2010-01-04,2015-12-31,100000000.0,193109055.25348,93.109
0,2015-2020,2016-01-01,2020-12-31,193109055.25348,178794994.44504,-7.412
0,2020-2025,2021-01-01,2025-12-31,183714052.44504,110893007.8663525,-39.638
0,2010-2025_OOS_2023_2025,2010-01-04,2022-12-31,100000000.0,113716013.0263625,13.716
0,OOS_2023_2025,2023-01-01,2025-12-31,113716013.0263625,110893007.8663525,-2.483
2,2010-2015,2010-01-04,2015-12-31,100000000.0,154072073.3066325,54.072
2,2015-2020,2016-01-01,2020-12-31,154072073.3066325,140014020.51038,-9.124
2,2020-2025,2021-01-01,2025-12-31,140014020.51038,106648262.4318425,-23.83
2,2010-2025_OOS_2023_2025,2010-01-04,2022-12-31,100000000.0,136237891.33727,36.238
2,OOS_2023_2025,2023-01-01,2025-12-31,136237891.33727,106648262.4318425,-21.719
4,2010-2015,2010-01-04,2015-12-31,100000000.0,191336714.12719,91.337
4,2015-2020,2016-01-01,2020-12-31,191336714.12719,173048803.245005,-9.558
4,2020-2025,2021-01-01,2025-12-31,181182761.245005,191416178.46174,5.648
4,2010-2025_OOS_2023_2025,2010-01-04,2022-12-31,100000000.0,157925594.72162747,57.926
4,OOS_2023_2025,2023-01-01,2025-12-31,157925594.72162747,191416178.46174,21.207
6,2010-2015,2010-01-04,2015-12-31,100000000.0,213509083.3048725,113.509
6,2015-2020,2016-01-01,2020-12-31,213509083.3048725,147889682.608365,-30.734
6,2020-2025,2021-01-01,2025-12-31,153597232.608365,92186615.5097425,-39.982
6,2010-2025_OOS_2023_2025,2010-01-04,2022-12-31,100000000.0,103768617.041175,3.769
6,OOS_2023_2025,2023-01-01,2025-12-31,103768617.041175,92186615.5097425,-11.161
8,2010-2015,2010-01-04,2015-12-31,100000000.0,158836631.2952775,58.837
8,2015-2020,2016-01-01,2020-12-31,158836631.2952775,186973356.746155,17.714
8,2020-2025,2021-01-01,2025-12-31,195868822.746155,211921720.7669925,8.196
8,2010-2025_OOS_2023_2025,2010-01-04,2022-12-31,100000000.0,195142084.128035,95.142
8,OOS_2023_2025,2023-01-01,2025-12-31,195142084.128035,211921720.7669925,8.599
10,2010-2015,2010-01-04,2015-12-31,100000000.0,178613558.4129,78.614
10,2015-2020,2016-01-01,2020-12-31,178613558.4129,144393995.975885,-19.158
10,2020-2025,2021-01-01,2025-12-31,147233797.975885,110991766.61835,-24.615
10,2010-2025_OOS_2023_2025,2010-01-04,2022-12-31,100000000.0,110363255.8717975,10.363
10,OOS_2023_2025,2023-01-01,2025-12-31,110363255.8717975,110991766.61835,0.569
12,2010-2015,2010-01-04,2015-12-31,100000000.0,187881794.305445,87.882
12,2015-2020,2016-01-01,2020-12-31,187881794.305445,131158579.488925,-30.191
12,2020-2025,2021-01-01,2025-12-31,136771571.0171425,109790444.72794499,-19.727
12,2010-2025_OOS_2023_2025,2010-01-04,2022-12-31,100000000.0,107804593.2544475,7.805
12,OOS_2023_2025,2023-01-01,2025-12-31,107804593.2544475,109790444.72794499,1.842
14,2010-2015,2010-01-04,2015-12-31,100000000.0,143616589.9054475,43.617
14,2015-2020,2016-01-01,2020-12-31,143746807.3453075,120910010.367295,-15.887
14,2020-2025,2021-01-01,2025-12-31,120910010.367295,179457121.0412975,48.422
14,2010-2025_OOS_2023_2025,2010-01-04,2022-12-31,100000000.0,136949698.5883325,36.95
14,OOS_2023_2025,2023-01-01,2025-12-31,142245884.5883325,179457121.0412975,26.16
16,2010-2015,2010-01-04,2015-12-31,100000000.0,250432052.82038504,150.432
16,2015-2020,2016-01-01,2020-12-31,250432052.82038504,286170966.1851175,14.271
16,2020-2025,2021-01-01,2025-12-31,296217166.1851175,232221019.90322,-21.604
16,2010-2025_OOS_2023_2025,2010-01-04,2022-12-31,100000000.0,247308486.17583,147.308
16,OOS_2023_2025,2023-01-01,2025-12-31,247308486.17583,232221019.90322,-6.101
18,2010-2015,2010-01-04,2015-12-31,100000000.0,172300263.54355,72.3
18,2015-2020,2016-01-01,2020-12-31,172300263.54355,211764749.94388,22.904
18,2020-2025,2021-01-01,2025-12-31,216493056.94388,138861133.9577475,-35.859
18,2010-2025_OOS_2023_2025,2010-01-04,2022-12-31,100000000.0,158669081.92201,58.669
18,OOS_2023_2025,2023-01-01,2025-12-31,163504729.6698325,138861133.9577475,-15.072
