offset,year,n,pnl,comm,wins
0,2010,127,5858411.3,4510552.52,72
0,2011,107,-4873032.34,5590300.27,41
0,2012,90,-14460059.31,4986089.13,17
0,2013,88,16775875.86,4555386.42,26
0,2014,117,38112573.9,4813728.75,77
0,2015,116,51695285.84,8955226.38,67
0,2016,120,-37164971.01,9163068.11,21
0,2017,130,6703819.49,8320407.97,45
0,2018,99,-27972538.82,7221475.49,40
0,2019,118,29760057.43,6602531.12,60
0,2020,119,23233090.16,8685049.6,49
0,2021,104,-32366557.29,9341748.99,34
0,2022,95,-41585942.19,5957716.74,24
0,2023,106,-11244858.98,5307946.28,30
0,2024,99,624324.59,5421540.14,52
0,2025,104,8239496.49,4640241.27,42
2,2010,117,20730155.86,4731559.85,78
2,2011,125,-10106450.84,6643148.32,36
2,2012,91,-10365479.51,5597418.6,30
2,2013,86,-8800100.33,5199217.04,29
2,2014,118,26722796.24,4265268.62,64
2,2015,115,35891151.89,6988443.88,56
2,2016,120,-19706209.49,7549135.45,48
2,2017,129,-14165066.45,6995994.15,38
2,2018,99,-19631247.36,5490823.08,33
2,2019,118,9910254.83,4870918.17,59
2,2020,119,29534215.67,6140930.86,75
2,2021,101,1897113.98,7771097.32,40
2,2022,97,-5673243.15,5882952.57,30
2,2023,104,-7525850.05,6033500.09,37
2,2024,96,-8171147.71,5744346.31,47
2,2025,119,-13892631.15,5810198.5,52
4,2010,118,8778183.84,4137233.99,66
4,2011,124,-13030401.7,5806296.14,28
4,2012,93,-12029534.69,4619986.61,24
4,2013,81,-5008726.75,4451033.95,37
4,2014,117,56039539.72,3679635.06,77
4,2015,114,56587653.7,7797834.14,81
4,2016,118,-25810785.16,9371286.32,26
4,2017,119,-12233130.02,7991080.76,42
4,2018,111,-22699606.54,7809338.79,43
4,2019,119,54495158.84,7238557.52,73
4,2020,123,-11771762.62,8072671.49,58
4,2021,97,13321487.34,9365978.73,43
4,2022,97,-28712481.25,7388406.15,24
4,2023,104,-16941588.8,7380861.72,30
4,2024,98,-22837965.86,6936831.42,37
4,2025,110,73417954.23,7700677.55,58
6,2010,117,-151220.45,3998807.14,70
6,2011,113,-16754106.61,4926416.77,17
6,2012,102,-2330175.85,4587533.4,48
6,2013,79,-778968.38,3929937.62,33
6,2014,124,44997461.86,3768095.62,71
6,2015,118,88526092.74,8599859.78,74
6,2016,119,-18742507.62,10969232.15,38
6,2017,120,-12901440.75,10264860.91,36
6,2018,91,-38135970.04,8713114.27,27
6,2019,126,30383221.46,7347902.05,73
6,2020,121,-21521610.27,6399343.45,63
6,2021,97,-16647597.91,7224539.6,53
6,2022,102,-32174561.14,5132449.38,29
6,2023,103,-7942378.7,4254861.92,38
6,2024,95,-26573924.06,4333745.4,33
6,2025,109,22934301.23,4082837.23,52
8,2010,118,15128753.29,4147206.98,69
8,2011,114,-10744786.28,5886275.56,31
8,2012,94,-14669344.91,4945092.61,27
8,2013,93,-5844660.65,4697959.23,34
8,2014,126,64189263.09,3980372.96,86
8,2015,115,10777406.75,7304219.46,48
8,2016,120,-12415958.58,8193377.52,34
8,2017,120,-5150365.19,7272799.4,59
8,2018,93,-21770421.64,6450890.27,29
8,2019,128,42000966.11,6997007.21,79
8,2020,122,48214266.44,8536102.42,60
8,2021,92,12270371.39,11304227.51,46
8,2022,95,-26843405.7,9704832.82,24
8,2023,105,-5806379.44,8659287.95,37
8,2024,92,-32367827.3,8808086.67,40
8,2025,107,54953843.38,8361263.54,47
10,2010,119,6225527.92,4319331.29,62
10,2011,114,-11042167.13,5264769.86,29
10,2012,96,-11938521.99,4552219.68,21
10,2013,90,-6473742.69,4281375.12,27
10,2014,125,56621255.79,3709343.86,81
10,2015,115,45221206.53,7756589.56,52
10,2016,120,-31080953.71,8615768.38,24
10,2017,120,-16237922.34,7277778.85,28
10,2018,88,-36594504.53,5535328.13,23
10,2019,122,27658783.41,4707505.24,65
10,2020,128,32440827.13,6180356.98,74
10,2021,97,-31139603.68,6323689.26,37
10,2022,92,-13296928.82,5413907.52,32
10,2023,100,-6456233.25,4778460.01,31
10,2024,90,-14166783.6,4557196.7,37
10,2025,98,22815851.52,3910137.99,55
12,2010,114,3214783.16,4324457.55,65
12,2011,117,-10111112.45,5445730.67,29
12,2012,100,-13466570.38,4274167.05,28
12,2013,92,8922834.79,4196595.29,32
12,2014,116,28475672.35,3948061.89,67
12,2015,125,70846186.83,8585739.5,67
12,2016,120,-12843087.54,9741919.82,42
12,2017,118,-4362520.7,8337915.99,49
12,2018,87,-35159508.03,7552856.87,23
12,2019,117,5148694.96,6217946.56,53
12,2020,133,-961993.09,8266363.2,61
12,2021,95,-14210753.29,6564863.08,43
12,2022,88,-17688033.37,5559712.34,29
12,2023,100,-388542.4,5092223.33,40
12,2024,92,-8409309.86,5265732.07,28
12,2025,108,10783703.74,4723276.33,46
14,2010,116,2793856.56,4097799.94,68
14,2011,113,-8565240.08,5383962.22,35
14,2012,93,-6338882.14,4843140.5,36
14,2013,94,-7248156.12,4565271.41,38
14,2014,113,13648409.02,3530013.85,70
14,2015,126,45379659.48,7130405.83,70
14,2016,120,9255099.37,8153306.4,52
14,2017,120,6436270.4,7977479.29,42
14,2018,106,-44967723.41,6975479.72,36
14,2019,114,26927018.99,5038027.88,60
14,2020,119,-16410301.7,5718540.08,58
14,2021,108,-638450.9,6882506.36,45
14,2022,84,27685332.42,6063749.58,42
14,2023,99,-19855479.39,6539572.21,24
14,2024,95,9800342.87,6502735.16,42
14,2025,99,40892451.67,6673099.36,52
16,2010,120,10686942.19,4560289.1,61
16,2011,109,-1388304.71,6037890.46,38
16,2012,95,-12776824.04,5399114.47,34
16,2013,95,-3882781.38,5107137.23,39
16,2014,113,82822369.74,4237042.5,71
16,2015,116,74970651.03,8783885.5,75
16,2016,130,3269271.05,15289325.2,45
16,2017,122,-12226972.91,12317655.64,44
16,2018,100,-56239273.47,10426872.22,33
16,2019,116,32511951.29,9535139.18,60
16,2020,120,80142985.5,11748417.8,63
16,2021,102,9162792.63,16034811.26,53
16,2022,93,-59744320.73,13797509.4,36
16,2023,106,-35635433.98,10717719.72,33
16,2024,94,-30203668.59,9704340.15,49
16,2025,101,51005185.6,8200669.94,54
18,2010,120,-2491241.55,4049693.84,66
18,2011,112,-9802141.67,4988388.2,43
18,2012,90,-7097451.71,4464161.11,30
18,2013,89,77603.22,4411731.09,41
18,2014,113,35670094.08,3811965.66,71
18,2015,115,55943401.18,7303948.33,66
18,2016,130,-21214723.19,9208296.79,33
18,2017,119,-12796425.56,7717316.11,31
18,2018,93,-33574856.36,6125852.4,26
18,2019,118,54144845.08,5540215.02,72
18,2020,119,59438018.52,8008897.73,61
18,2021,102,-27158868.61,10413026.56,49
18,2022,96,-32469171.5,7305611.96,30
18,2023,111,-19973699.26,7506506.94,40
18,2024,95,-19922350.57,6828421.38,46
18,2025,111,20088101.87,6699095.48,49
