offset,regime,n,pnl,comm,wins
0,bull_neutral,1016,124816320.89,58055782.87,466
0,bear,723,-113481345.75,46017226.29,231
2,bull_neutral,1038,89758649.7,50996760.11,519
2,bear,716,-83110387.26,44718192.69,233
4,bull_neutral,1027,197951062.36,60091627.54,512
4,bear,716,-106387068.07,49656082.81,235
6,bull_neutral,1030,121550912.3,58498808.04,509
6,bear,706,-129364296.79,40034728.64,246
8,bull_neutral,1032,213332080.69,58138269.7,516
8,bear,702,-101410359.92,57110732.41,234
10,bull_neutral,1019,132653518.43,49246384.27,467
10,bear,695,-120097427.88,37937374.19,211
12,bull_neutral,1021,103029983.71,56877786.88,474
12,bear,701,-93239538.98,41219774.65,228
14,bull_neutral,1017,131958967.24,51204187.22,524
14,bear,702,-53164760.21,44870902.54,246
16,bull_neutral,1020,337602569.52,80528771.53,525
16,bear,712,-205128000.32,71369048.24,263
18,bull_neutral,1031,185560445.54,56544919.1,484
18,bear,702,-146699311.58,47838209.5,270
