offset,year,start_value,end_value,ret_pct
0,2010,100000000.0,106528725.82568,6.529
0,2011,106502192.49981,100985378.96247,-5.18
0,2012,100985378.96247,86525319.65461498,-14.319
0,2013,86525319.65461498,103301195.511215,19.388
0,2014,103301195.511215,130415920.97760502,26.248
0,2015,134695890.977605,193109055.25348,43.367
0,2016,193109055.25348,155944084.24073,-19.246
0,2017,155944084.24073,154015681.709735,-1.237
0,2018,154753370.709735,129371615.787485,-16.401
0,2019,128537059.787485,149072726.8688625,15.976
0,2020,150203208.8688625,178794994.44504,19.035
0,2021,183714052.44504,168917806.0003475,-8.054
0,2022,164225872.0003475,113716013.0263625,-30.756
0,2023,113716013.0263625,102809271.2205975,-9.591
0,2024,102471154.0490175,103095478.64374,0.609
0,2025,103095478.64374,110893007.8663525,7.563
2,2010,100000000.0,120730155.8604175,20.73
2,2011,120730155.8604175,110623705.0183075,-8.371
2,2012,110623705.0183075,100258225.5035675,-9.37
2,2013,100258225.5035675,91458125.1715725,-8.777
2,2014,91458125.1715725,112171169.2493175,22.648
2,2015,115506182.2493175,154072073.3066325,33.389
2,2016,154072073.3066325,134365863.81956,-12.79
2,2017,134365863.81956,120434925.36084498,-10.368
2,2018,120200797.3743625,98440263.6756475,-18.103
2,2019,97580310.6756475,109742237.847825,12.464
2,2020,109934156.847825,140014020.51038,27.362
2,2021,140014020.51038,147028292.46775,5.01
2,2022,143574719.46775,136237891.33727,-5.11
2,2023,136237891.33727,127997522.431265,-6.049
2,2024,128861123.431265,120540893.57824,-6.457
2,2025,117034366.76888,106648262.4318425,-8.874
4,2010,100000000.0,108778183.844815,8.778
4,2011,108778183.844815,95833976.6919,-11.9
4,2012,95747782.144835,83718247.4574375,-12.564
4,2013,83718247.4574375,78709520.70724249,-5.983
4,2014,78709520.70724249,115846033.3233525,47.182
4,2015,117413425.3233525,191336714.12719,62.96
4,2016,191336714.12719,165525928.9701975,-13.49
4,2017,165525928.9701975,153309289.3894775,-7.38
4,2018,153366406.3894775,123436771.291605,-19.515
4,2019,122164010.291605,185088351.2448025,51.508
4,2020,185088351.2448025,173048803.245005,-6.505
4,2021,181182761.245005,191932461.21686,5.933
4,2022,189846738.21686,157925594.72162747,-16.814
4,2023,157925594.72162747,140050607.737845,-11.319
4,2024,141176705.737845,121116535.0228575,-14.209
4,2025,118458988.0228575,191416178.46174,61.589
6,2010,100000000.0,99848779.5502875,-0.151
6,2011,99848779.5502875,83094672.935955,-16.779
6,2012,83094672.935955,80764497.0883925,-2.804
6,2013,80764497.0883925,79985528.704265,-0.964
6,2014,80441724.917185,101415653.27815,26.073
6,2015,102870887.27815,213509083.3048725,107.551
6,2016,213509083.3048725,194766575.68190753,-8.778
6,2017,194766575.68190753,181865134.9363225,-6.624
6,2018,181865134.9363225,144647100.7810325,-20.465
6,2019,143194721.5257125,178318642.21374,24.529
6,2020,181709794.21374,147889682.608365,-18.612
6,2021,153597232.608365,138633775.438795,-9.742
6,2022,135571699.438795,103768617.041175,-23.458
6,2023,103768617.041175,95428113.390345,-8.038
6,2024,96033751.390345,70636908.9445375,-26.446
6,2025,69096854.9445375,92186615.5097425,33.417
8,2010,100000000.0,115128753.28916,15.129
8,2011,115128753.28916,104383967.0056525,-9.333
8,2012,104383967.0056525,89714622.100595,-14.053
8,2013,89193351.50504,83869961.4513025,-5.968
8,2014,83869961.4513025,115282841.7792275,37.454
8,2015,116857255.7792275,158836631.2952775,35.924
8,2016,158836631.2952775,146420672.7117,-7.817
8,2017,146420672.7117,138449971.54597,-5.444
8,2018,138630309.54597,122005234.9657275,-11.992
8,2019,121440788.9657275,161500851.9911975,32.987
8,2020,161500851.9911975,186973356.746155,15.772
8,2021,195868822.746155,233191522.23589003,19.055
8,2022,227635313.23589003,195142084.128035,-14.274
8,2023,195142084.128035,187494890.72041,-3.919
8,2024,189006045.72041,161456702.3805125,-14.576
8,2025,158380312.3805125,211921720.7669925,33.806
10,2010,100000000.0,106225527.91651,6.226
10,2011,106225527.91651,95183360.7822775,-10.395
10,2012,95183360.7822775,83244838.79072751,-12.543
10,2013,83244838.79072751,76771096.0961825,-7.777
10,2014,76771096.0961825,97601004.4070325,27.132
10,2015,99647252.460305,178613558.4129,79.246
10,2016,178613558.4129,147532604.7001575,-17.401
10,2017,147532604.7001575,131294682.3555625,-11.006
10,2018,131294682.3555625,94375447.88981,-28.119
10,2019,93763777.88981,121519132.8370625,29.601
10,2020,122796869.9370525,144393995.975885,17.588
10,2021,147233797.975885,131728765.5352825,-10.531
10,2022,126547146.5352825,110363255.8717975,-12.789
10,2023,110363255.8717975,104977788.02156,-4.88
10,2024,105395248.02156,94109628.1496375,-10.708
10,2025,92501225.1496375,110991766.61835,19.99
12,2010,100000000.0,103214783.1610825,3.215
12,2011,103214783.1610825,93103670.7133525,-9.796
12,2012,93103670.7133525,79637100.3304925,-14.464
12,2013,79637100.3304925,77447464.02606,-2.75
12,2014,77447464.02606,112962666.66978751,45.857
12,2015,117790425.66978751,187881794.305445,59.505
12,2016,187881794.305445,175038706.7639475,-6.836
12,2017,175038706.7639475,173657276.173475,-0.789
12,2018,174245642.173475,133668578.0121025,-23.287
12,2019,132981306.0121025,141364289.8159725,6.304
12,2020,141612966.8159725,131158579.488925,-7.382
12,2021,136771571.0171425,135110383.9139475,-1.215
12,2022,129597883.9139475,107804593.2544475,-16.816
12,2023,107804593.2544475,105628621.3253125,-2.018
12,2024,106064137.3253125,99006740.992175,-6.654
12,2025,99006740.992175,109790444.72794499,10.892
14,2010,100000000.0,102793856.5594625,2.794
14,2011,102793856.5594625,94228616.4802275,-8.332
14,2012,94228616.4802275,87889734.340515,-6.727
14,2013,87889734.340515,80641578.2240725,-8.247
14,2014,80641578.2240725,90335036.441205,12.02
14,2015,94182939.441205,143616589.9054475,52.487
14,2016,143746807.3453075,148924746.09477,3.602
14,2017,148924746.09477,151042087.6004175,1.422
14,2018,151300827.6004175,107444502.0392175,-28.986
14,2019,106741349.0392175,138017932.346605,29.301
14,2020,138276710.346605,120910010.367295,-12.559
14,2021,120910010.367295,133735833.9430175,10.608
14,2022,129573952.9430175,136949698.5883325,5.692
14,2023,142245884.5883325,129095388.8563725,-9.245
14,2024,128120605.8563725,140150274.557995,9.389
14,2025,138136397.557995,179457121.0412975,29.913
16,2010,100000000.0,110686942.18641,10.687
16,2011,110686942.18641,109298637.4767825,-1.254
16,2012,109298637.4767825,96521813.44011,-11.69
16,2013,96521813.44011,92639032.055145,-4.023
16,2014,92639032.055145,114695791.954105,23.809
16,2015,118180240.954105,250432052.82038504,111.907
16,2016,250432052.82038504,253701323.8707625,1.305
16,2017,253701323.8707625,232976850.47188,-8.169
16,2018,234168886.47188,174919192.003275,-25.302
16,2019,174167518.003275,217747028.7818825,25.022
16,2020,217747028.7818825,286170966.1851175,31.424
16,2021,296217166.1851175,306682344.157085,3.533
16,2022,302182179.66117,247308486.17583,-18.159
16,2023,247308486.17583,216369712.5202475,-12.51
16,2024,212034153.5202475,194592435.67836997,-8.226
16,2025,187886131.67836997,232221019.90322,23.597
18,2010,100000000.0,97508758.4503325,-2.491
18,2011,97508758.4503325,87706616.78383,-10.053
18,2012,87706616.78383,80609165.0752625,-8.092
18,2013,80609165.0752625,80686768.291845,0.096
18,2014,80686768.291845,99642304.073225,23.493
18,2015,102518726.073225,172300263.54355,68.067
18,2016,172300263.54355,151493177.028085,-12.076
18,2017,151085540.35676,138289114.7977975,-8.47
18,2018,138289114.7977975,103326691.7826325,-25.282
18,2019,102450873.7826325,143785491.5853,40.346
18,2020,144614703.5853,211764749.94388,46.434
18,2021,216493056.94388,195594785.990605,-9.653
18,2022,193134739.990605,158669081.92201,-17.845
18,2023,163504729.6698325,145808603.882645,-10.823
18,2024,148207835.882645,127937275.9217875,-13.677
18,2025,124198438.9217875,138861133.9577475,11.806
