leg_idx,start,end,days,bars,closed_only_return_pct,total_return_pct,unrealized_pnl,sharpe_ratio,max_drawdown_pct,win_rate,closed_trade_count,elapsed_s
1,2010-07-05,2010-11-08,126,83,0.0865,119.188,1191014.64,1.879,52.22,100.0,1,0.0
7,2012-01-05,2012-05-07,123,78,-0.0204,102.2714,1022918.26,1.942,50.69,50.0,2,0.0
13,2014-03-20,2015-06-08,445,299,0.3565,101.9318,1015752.68,1.241,57.13,80.0,5,0.0
15,2015-08-26,2015-12-22,118,78,0.0329,0.0329,0.0,0.795,51.19,100.0,1,0.0
17,2016-01-28,2018-01-24,727,487,0.0986,102.5802,1024816.82,1.217,52.28,54.55,11,0.0
19,2019-01-03,2019-04-19,106,71,0.2704,0.2704,0.0,0.941,56.1,100.0,1,0.0
21,2019-06-06,2020-01-13,221,150,0.1151,99.2647,991496.81,1.494,51.43,66.67,3,0.0
25,2020-03-23,2021-02-10,324,220,0.3498,0.3498,0.0,0.969,53.88,75.0,4,0.0
31,2024-02-02,2024-05-20,108,66,0.1017,102.2546,1021529.2,2.002,51.1,100.0,1,0.0
35,2025-04-07,2025-10-29,205,138,0.3575,0.3575,0.0,0.883,54.19,50.0,2,0.0
