rank,factor,rebal_days,total_return_pct,annualized_return,sharpe_ratio,win_rate,max_drawdown_pct,closed_trade_count,total_return_pct,open_position_count,unrealized_pnl
1,gtja_gtja_143,5,101.963651,0.031521,1.345872,53.5714,74.6219,196,101.9637,1,1012570.07
2,alpha_alpha050,20,101.909893,0.031509,0.799520,54.5455,65.6041,66,101.9099,1,998813.60
3,gtja_gtja_174,20,101.732610,0.031469,0.816587,60.8696,67.1011,69,101.7326,1,998813.60
4,gtja_gtja_080,20,101.665169,0.031454,0.777079,62.9032,67.0500,62,101.6652,1,998813.60
5,alpha_alpha046,5,101.156737,0.031339,1.604113,59.1398,55.1832,279,101.1567,1,998669.91
6,gtja_gtja_132,20,101.148104,0.031337,0.828710,53.5211,64.1494,71,101.1481,1,994252.80
7,gtja_gtja_015,20,101.122613,0.031331,0.806545,55.2239,65.6619,67,101.1226,1,994252.80
8,gtja_gtja_175,20,101.096507,0.031325,0.804123,64.1791,65.8872,67,101.0965,1,994252.80
9,alpha_alpha068,20,101.049165,0.031315,0.776830,64.5161,65.1592,62,101.0492,1,994252.80
10,alpha_alpha070,20,101.030812,0.031311,0.784298,60.3175,70.8160,63,101.0308,1,994252.80
11,gtja_gtja_055,10,101.029530,0.031310,1.119052,53.7313,58.7000,134,101.0295,1,994252.80
12,gtja_gtja_187,10,101.016613,0.031307,1.062533,50.8333,60.5707,120,101.0166,1,994252.80
13,gtja_gtja_062,20,101.014994,0.031307,0.801602,55.2239,67.5929,67,101.0150,1,994252.80
14,gtja_gtja_089,10,100.934530,0.031289,1.203282,63.2258,56.7976,155,100.9345,1,994252.80
15,gtja_gtja_170,20,100.899736,0.031281,0.770892,59.0164,64.4989,61,100.8997,1,994252.80
16,gtja_gtja_059,10,100.894314,0.031280,1.095659,52.3438,58.6732,128,100.8943,1,994252.80
17,alpha_alpha047,20,100.745215,0.031246,0.770524,59.0164,64.5083,61,100.7452,1,994252.80
18,gtja_gtja_134,20,100.271001,0.031138,0.820422,58.5714,64.1486,70,100.2710,1,989692.01
19,gtja_gtja_074,20,100.243810,0.031132,0.781469,58.7302,58.6527,63,100.2438,1,989692.01
20,gtja_gtja_135,10,100.225723,0.031128,0.968295,46.0000,59.5743,100,100.2257,1,989692.01
