rank,factor,rebal_days,closed_only_return_pct,total_return_pct,annualized_return,sharpe_ratio,win_rate,max_drawdown_pct,closed_trade_count,open_position_count,unrealized_pnl
1,gtja_gtja_143,5,0.7066,101.9637,0.031521,1.345872,53.5714,74.6219,196,1,1012570.07
2,alpha_alpha050,20,2.0285,101.9099,0.031509,0.799520,54.5455,65.6041,66,1,998813.60
3,gtja_gtja_174,20,1.8513,101.7326,0.031469,0.816587,60.8696,67.1011,69,1,998813.60
4,gtja_gtja_080,20,1.7838,101.6652,0.031454,0.777079,62.9032,67.0500,62,1,998813.60
5,alpha_alpha046,5,1.2897,101.1567,0.031339,1.604113,59.1398,55.1832,279,1,998669.91
6,gtja_gtja_132,20,1.7228,101.1481,0.031337,0.828710,53.5211,64.1494,71,1,994252.80
7,gtja_gtja_015,20,1.6973,101.1226,0.031331,0.806545,55.2239,65.6619,67,1,994252.80
8,gtja_gtja_175,20,1.6712,101.0965,0.031325,0.804123,64.1791,65.8872,67,1,994252.80
9,alpha_alpha068,20,1.6239,101.0492,0.031315,0.776830,64.5161,65.1592,62,1,994252.80
10,alpha_alpha070,20,1.6055,101.0308,0.031311,0.784298,60.3175,70.8160,63,1,994252.80
11,gtja_gtja_055,10,1.6042,101.0295,0.031310,1.119052,53.7313,58.7000,134,1,994252.80
12,gtja_gtja_187,10,1.5913,101.0166,0.031307,1.062533,50.8333,60.5707,120,1,994252.80
13,gtja_gtja_062,20,1.5897,101.0150,0.031307,0.801602,55.2239,67.5929,67,1,994252.80
14,gtja_gtja_089,10,1.5092,100.9345,0.031289,1.203282,63.2258,56.7976,155,1,994252.80
15,gtja_gtja_170,20,1.4745,100.8997,0.031281,0.770892,59.0164,64.4989,61,1,994252.80
16,gtja_gtja_059,10,1.4690,100.8943,0.031280,1.095659,52.3438,58.6732,128,1,994252.80
17,alpha_alpha047,20,1.3199,100.7452,0.031246,0.770524,59.0164,64.5083,61,1,994252.80
18,gtja_gtja_134,20,1.3018,100.2710,0.031138,0.820422,58.5714,64.1486,70,1,989692.01
19,gtja_gtja_074,20,1.2746,100.2438,0.031132,0.781469,58.7302,58.6527,63,1,989692.01
20,gtja_gtja_135,10,1.2565,100.2257,0.031128,0.968295,46.0000,59.5743,100,1,989692.01
