factor,n_used,first_used,last_used,n_unique_months,consistency_score
l_ami,53,2010-01-06,2024-07-05,53,0.29444444444444445
idiovola_clmx,36,2010-02-03,2025-12-26,34,0.17708333333333334
gtja_gtja_149,35,2010-09-01,2025-03-06,35,0.18229166666666666
r_tv,34,2010-03-10,2025-12-26,32,0.16666666666666666
l_turna,34,2010-04-08,2025-02-06,34,0.17708333333333334
alpha_alpha042,33,2011-02-01,2024-08-02,33,0.19642857142857142
gtja_gtja_054,33,2011-02-01,2024-08-30,31,0.18452380952380953
gtja_gtja_144,33,2010-01-06,2025-12-26,33,0.171875
v_bm,32,2012-11-23,2024-01-31,31,0.1987179487179487
talib_NATR,32,2011-07-04,2025-12-26,30,0.16666666666666666
gtja_gtja_159,32,2010-03-10,2025-12-26,30,0.15625
pe,31,2010-04-08,2024-12-31,30,0.16666666666666666
gtja_gtja_120,28,2011-02-01,2024-08-02,28,0.16666666666666666
r_beta,28,2011-11-01,2025-12-26,27,0.15
p_mchg,22,2011-11-01,2025-11-28,21,0.11666666666666667
gtja_gtja_121,20,2011-02-01,2022-11-10,20,0.1388888888888889
gtja_gtja_035,19,2010-05-07,2025-05-07,17,0.08854166666666667
gtja_gtja_012,19,2013-10-30,2023-02-10,19,0.14393939393939395
gtja_gtja_170,19,2011-02-01,2022-12-08,19,0.13194444444444445
l_turnm,19,2013-02-27,2025-07-31,18,0.11538461538461539
alpha_alpha054,18,2015-02-16,2020-07-21,18,0.25
p_m11,18,2013-03-27,2025-02-06,18,0.11538461538461539
p_52w,18,2014-03-27,2024-08-02,18,0.13636363636363635
quick_ratio,17,2013-02-27,2024-12-03,16,0.1111111111111111
pb,17,2010-04-08,2025-09-25,16,0.08333333333333333
mom12m_jt,17,2010-06-04,2025-02-06,17,0.08854166666666667
talib_MINUS_DI,17,2010-04-08,2023-01-06,16,0.09523809523809523
talib_MININDEX,16,2011-05-06,2021-04-16,15,0.11363636363636363
v_ep,16,2011-09-27,2023-10-10,15,0.09615384615384616
alpha_alpha047,16,2011-02-01,2022-12-08,16,0.1111111111111111
talib_OBV,16,2011-02-01,2024-08-02,15,0.08928571428571429
gtja_gtja_067,16,2014-11-20,2024-08-02,16,0.12121212121212122
current_ratio,16,2013-02-27,2024-12-03,15,0.10416666666666667
resmom_6m,15,2013-04-26,2025-11-28,15,0.09615384615384616
p_mdr,15,2010-10-11,2025-10-31,15,0.078125
gtja_gtja_002,15,2015-04-21,2020-07-21,15,0.20833333333333334
debt_to_assets,14,2012-10-26,2025-06-05,14,0.08333333333333333
talib_MAXINDEX,14,2011-05-06,2018-07-27,14,0.14583333333333334
or_yoy,14,2013-05-29,2025-12-26,13,0.08333333333333333
gtja_gtja_015,14,2015-06-17,2020-07-21,14,0.19444444444444445
grossprofit_margin,14,2013-04-26,2025-04-03,12,0.07692307692307693
p_m6,14,2010-11-08,2025-11-28,14,0.07291666666666667
gtja_gtja_113,14,2010-04-08,2022-05-17,14,0.08974358974358974
gtja_gtja_079,13,2014-11-20,2020-10-21,13,0.15476190476190477
hl_52w_disposition,13,2012-07-27,2024-08-02,12,0.07692307692307693
gtja_gtja_041,13,2013-05-29,2022-11-10,13,0.10833333333333334
gtja_gtja_182,13,2010-03-10,2024-11-05,13,0.07222222222222222
gtja_gtja_127,13,2010-04-08,2022-08-10,12,0.07692307692307693
maxret_bcw,13,2013-05-29,2025-10-31,13,0.08333333333333333
gp_novymarx,13,2013-04-26,2025-04-03,11,0.07051282051282051
gtja_gtja_100,12,2011-03-08,2022-03-15,11,0.0763888888888889
gtja_gtja_072,12,2011-02-01,2023-01-06,11,0.07051282051282051
gtja_gtja_025,12,2015-06-17,2025-05-07,12,0.09090909090909091
gtja_gtja_098,12,2013-01-23,2025-02-06,12,0.07692307692307693
talib_ADX,12,2010-07-07,2022-11-10,11,0.07051282051282051
alpha_alpha040,12,2011-11-29,2025-05-07,12,0.06666666666666667
alpha_alpha024,12,2013-01-23,2025-02-06,12,0.07692307692307693
talib_MACD_2,12,2012-05-03,2018-06-29,10,0.11904761904761904
p_m24,12,2015-02-16,2025-06-05,11,0.08333333333333333
gtja_gtja_082,12,2011-11-01,2023-01-06,11,0.07051282051282051
gtja_gtja_160,11,2010-08-04,2025-04-03,10,0.052083333333333336
gtja_gtja_185,11,2014-04-25,2023-09-04,11,0.09166666666666666
p_m3,11,2013-04-26,2025-04-03,11,0.07051282051282051
l_size,11,2011-06-03,2025-06-05,11,0.06111111111111111
l_size3,11,2011-06-03,2025-06-05,11,0.06111111111111111
gtja_gtja_089,10,2012-05-03,2018-05-31,8,0.09523809523809523
gtja_gtja_046,10,2011-07-04,2025-05-07,10,0.05555555555555555
gtja_gtja_097,10,2011-05-06,2022-03-15,10,0.06944444444444445
talib_CORREL,10,2010-05-07,2022-06-15,10,0.0641025641025641
talib_COVAR,10,2010-08-04,2022-08-10,8,0.05128205128205128
talib_TRIX,10,2010-02-03,2025-07-31,10,0.052083333333333336
alpha_alpha039,9,2015-08-13,2025-04-03,9,0.06818181818181818
talib_MACD_0,9,2012-08-24,2025-10-31,9,0.05357142857142857
assets_turn,9,2013-07-29,2019-04-25,9,0.10714285714285714
talib_PPO,9,2010-02-03,2025-10-31,9,0.046875
talib_AVGDEV,9,2010-08-04,2025-12-26,8,0.041666666666666664
talib_STDDEV,9,2010-08-04,2019-11-21,8,0.06666666666666667
talib_ADXR,9,2010-07-07,2023-04-10,9,0.05357142857142857
gtja_gtja_135,9,2020-11-18,2024-06-06,9,0.15
gtja_gtja_042,9,2011-12-27,2025-05-07,9,0.05
gtja_gtja_081,9,2011-05-06,2023-07-10,8,0.05128205128205128
p_m1,9,2018-10-29,2024-06-06,9,0.10714285714285714
gtja_gtja_140,9,2011-09-27,2025-05-07,9,0.05
gtja_gtja_161,8,2017-11-02,2021-01-14,8,0.13333333333333333
gtja_gtja_122,8,2016-10-12,2020-11-18,8,0.13333333333333333
gtja_gtja_030,8,2018-07-27,2024-04-08,8,0.09523809523809523
talib_MAMA_1,8,2011-08-29,2025-03-06,7,0.03888888888888889
talib_ATR,8,2011-08-01,2021-01-14,7,0.05303030303030303
gtja_gtja_174,8,2010-08-04,2019-11-21,7,0.058333333333333334
gtja_gtja_056,8,2010-01-06,2023-09-04,8,0.047619047619047616
p_season,7,2018-07-27,2024-03-07,7,0.08333333333333333
gtja_gtja_027,7,2010-02-03,2025-10-31,7,0.036458333333333336
gtja_gtja_047,7,2012-02-02,2024-05-09,6,0.038461538461538464
talib_AD,7,2011-02-01,2024-04-08,7,0.041666666666666664
l_dtva,7,2012-03-01,2019-01-23,7,0.07291666666666667
gtja_gtja_143,7,2011-05-06,2017-11-30,7,0.08333333333333333
gtja_gtja_138,7,2010-12-06,2022-05-17,7,0.04487179487179487
gtja_gtja_053,7,2010-01-06,2020-04-21,7,0.05303030303030303
coskew60,7,2012-05-31,2025-10-31,7,0.041666666666666664
netprofit_yoy,6,2015-02-16,2025-06-05,6,0.045454545454545456
accruals_sloan,6,2014-05-27,2024-10-08,6,0.045454545454545456
talib_VAR,6,2010-08-04,2019-11-21,5,0.041666666666666664
talib_TRANGE,6,2016-10-12,2021-01-14,6,0.08333333333333333
gtja_gtja_186,6,2011-09-27,2024-03-07,6,0.03571428571428571
gtja_gtja_125,6,2010-05-07,2024-10-08,6,0.03333333333333333
gtja_gtja_103,6,2010-12-06,2024-05-09,6,0.03333333333333333
gtja_gtja_175,6,2017-09-28,2019-11-21,6,0.16666666666666666
roe,6,2013-12-25,2025-11-28,6,0.038461538461538464
gtja_gtja_034,6,2011-07-04,2016-06-13,6,0.08333333333333333
gtja_gtja_183,6,2012-09-21,2019-11-21,6,0.0625
talib_APO,6,2012-08-24,2025-10-31,6,0.03571428571428571
gtja_gtja_112,5,2015-01-19,2025-03-06,5,0.03787878787878788
gtja_gtja_101,5,2010-01-06,2023-09-04,5,0.02976190476190476
gtja_gtja_052,5,2012-07-27,2021-09-09,5,0.041666666666666664
gtja_gtja_154,5,2011-03-08,2024-03-07,5,0.02976190476190476
gtja_gtja_165,5,2013-12-25,2020-03-23,4,0.041666666666666664
alpha_alpha_custom_skew_reversal,5,2010-01-06,2015-07-16,5,0.06944444444444445
talib_MACD_1,5,2012-08-24,2023-06-08,5,0.034722222222222224
gtja_gtja_055,5,2012-05-03,2023-12-05,5,0.034722222222222224
gtja_gtja_187,4,2019-10-24,2025-12-26,4,0.047619047619047616
gtja_gtja_167,4,2019-07-24,2020-01-17,4,0.16666666666666666
gtja_gtja_169,4,2011-09-27,2025-06-05,4,0.022222222222222223
gtja_gtja_049,4,2015-08-13,2024-05-09,4,0.03333333333333333
netprofit_margin,4,2013-01-23,2025-06-05,4,0.02564102564102564
gtja_gtja_118,4,2014-11-20,2021-09-09,4,0.041666666666666664
gtja_gtja_141,4,2010-05-07,2013-01-23,4,0.08333333333333333
alpha_alpha005,4,2016-03-15,2025-11-28,4,0.03333333333333333
gtja_gtja_026,4,2011-07-04,2021-11-15,4,0.030303030303030304
gtja_gtja_040,4,2014-11-20,2022-03-15,4,0.037037037037037035
alpha_alpha074,4,2010-01-06,2023-09-04,4,0.023809523809523808
talib_RSI,4,2014-12-18,2024-08-02,4,0.030303030303030304
alpha_alpha100,4,2018-07-27,2018-10-29,4,0.3333333333333333
talib_CMO,4,2014-11-20,2017-12-28,4,0.08333333333333333
efficiency_ratio,4,2010-07-07,2018-11-26,4,0.037037037037037035
alpha191_040,4,2010-01-06,2024-07-05,4,0.022222222222222223
alpha_alpha061,4,2021-02-18,2023-07-10,4,0.1111111111111111
alpha_alpha065,4,2021-03-18,2023-08-07,4,0.1111111111111111
gtja_gtja_076,4,2020-04-21,2025-06-05,4,0.05555555555555555
roa,4,2016-02-16,2019-06-26,4,0.08333333333333333
gtja_gtja_093,4,2010-11-08,2021-01-14,4,0.027777777777777776
ocf_yoy,3,2012-11-23,2024-01-03,3,0.019230769230769232
alpha_alpha027,3,2023-07-10,2023-09-04,3,0.25
alpha_alpha037,3,2017-03-09,2021-02-18,3,0.05
alpha_alpha032,3,2010-06-04,2021-02-18,3,0.020833333333333332
l_dtvm,3,2017-05-09,2025-11-28,3,0.027777777777777776
gtja_gtja_033,3,2021-11-15,2025-05-07,3,0.05
gtja_gtja_023,3,2011-09-27,2020-11-18,3,0.025
gtja_gtja_011,3,2015-06-17,2020-06-19,3,0.041666666666666664
bps,3,2012-12-21,2025-03-06,3,0.017857142857142856
alpha_alpha_custom_argmin_recent,3,2011-02-01,2024-05-09,3,0.017857142857142856
gtja_gtja_096,3,2010-02-03,2023-10-10,3,0.017857142857142856
talib_MIDPOINT,3,2018-03-30,2020-04-21,3,0.08333333333333333
talib_SMA,3,2013-02-27,2020-03-23,3,0.03125
talib_MAMA_0,3,2013-02-27,2020-03-23,3,0.03125
alpha_alpha097,3,2019-04-25,2023-02-10,3,0.05
talib_MINMAX_1,3,2010-11-08,2025-03-06,3,0.015625
alpha_alpha082,3,2022-05-17,2024-03-07,3,0.08333333333333333
alpha_alpha079,3,2020-09-15,2023-08-07,3,0.0625
talib_MINMAX_0,3,2010-11-08,2020-04-21,3,0.022727272727272728
kurt21_returns,3,2014-03-27,2024-08-30,3,0.022727272727272728
gtja_gtja_110,3,2014-11-20,2015-01-19,3,0.125
gtja_gtja_116,3,2012-08-24,2024-12-31,3,0.019230769230769232
gtja_gtja_088,3,2017-12-28,2025-10-31,3,0.027777777777777776
gtja_gtja_060,3,2013-01-23,2024-12-31,3,0.020833333333333332
gtja_gtja_148,3,2021-03-18,2023-08-07,3,0.08333333333333333
gtja_gtja_157,3,2022-10-13,2022-12-08,3,0.25
gtja_gtja_057,3,2020-04-21,2023-10-10,3,0.0625
gtja_gtja_069,3,2010-02-03,2025-10-31,3,0.015625
gtja_gtja_145,3,2010-07-07,2021-10-18,3,0.020833333333333332
gtja_gtja_152,3,2023-03-10,2025-06-05,3,0.08333333333333333
gtja_gtja_059,3,2023-04-10,2024-12-31,3,0.125
gtja_gtja_151,3,2011-04-07,2023-06-08,3,0.019230769230769232
gtja_gtja_184,3,2017-03-09,2021-02-18,3,0.05
alpha_alpha093,2,2010-04-08,2016-04-13,2,0.023809523809523808
talib_EMA,2,2018-03-30,2020-03-23,2,0.05555555555555555
alpha_alpha064,2,2021-10-18,2023-01-06,2,0.05555555555555555
alpha_alpha063,2,2012-03-01,2013-05-29,2,0.08333333333333333
talib_SUM,2,2018-03-30,2020-03-23,2,0.05555555555555555
talib_BBANDS_2,2,2025-03-06,2025-04-03,2,0.16666666666666666
alpha_alpha013,2,2011-12-27,2012-09-21,2,0.08333333333333333
alpha_alpha031,2,2016-03-15,2021-11-15,2,0.027777777777777776
alpha_alpha052,2,2010-12-06,2021-11-15,2,0.013888888888888888
alpha_alpha050,2,2011-11-29,2024-08-30,2,0.011904761904761904
talib_STOCH_1,2,2017-11-30,2017-12-28,2,0.16666666666666666
talib_AROON_0,2,2010-12-06,2016-04-13,2,0.023809523809523808
alpha_alpha099,2,2020-09-15,2023-08-07,2,0.041666666666666664
alpha_alpha096,2,2010-01-06,2010-03-10,2,0.16666666666666666
talib_ADOSC,2,2024-01-03,2024-12-31,2,0.16666666666666666
alpha_alpha085,2,2017-08-03,2018-08-24,2,0.08333333333333333
alpha_alpha081,2,2019-06-26,2023-08-07,2,0.03333333333333333
alpha_alpha077,2,2016-07-11,2016-08-08,2,0.16666666666666666
gtja_gtja_007,2,2015-02-16,2018-03-02,2,0.041666666666666664
gtja_gtja_006,2,2023-07-10,2023-08-07,2,0.16666666666666666
ocfps,2,2020-09-15,2023-10-10,2,0.041666666666666664
cfps,2,2017-04-10,2025-05-07,2,0.018518518518518517
talib_DEMA,2,2010-11-08,2017-11-02,2,0.020833333333333332
talib_TEMA,2,2010-11-08,2017-11-02,2,0.020833333333333332
gtja_gtja_180,2,2010-03-10,2010-04-08,2,0.16666666666666666
gtja_gtja_166,2,2023-10-10,2024-12-31,2,0.08333333333333333
alpha_alpha_custom_argmax_recent,2,2012-03-29,2012-05-03,2,0.16666666666666666
gtja_gtja_189,2,2017-11-02,2025-11-28,2,0.018518518518518517
alpha_alpha_custom_kurt_filter,2,2011-11-29,2017-02-09,2,0.023809523809523808
alpha_alpha_custom_decaylinear_mom,2,2015-01-19,2023-10-10,2,0.018518518518518517
roe_waa,2,2016-02-16,2025-11-28,2,0.016666666666666666
gtja_gtja_181,2,2017-08-03,2017-08-31,1,0.08333333333333333
gtja_gtja_016,2,2011-11-29,2024-08-30,2,0.011904761904761904
gtja_gtja_024,2,2017-03-09,2024-12-31,2,0.020833333333333332
gtja_gtja_158,2,2010-03-10,2025-12-26,2,0.010416666666666666
gtja_gtja_164,2,2017-11-02,2021-02-18,2,0.03333333333333333
gtja_gtja_168,2,2013-11-27,2016-01-12,2,0.041666666666666664
gtja_gtja_106,2,2012-08-24,2024-12-31,2,0.01282051282051282
gtja_gtja_087,2,2015-07-16,2016-03-15,2,0.08333333333333333
gtja_gtja_063,2,2015-01-19,2020-07-21,2,0.027777777777777776
gtja_gtja_071,2,2017-12-28,2020-10-21,2,0.041666666666666664
gtja_gtja_139,2,2011-01-04,2011-09-27,2,0.16666666666666666
gtja_gtja_099,2,2011-12-27,2012-09-21,2,0.08333333333333333
gtja_gtja_075,2,2010-12-06,2011-01-04,2,0.08333333333333333
gtja_gtja_137,2,2016-10-12,2016-11-09,2,0.16666666666666666
gtja_gtja_129,2,2019-01-23,2021-01-14,2,0.05555555555555555
gtja_gtja_123,2,2020-09-15,2023-08-07,2,0.041666666666666664
alpha_alpha011,2,2015-02-16,2018-03-02,2,0.041666666666666664
gtja_gtja_109,2,2020-05-22,2020-07-21,2,0.16666666666666666
alpha_alpha006,2,2011-01-04,2011-09-27,2,0.16666666666666666
alpha_alpha007,1,2020-09-15,2020-09-15,1,0.08333333333333333
alpha_alpha014,1,2011-01-04,2011-01-04,1,0.08333333333333333
pvcorr_21,1,2014-06-25,2014-06-25,1,0.08333333333333333
skew21_lottery,1,2019-02-27,2019-02-27,1,0.08333333333333333
l_vdtv,1,2012-03-01,2012-03-01,1,0.08333333333333333
gtja_gtja_132,1,2017-05-09,2017-05-09,1,0.08333333333333333
gtja_gtja_134,1,2023-12-05,2023-12-05,1,0.08333333333333333
gtja_gtja_136,1,2011-01-04,2011-01-04,1,0.08333333333333333
gtja_gtja_128,1,2015-02-16,2015-02-16,1,0.08333333333333333
gtja_gtja_115,1,2018-08-24,2018-08-24,1,0.08333333333333333
gtja_gtja_111,1,2010-07-07,2010-07-07,1,0.08333333333333333
alpha_alpha019,1,2025-11-28,2025-11-28,1,0.08333333333333333
alpha_alpha018,1,2014-09-18,2014-09-18,1,0.08333333333333333
gtja_gtja_155,1,2025-04-03,2025-04-03,1,0.08333333333333333
gtja_gtja_077,1,2016-07-11,2016-07-11,1,0.08333333333333333
gtja_gtja_172,1,2018-12-24,2018-12-24,1,0.08333333333333333
gtja_gtja_171,1,2017-02-09,2017-02-09,1,0.08333333333333333
gtja_gtja_058,1,2011-09-27,2011-09-27,1,0.08333333333333333
gtja_gtja_162,1,2020-04-21,2020-04-21,1,0.08333333333333333
gtja_gtja_070,1,2017-05-09,2017-05-09,1,0.08333333333333333
gtja_gtja_147,1,2012-08-24,2012-08-24,1,0.08333333333333333
gtja_gtja_095,1,2025-07-03,2025-07-03,1,0.08333333333333333
alpha191_095,1,2025-07-03,2025-07-03,1,0.08333333333333333
alpha_alpha059,1,2010-01-06,2010-01-06,1,0.08333333333333333
talib_PLUS_DI,1,2014-11-20,2014-11-20,1,0.08333333333333333
alpha_alpha026,1,2013-11-27,2013-11-27,1,0.08333333333333333
alpha_alpha036,1,2024-08-30,2024-08-30,1,0.08333333333333333
fractal_dimension,1,2024-12-31,2024-12-31,1,0.08333333333333333
talib_ULTOSC,1,2024-12-31,2024-12-31,1,0.08333333333333333
talib_WMA,1,2013-02-27,2013-02-27,1,0.08333333333333333
talib_KAMA,1,2025-03-06,2025-03-06,1,0.08333333333333333
talib_T3,1,2010-11-08,2010-11-08,1,0.08333333333333333
talib_LINEARREG_INTERCEPT,1,2025-03-06,2025-03-06,1,0.08333333333333333
talib_MOM,1,2012-07-27,2012-07-27,1,0.08333333333333333
talib_ROC,1,2015-01-19,2015-01-19,1,0.08333333333333333
talib_STOCH_0,1,2017-11-30,2017-11-30,1,0.08333333333333333
talib_MIDPRICE,1,2020-03-23,2020-03-23,1,0.08333333333333333
gtja_gtja_019,1,2017-12-28,2017-12-28,1,0.08333333333333333
gtja_gtja_020,1,2017-12-28,2017-12-28,1,0.08333333333333333
gtja_gtja_022,1,2023-02-10,2023-02-10,1,0.08333333333333333
gtja_gtja_188,1,2020-05-22,2020-05-22,1,0.08333333333333333
gtja_gtja_009,1,2024-01-03,2024-01-03,1,0.08333333333333333
fcff,1,2023-11-07,2023-11-07,1,0.08333333333333333
gtja_gtja_001,1,2024-08-30,2024-08-30,1,0.08333333333333333
gtja_gtja_028,1,2017-11-30,2017-11-30,1,0.08333333333333333
alpha_alpha029,1,2022-10-13,2022-10-13,1,0.08333333333333333
alpha_alpha062,1,2023-01-06,2023-01-06,1,0.08333333333333333
alpha_alpha084,1,2023-02-10,2023-02-10,1,0.08333333333333333
alpha_alpha045,1,2022-04-14,2022-04-14,1,0.08333333333333333
gtja_gtja_102,0,,,0,0.0
gtja_gtja_080,0,,,0,0.0
gtja_gtja_078,0,,,0,0.0
gtja_gtja_105,0,,,0,0.0
gtja_gtja_083,0,,,0,0.0
alpha_alpha015,0,,,0,0.0
alpha_alpha012,0,,,0,0.0
overnight_intraday_spread,0,,,0,0.0
alpha_alpha002,0,,,0,0.0
alpha_alpha003,0,,,0,0.0
alpha_alpha004,0,,,0,0.0
alpha_alpha008,0,,,0,0.0
alpha_alpha016,0,,,0,0.0
gtja_gtja_130,0,,,0,0.0
gtja_gtja_124,0,,,0,0.0
gtja_gtja_119,0,,,0,0.0
gtja_gtja_114,0,,,0,0.0
gtja_gtja_091,0,,,0,0.0
gtja_gtja_133,0,,,0,0.0
gtja_gtja_131,0,,,0,0.0
gtja_gtja_094,0,,,0,0.0
gtja_gtja_126,0,,,0,0.0
gtja_gtja_117,0,,,0,0.0
gtja_gtja_107,0,,,0,0.0
gtja_gtja_108,0,,,0,0.0
alpha_alpha021,0,,,0,0.0
alpha_alpha020,0,,,0,0.0
alpha_alpha017,0,,,0,0.0
gtja_gtja_173,0,,,0,0.0
gtja_gtja_048,0,,,0,0.0
gtja_gtja_050,0,,,0,0.0
gtja_gtja_051,0,,,0,0.0
gtja_gtja_045,0,,,0,0.0
gtja_gtja_163,0,,,0,0.0
gtja_gtja_043,0,,,0,0.0
gtja_gtja_044,0,,,0,0.0
gtja_gtja_073,0,,,0,0.0
gtja_gtja_074,0,,,0,0.0
gtja_gtja_156,0,,,0,0.0
gtja_gtja_061,0,,,0,0.0
gtja_gtja_064,0,,,0,0.0
gtja_gtja_065,0,,,0,0.0
gtja_gtja_066,0,,,0,0.0
gtja_gtja_068,0,,,0,0.0
gtja_gtja_085,0,,,0,0.0
gtja_gtja_146,0,,,0,0.0
gtja_gtja_142,0,,,0,0.0
gtja_gtja_090,0,,,0,0.0
gtja_gtja_084,0,,,0,0.0
gtja_gtja_062,0,,,0,0.0
gtja_gtja_153,0,,,0,0.0
gtja_gtja_150,0,,,0,0.0
gtja_gtja_086,0,,,0,0.0
gtja_gtja_092,0,,,0,0.0
gtja_gtja_104,0,,,0,0.0
gtja_gtja_018,0,,,0,0.0
gtja_gtja_039,0,,,0,0.0
gtja_gtja_038,0,,,0,0.0
gtja_gtja_014,0,,,0,0.0
gtja_gtja_017,0,,,0,0.0
gtja_gtja_010,0,,,0,0.0
gtja_gtja_008,0,,,0,0.0
gtja_gtja_004,0,,,0,0.0
gtja_gtja_005,0,,,0,0.0
gtja_gtja_003,0,,,0,0.0
gtja_gtja_190,0,,,0,0.0
gtja_gtja_191,0,,,0,0.0
alpha_alpha_custom_zscore_5d,0,,,0,0.0
gtja_gtja_021,0,,,0,0.0
alpha_alpha091,0,,,0,0.0
alpha_alpha090,0,,,0,0.0
talib_TRIMA,0,,,0,0.0
alpha_alpha086,0,,,0,0.0
alpha_alpha087,0,,,0,0.0
alpha_alpha088,0,,,0,0.0
alpha_alpha089,0,,,0,0.0
talib_HT_TRENDLINE,0,,,0,0.0
alpha_alpha101,0,,,0,0.0
alpha_alpha098,0,,,0,0.0
alpha_alpha095,0,,,0,0.0
alpha_alpha094,0,,,0,0.0
alpha_alpha092,0,,,0,0.0
gtja_gtja_037,0,,,0,0.0
gtja_gtja_013,0,,,0,0.0
gtja_gtja_036,0,,,0,0.0
gtja_gtja_176,0,,,0,0.0
gtja_gtja_178,0,,,0,0.0
gtja_gtja_177,0,,,0,0.0
gtja_gtja_179,0,,,0,0.0
gtja_gtja_029,0,,,0,0.0
gtja_gtja_031,0,,,0,0.0
gtja_gtja_032,0,,,0,0.0
talib_LINEARREG_R2,0,,,0,0.0
talib_LINEARREG_ANGLE,0,,,0,0.0
talib_LINEARREG,0,,,0,0.0
talib_BOP,0,,,0,0.0
talib_ROCR,0,,,0,0.0
talib_ROCR100,0,,,0,0.0
talib_CCI,0,,,0,0.0
talib_ROCP,0,,,0,0.0
talib_SAR,0,,,0,0.0
talib_WILLR,0,,,0,0.0
alpha_alpha075,0,,,0,0.0
alpha_alpha076,0,,,0,0.0
alpha_alpha071,0,,,0,0.0
talib_LINEARREG_SLOPE,0,,,0,0.0
talib_AROON_1,0,,,0,0.0
talib_TSF,0,,,0,0.0
talib_DX,0,,,0,0.0
talib_MFI,0,,,0,0.0
talib_AROONOSC,0,,,0,0.0
talib_AVGPRICE,0,,,0,0.0
alpha_alpha055,0,,,0,0.0
alpha_alpha056,0,,,0,0.0
alpha_alpha057,0,,,0,0.0
talib_BBANDS_0,0,,,0,0.0
alpha_alpha058,0,,,0,0.0
alpha_alpha060,0,,,0,0.0
alpha_alpha080,0,,,0,0.0
alpha_alpha078,0,,,0,0.0
alpha_alpha083,0,,,0,0.0
alpha_alpha072,0,,,0,0.0
alpha_alpha073,0,,,0,0.0
alpha_alpha070,0,,,0,0.0
talib_TYPPRICE,0,,,0,0.0
talib_MEDPRICE,0,,,0,0.0
alpha_alpha069,0,,,0,0.0
alpha_alpha068,0,,,0,0.0
alpha_alpha067,0,,,0,0.0
alpha_alpha066,0,,,0,0.0
talib_MAX2,0,,,0,0.0
talib_WCLPRICE,0,,,0,0.0
alpha_alpha044,0,,,0,0.0
alpha_alpha046,0,,,0,0.0
alpha_alpha048,0,,,0,0.0
talib_BETA,0,,,0,0.0
alpha_alpha038,0,,,0,0.0
alpha_alpha041,0,,,0,0.0
alpha_alpha043,0,,,0,0.0
talib_MIN2,0,,,0,0.0
alpha_alpha010,0,,,0,0.0
p_pr,0,,,0,0.0
alpha_alpha053,0,,,0,0.0
alpha_alpha051,0,,,0,0.0
alpha_alpha049,0,,,0,0.0
alpha_alpha033,0,,,0,0.0
alpha_alpha034,0,,,0,0.0
alpha_alpha030,0,,,0,0.0
alpha_alpha009,0,,,0,0.0
alpha_alpha035,0,,,0,0.0
alpha_alpha023,0,,,0,0.0
alpha_alpha022,0,,,0,0.0
alpha_alpha001,0,,,0,0.0
alpha_alpha025,0,,,0,0.0
winner_ratio,0,,,0,0.0
alpha_alpha028,0,,,0,0.0
