factor,n_used_total,n_used_bull,n_used_bear,pct_used_total,pct_used_bull,pct_used_bear,avg_score
l_ami,53,27,26,27.18,25.96,28.57,0.09035
idiovola_clmx,36,19,17,18.46,18.27,18.68,0.10537
gtja_gtja_149,35,22,13,17.95,21.15,14.29,0.1067
l_turna,34,21,13,17.44,20.19,14.29,0.09875
r_tv,34,19,15,17.44,18.27,16.48,0.10772
alpha_alpha042,33,15,18,16.92,14.42,19.78,0.06795
gtja_gtja_054,33,17,16,16.92,16.35,17.58,0.05919
gtja_gtja_144,33,17,16,16.92,16.35,17.58,0.08851
gtja_gtja_159,32,20,12,16.41,19.23,13.19,0.10803
talib_NATR,32,15,17,16.41,14.42,18.68,0.10518
v_bm,32,11,21,16.41,10.58,23.08,0.06656
pe,31,18,13,15.9,17.31,14.29,0.10584
gtja_gtja_120,28,10,18,14.36,9.62,19.78,0.06592
r_beta,28,18,10,14.36,17.31,10.99,0.12013
p_mchg,22,9,13,11.28,8.65,14.29,0.0606
gtja_gtja_121,20,12,8,10.26,11.54,8.79,0.06376
gtja_gtja_012,19,10,9,9.74,9.62,9.89,0.07234
gtja_gtja_035,19,8,11,9.74,7.69,12.09,0.05291
gtja_gtja_170,19,14,5,9.74,13.46,5.49,0.06851
l_turnm,19,12,7,9.74,11.54,7.69,0.11849
alpha_alpha054,18,17,1,9.23,16.35,1.1,0.09512
p_m11,18,6,12,9.23,5.77,13.19,0.06561
p_52w,18,9,9,9.23,8.65,9.89,0.06395
pb,17,14,3,8.72,13.46,3.3,0.09659
quick_ratio,17,2,15,8.72,1.92,16.48,0.0948
talib_MINUS_DI,17,11,6,8.72,10.58,6.59,0.07304
mom12m_jt,17,8,9,8.72,7.69,9.89,0.07391
alpha_alpha047,16,11,5,8.21,10.58,5.49,0.06643
gtja_gtja_067,16,14,2,8.21,13.46,2.2,0.09539
current_ratio,16,2,14,8.21,1.92,15.38,0.09555
talib_OBV,16,8,8,8.21,7.69,8.79,0.06173
talib_MININDEX,16,7,9,8.21,6.73,9.89,0.0651
v_ep,16,1,15,8.21,0.96,16.48,0.0591
gtja_gtja_002,15,15,0,7.69,14.42,0.0,0.09589
p_mdr,15,8,7,7.69,7.69,7.69,0.1107
resmom_6m,15,5,10,7.69,4.81,10.99,0.07854
gtja_gtja_015,14,13,1,7.18,12.5,1.1,0.07933
gtja_gtja_113,14,5,9,7.18,4.81,9.89,0.05421
grossprofit_margin,14,4,10,7.18,3.85,10.99,0.06582
debt_to_assets,14,2,12,7.18,1.92,13.19,0.05977
or_yoy,14,11,3,7.18,10.58,3.3,0.07959
talib_MAXINDEX,14,7,7,7.18,6.73,7.69,0.06771
p_m6,14,6,8,7.18,5.77,8.79,0.07303
gtja_gtja_041,13,7,6,6.67,6.73,6.59,0.06145
gtja_gtja_079,13,13,0,6.67,12.5,0.0,0.0953
gtja_gtja_127,13,7,6,6.67,6.73,6.59,0.07102
gtja_gtja_182,13,5,8,6.67,4.81,8.79,0.07751
maxret_bcw,13,7,6,6.67,6.73,6.59,0.11677
gp_novymarx,13,4,9,6.67,3.85,9.89,0.06486
hl_52w_disposition,13,4,9,6.67,3.85,9.89,0.06121
alpha_alpha024,12,3,9,6.15,2.88,9.89,0.05992
alpha_alpha040,12,5,7,6.15,4.81,7.69,0.05321
gtja_gtja_025,12,9,3,6.15,8.65,3.3,0.08258
gtja_gtja_072,12,6,6,6.15,5.77,6.59,0.07189
gtja_gtja_082,12,5,7,6.15,4.81,7.69,0.07399
gtja_gtja_098,12,3,9,6.15,2.88,9.89,0.05992
gtja_gtja_100,12,5,7,6.15,4.81,7.69,0.06894
talib_MACD_2,12,6,6,6.15,5.77,6.59,0.05464
talib_ADX,12,5,7,6.15,4.81,7.69,0.06924
p_m24,12,7,5,6.15,6.73,5.49,0.07597
gtja_gtja_160,11,8,3,5.64,7.69,3.3,0.08234
gtja_gtja_185,11,9,2,5.64,8.65,2.2,0.08953
l_size,11,5,6,5.64,4.81,6.59,0.06001
l_size3,11,5,6,5.64,4.81,6.59,0.06001
p_m3,11,3,8,5.64,2.88,8.79,0.07666
gtja_gtja_046,10,9,1,5.13,8.65,1.1,0.08655
gtja_gtja_089,10,5,5,5.13,4.81,5.49,0.05168
gtja_gtja_097,10,5,5,5.13,4.81,5.49,0.07608
talib_TRIX,10,5,5,5.13,4.81,5.49,0.08753
talib_CORREL,10,3,7,5.13,2.88,7.69,0.0598
talib_COVAR,10,5,5,5.13,4.81,5.49,0.07545
alpha_alpha039,9,2,7,4.62,1.92,7.69,0.05743
gtja_gtja_042,9,4,5,4.62,3.85,5.49,0.05508
gtja_gtja_081,9,5,4,4.62,4.81,4.4,0.06677
gtja_gtja_135,9,3,6,4.62,2.88,6.59,0.11297
gtja_gtja_140,9,2,7,4.62,1.92,7.69,0.04003
assets_turn,9,6,3,4.62,5.77,3.3,0.06877
talib_MACD_0,9,5,4,4.62,4.81,4.4,0.09598
talib_PPO,9,5,4,4.62,4.81,4.4,0.09154
talib_ADXR,9,4,5,4.62,3.85,5.49,0.06287
talib_STDDEV,9,6,3,4.62,5.77,3.3,0.08813
talib_AVGDEV,9,6,3,4.62,5.77,3.3,0.08001
p_m1,9,2,7,4.62,1.92,7.69,0.07611
gtja_gtja_030,8,2,6,4.1,1.92,6.59,0.05903
gtja_gtja_056,8,2,6,4.1,1.92,6.59,0.05442
gtja_gtja_122,8,8,0,4.1,7.69,0.0,0.08734
gtja_gtja_161,8,8,0,4.1,7.69,0.0,0.08766
gtja_gtja_174,8,6,2,4.1,5.77,2.2,0.09428
talib_MAMA_1,8,2,6,4.1,1.92,6.59,0.05815
talib_ATR,8,6,2,4.1,5.77,2.2,0.09385
gtja_gtja_027,7,5,2,3.59,4.81,2.2,0.10356
gtja_gtja_047,7,5,2,3.59,4.81,2.2,0.07812
gtja_gtja_053,7,5,2,3.59,4.81,2.2,0.05205
gtja_gtja_138,7,5,2,3.59,4.81,2.2,0.08449
gtja_gtja_143,7,1,6,3.59,0.96,6.59,0.06384
talib_AD,7,4,3,3.59,3.85,3.3,0.04876
l_dtva,7,5,2,3.59,4.81,2.2,0.05383
p_season,7,1,6,3.59,0.96,6.59,0.05901
coskew60,7,2,5,3.59,1.92,5.49,0.11037
gtja_gtja_034,6,5,1,3.08,4.81,1.1,0.08312
gtja_gtja_103,6,5,1,3.08,4.81,1.1,0.06191
gtja_gtja_125,6,4,2,3.08,3.85,2.2,0.08167
gtja_gtja_175,6,6,0,3.08,5.77,0.0,0.08232
gtja_gtja_183,6,3,3,3.08,2.88,3.3,0.05693
gtja_gtja_186,6,3,3,3.08,2.88,3.3,0.0571
roe,6,5,1,3.08,4.81,1.1,0.05539
netprofit_yoy,6,3,3,3.08,2.88,3.3,0.05726
talib_APO,6,2,4,3.08,1.92,4.4,0.11624
talib_TRANGE,6,6,0,3.08,5.77,0.0,0.08414
talib_VAR,6,4,2,3.08,3.85,2.2,0.08858
accruals_sloan,6,2,4,3.08,1.92,4.4,0.06525
alpha_alpha_custom_skew_reversal,5,5,0,2.56,4.81,0.0,0.06468
gtja_gtja_052,5,2,3,2.56,1.92,3.3,0.09509
gtja_gtja_055,5,1,4,2.56,0.96,4.4,0.0472
gtja_gtja_101,5,2,3,2.56,1.92,3.3,0.0449
gtja_gtja_112,5,4,1,2.56,3.85,1.1,0.06937
gtja_gtja_154,5,4,1,2.56,3.85,1.1,0.05408
gtja_gtja_165,5,4,1,2.56,3.85,1.1,0.06556
talib_MACD_1,5,1,4,2.56,0.96,4.4,0.08812
alpha_alpha005,4,4,0,2.05,3.85,0.0,0.06378
alpha_alpha061,4,0,4,2.05,0.0,4.4,0.06696
alpha_alpha065,4,0,4,2.05,0.0,4.4,0.0569
alpha_alpha074,4,2,2,2.05,1.92,2.2,0.0475
alpha_alpha100,4,0,4,2.05,0.0,4.4,0.06021
gtja_gtja_026,4,1,3,2.05,0.96,3.3,0.06362
gtja_gtja_040,4,2,2,2.05,1.92,2.2,0.1148
gtja_gtja_049,4,4,0,2.05,3.85,0.0,0.08978
gtja_gtja_076,4,4,0,2.05,3.85,0.0,0.10671
gtja_gtja_093,4,4,0,2.05,3.85,0.0,0.09015
gtja_gtja_118,4,3,1,2.05,2.88,1.1,0.14703
gtja_gtja_141,4,2,2,2.05,1.92,2.2,0.04232
gtja_gtja_167,4,4,0,2.05,3.85,0.0,0.08264
gtja_gtja_169,4,2,2,2.05,1.92,2.2,0.03943
gtja_gtja_187,4,4,0,2.05,3.85,0.0,0.10172
roa,4,4,0,2.05,3.85,0.0,0.05974
netprofit_margin,4,2,2,2.05,1.92,2.2,0.0487
talib_RSI,4,2,2,2.05,1.92,2.2,0.07984
talib_CMO,4,4,0,2.05,3.85,0.0,0.11101
efficiency_ratio,4,3,1,2.05,2.88,1.1,0.08179
alpha191_040,4,3,1,2.05,2.88,1.1,0.07928
alpha_alpha027,3,0,3,1.54,0.0,3.3,0.06065
alpha_alpha032,3,2,1,1.54,1.92,1.1,0.05364
alpha_alpha037,3,2,1,1.54,1.92,1.1,0.0537
alpha_alpha079,3,1,2,1.54,0.96,2.2,0.0537
alpha_alpha082,3,1,2,1.54,0.96,2.2,0.0499
alpha_alpha097,3,1,2,1.54,0.96,2.2,0.04426
alpha_alpha_custom_argmin_recent,3,2,1,1.54,1.92,1.1,0.04777
gtja_gtja_011,3,3,0,1.54,2.88,0.0,0.12097
gtja_gtja_023,3,2,1,1.54,1.92,1.1,0.05745
gtja_gtja_033,3,1,2,1.54,0.96,2.2,0.04436
gtja_gtja_057,3,2,1,1.54,1.92,1.1,0.0658
gtja_gtja_059,3,0,3,1.54,0.0,3.3,0.099
gtja_gtja_060,3,1,2,1.54,0.96,2.2,0.05268
gtja_gtja_069,3,3,0,1.54,2.88,0.0,0.08057
gtja_gtja_088,3,3,0,1.54,2.88,0.0,0.09367
gtja_gtja_096,3,1,2,1.54,0.96,2.2,0.04506
gtja_gtja_110,3,3,0,1.54,2.88,0.0,0.16564
gtja_gtja_116,3,1,2,1.54,0.96,2.2,0.04821
gtja_gtja_145,3,1,2,1.54,0.96,2.2,0.06089
gtja_gtja_148,3,0,3,1.54,0.0,3.3,0.06013
gtja_gtja_151,3,1,2,1.54,0.96,2.2,0.08949
gtja_gtja_152,3,1,2,1.54,0.96,2.2,0.08865
gtja_gtja_157,3,0,3,1.54,0.0,3.3,0.04443
gtja_gtja_184,3,2,1,1.54,1.92,1.1,0.0537
bps,3,0,3,1.54,0.0,3.3,0.04359
ocf_yoy,3,1,2,1.54,0.96,2.2,0.06942
talib_SMA,3,1,2,1.54,0.96,2.2,0.06847
talib_MAMA_0,3,1,2,1.54,0.96,2.2,0.06647
talib_MIDPOINT,3,2,1,1.54,1.92,1.1,0.07105
talib_MINMAX_0,3,2,1,1.54,1.92,1.1,0.06801
talib_MINMAX_1,3,1,2,1.54,0.96,2.2,0.0579
l_dtvm,3,3,0,1.54,2.88,0.0,0.0938
kurt21_returns,3,2,1,1.54,1.92,1.1,0.07306
alpha_alpha006,2,1,1,1.03,0.96,1.1,0.04072
alpha_alpha011,2,1,1,1.03,0.96,1.1,0.05152
alpha_alpha013,2,0,2,1.03,0.0,2.2,0.03899
alpha_alpha031,2,1,1,1.03,0.96,1.1,0.0633
alpha_alpha050,2,0,2,1.03,0.0,2.2,0.03419
alpha_alpha052,2,1,1,1.03,0.96,1.1,0.06414
alpha_alpha063,2,1,1,1.03,0.96,1.1,0.06005
alpha_alpha064,2,0,2,1.03,0.0,2.2,0.04489
alpha_alpha077,2,2,0,1.03,1.92,0.0,0.0845
alpha_alpha081,2,1,1,1.03,0.96,1.1,0.05132
alpha_alpha085,2,1,1,1.03,0.96,1.1,0.0455
alpha_alpha093,2,2,0,1.03,1.92,0.0,0.05332
alpha_alpha096,2,2,0,1.03,1.92,0.0,0.04119
alpha_alpha099,2,1,1,1.03,0.96,1.1,0.0544
alpha_alpha_custom_argmax_recent,2,2,0,1.03,1.92,0.0,0.04947
alpha_alpha_custom_decaylinear_mom,2,1,1,1.03,0.96,1.1,0.07266
alpha_alpha_custom_kurt_filter,2,1,1,1.03,0.96,1.1,0.03391
gtja_gtja_006,2,0,2,1.03,0.0,2.2,0.05859
gtja_gtja_007,2,1,1,1.03,0.96,1.1,0.05152
gtja_gtja_016,2,0,2,1.03,0.0,2.2,0.03419
gtja_gtja_024,2,1,1,1.03,0.96,1.1,0.04145
gtja_gtja_063,2,2,0,1.03,1.92,0.0,0.1155
gtja_gtja_071,2,2,0,1.03,1.92,0.0,0.06493
gtja_gtja_075,2,2,0,1.03,1.92,0.0,0.06585
gtja_gtja_087,2,2,0,1.03,1.92,0.0,0.08633
gtja_gtja_099,2,0,2,1.03,0.0,2.2,0.03899
gtja_gtja_106,2,0,2,1.03,0.0,2.2,0.04487
gtja_gtja_109,2,2,0,1.03,1.92,0.0,0.10556
gtja_gtja_123,2,1,1,1.03,0.96,1.1,0.05643
gtja_gtja_129,2,2,0,1.03,1.92,0.0,0.0803
gtja_gtja_137,2,2,0,1.03,1.92,0.0,0.0555
gtja_gtja_139,2,1,1,1.03,0.96,1.1,0.04072
gtja_gtja_158,2,2,0,1.03,1.92,0.0,0.05165
gtja_gtja_164,2,1,1,1.03,0.96,1.1,0.06975
gtja_gtja_166,2,0,2,1.03,0.0,2.2,0.04317
gtja_gtja_168,2,1,1,1.03,0.96,1.1,0.05482
gtja_gtja_180,2,2,0,1.03,1.92,0.0,0.04455
gtja_gtja_181,2,2,0,1.03,1.92,0.0,0.05831
gtja_gtja_189,2,2,0,1.03,1.92,0.0,0.05623
roe_waa,2,2,0,1.03,1.92,0.0,0.06551
cfps,2,2,0,1.03,1.92,0.0,0.04611
ocfps,2,1,1,1.03,0.96,1.1,0.04158
talib_EMA,2,1,1,1.03,0.96,1.1,0.07849
talib_DEMA,2,2,0,1.03,1.92,0.0,0.07802
talib_TEMA,2,2,0,1.03,1.92,0.0,0.07896
talib_STOCH_1,2,2,0,1.03,1.92,0.0,0.07364
talib_AROON_0,2,2,0,1.03,1.92,0.0,0.06663
talib_BBANDS_2,2,0,2,1.03,0.0,2.2,0.03487
talib_ADOSC,2,0,2,1.03,0.0,2.2,0.03372
talib_SUM,2,1,1,1.03,0.96,1.1,0.07766
alpha_alpha007,1,1,0,0.51,0.96,0.0,0.04081
alpha_alpha014,1,1,0,0.51,0.96,0.0,0.05638
alpha_alpha018,1,1,0,0.51,0.96,0.0,0.04382
alpha_alpha019,1,1,0,0.51,0.96,0.0,0.03499
alpha_alpha026,1,0,1,0.51,0.0,1.1,0.0311
alpha_alpha029,1,0,1,0.51,0.0,1.1,0.04104
alpha_alpha036,1,0,1,0.51,0.0,1.1,0.02811
alpha_alpha045,1,0,1,0.51,0.0,1.1,0.05111
alpha_alpha059,1,1,0,0.51,0.96,0.0,0.03976
alpha_alpha062,1,0,1,0.51,0.0,1.1,0.0521
alpha_alpha084,1,0,1,0.51,0.0,1.1,0.03663
gtja_gtja_001,1,0,1,0.51,0.0,1.1,0.02972
gtja_gtja_009,1,0,1,0.51,0.0,1.1,0.026
gtja_gtja_019,1,1,0,0.51,0.96,0.0,0.07093
gtja_gtja_020,1,1,0,0.51,0.96,0.0,0.07093
gtja_gtja_022,1,0,1,0.51,0.0,1.1,0.03716
gtja_gtja_028,1,1,0,0.51,0.96,0.0,0.06442
gtja_gtja_058,1,0,1,0.51,0.0,1.1,0.02338
gtja_gtja_070,1,1,0,0.51,0.96,0.0,0.04055
gtja_gtja_077,1,1,0,0.51,0.96,0.0,0.08564
gtja_gtja_095,1,1,0,0.51,0.96,0.0,0.08507
gtja_gtja_111,1,1,0,0.51,0.96,0.0,0.04178
gtja_gtja_115,1,0,1,0.51,0.0,1.1,0.03923
gtja_gtja_128,1,1,0,0.51,0.96,0.0,0.05202
gtja_gtja_132,1,1,0,0.51,0.96,0.0,0.05659
gtja_gtja_134,1,0,1,0.51,0.0,1.1,0.04492
gtja_gtja_136,1,1,0,0.51,0.96,0.0,0.05638
gtja_gtja_147,1,0,1,0.51,0.0,1.1,0.04833
gtja_gtja_155,1,0,1,0.51,0.0,1.1,0.02875
gtja_gtja_162,1,1,0,0.51,0.96,0.0,0.0591
gtja_gtja_171,1,1,0,0.51,0.96,0.0,0.0414
gtja_gtja_172,1,0,1,0.51,0.0,1.1,0.03143
gtja_gtja_188,1,1,0,0.51,0.96,0.0,0.09743
fcff,1,0,1,0.51,0.0,1.1,0.0293
talib_WMA,1,0,1,0.51,0.0,1.1,0.05115
talib_KAMA,1,0,1,0.51,0.0,1.1,0.03866
talib_T3,1,1,0,0.51,0.96,0.0,0.08383
talib_MIDPRICE,1,1,0,0.51,0.96,0.0,0.10188
talib_STOCH_0,1,1,0,0.51,0.96,0.0,0.06585
talib_MOM,1,0,1,0.51,0.0,1.1,0.03859
talib_ROC,1,1,0,0.51,0.96,0.0,0.11155
talib_ULTOSC,1,0,1,0.51,0.0,1.1,0.0426
talib_LINEARREG_INTERCEPT,1,0,1,0.51,0.0,1.1,0.04018
talib_PLUS_DI,1,1,0,0.51,0.96,0.0,0.12886
l_vdtv,1,1,0,0.51,0.96,0.0,0.05941
fractal_dimension,1,0,1,0.51,0.0,1.1,0.05238
alpha191_095,1,1,0,0.51,0.96,0.0,0.08507
skew21_lottery,1,1,0,0.51,0.96,0.0,0.07907
pvcorr_21,1,1,0,0.51,0.96,0.0,0.05686
alpha_alpha001,0,0,0,0.0,0.0,0.0,0.0
alpha_alpha002,0,0,0,0.0,0.0,0.0,0.0
alpha_alpha003,0,0,0,0.0,0.0,0.0,0.0
alpha_alpha004,0,0,0,0.0,0.0,0.0,0.0
alpha_alpha008,0,0,0,0.0,0.0,0.0,0.0
alpha_alpha009,0,0,0,0.0,0.0,0.0,0.0
alpha_alpha010,0,0,0,0.0,0.0,0.0,0.0
alpha_alpha012,0,0,0,0.0,0.0,0.0,0.0
alpha_alpha015,0,0,0,0.0,0.0,0.0,0.0
alpha_alpha016,0,0,0,0.0,0.0,0.0,0.0
alpha_alpha017,0,0,0,0.0,0.0,0.0,0.0
alpha_alpha020,0,0,0,0.0,0.0,0.0,0.0
alpha_alpha021,0,0,0,0.0,0.0,0.0,0.0
alpha_alpha022,0,0,0,0.0,0.0,0.0,0.0
alpha_alpha023,0,0,0,0.0,0.0,0.0,0.0
alpha_alpha025,0,0,0,0.0,0.0,0.0,0.0
alpha_alpha028,0,0,0,0.0,0.0,0.0,0.0
alpha_alpha030,0,0,0,0.0,0.0,0.0,0.0
alpha_alpha033,0,0,0,0.0,0.0,0.0,0.0
alpha_alpha034,0,0,0,0.0,0.0,0.0,0.0
alpha_alpha035,0,0,0,0.0,0.0,0.0,0.0
alpha_alpha038,0,0,0,0.0,0.0,0.0,0.0
alpha_alpha041,0,0,0,0.0,0.0,0.0,0.0
alpha_alpha043,0,0,0,0.0,0.0,0.0,0.0
alpha_alpha044,0,0,0,0.0,0.0,0.0,0.0
alpha_alpha046,0,0,0,0.0,0.0,0.0,0.0
alpha_alpha048,0,0,0,0.0,0.0,0.0,0.0
alpha_alpha049,0,0,0,0.0,0.0,0.0,0.0
alpha_alpha051,0,0,0,0.0,0.0,0.0,0.0
alpha_alpha053,0,0,0,0.0,0.0,0.0,0.0
alpha_alpha055,0,0,0,0.0,0.0,0.0,0.0
alpha_alpha056,0,0,0,0.0,0.0,0.0,0.0
alpha_alpha057,0,0,0,0.0,0.0,0.0,0.0
alpha_alpha058,0,0,0,0.0,0.0,0.0,0.0
alpha_alpha060,0,0,0,0.0,0.0,0.0,0.0
alpha_alpha066,0,0,0,0.0,0.0,0.0,0.0
alpha_alpha067,0,0,0,0.0,0.0,0.0,0.0
alpha_alpha068,0,0,0,0.0,0.0,0.0,0.0
alpha_alpha069,0,0,0,0.0,0.0,0.0,0.0
alpha_alpha070,0,0,0,0.0,0.0,0.0,0.0
alpha_alpha071,0,0,0,0.0,0.0,0.0,0.0
alpha_alpha072,0,0,0,0.0,0.0,0.0,0.0
alpha_alpha073,0,0,0,0.0,0.0,0.0,0.0
alpha_alpha075,0,0,0,0.0,0.0,0.0,0.0
alpha_alpha076,0,0,0,0.0,0.0,0.0,0.0
alpha_alpha078,0,0,0,0.0,0.0,0.0,0.0
alpha_alpha080,0,0,0,0.0,0.0,0.0,0.0
alpha_alpha083,0,0,0,0.0,0.0,0.0,0.0
alpha_alpha086,0,0,0,0.0,0.0,0.0,0.0
alpha_alpha087,0,0,0,0.0,0.0,0.0,0.0
alpha_alpha088,0,0,0,0.0,0.0,0.0,0.0
alpha_alpha089,0,0,0,0.0,0.0,0.0,0.0
alpha_alpha090,0,0,0,0.0,0.0,0.0,0.0
alpha_alpha091,0,0,0,0.0,0.0,0.0,0.0
alpha_alpha092,0,0,0,0.0,0.0,0.0,0.0
alpha_alpha094,0,0,0,0.0,0.0,0.0,0.0
alpha_alpha095,0,0,0,0.0,0.0,0.0,0.0
alpha_alpha098,0,0,0,0.0,0.0,0.0,0.0
alpha_alpha101,0,0,0,0.0,0.0,0.0,0.0
alpha_alpha_custom_zscore_5d,0,0,0,0.0,0.0,0.0,0.0
gtja_gtja_003,0,0,0,0.0,0.0,0.0,0.0
gtja_gtja_004,0,0,0,0.0,0.0,0.0,0.0
gtja_gtja_005,0,0,0,0.0,0.0,0.0,0.0
gtja_gtja_008,0,0,0,0.0,0.0,0.0,0.0
gtja_gtja_010,0,0,0,0.0,0.0,0.0,0.0
gtja_gtja_013,0,0,0,0.0,0.0,0.0,0.0
gtja_gtja_014,0,0,0,0.0,0.0,0.0,0.0
gtja_gtja_017,0,0,0,0.0,0.0,0.0,0.0
gtja_gtja_018,0,0,0,0.0,0.0,0.0,0.0
gtja_gtja_021,0,0,0,0.0,0.0,0.0,0.0
gtja_gtja_029,0,0,0,0.0,0.0,0.0,0.0
gtja_gtja_031,0,0,0,0.0,0.0,0.0,0.0
gtja_gtja_032,0,0,0,0.0,0.0,0.0,0.0
gtja_gtja_036,0,0,0,0.0,0.0,0.0,0.0
gtja_gtja_037,0,0,0,0.0,0.0,0.0,0.0
gtja_gtja_038,0,0,0,0.0,0.0,0.0,0.0
gtja_gtja_039,0,0,0,0.0,0.0,0.0,0.0
gtja_gtja_043,0,0,0,0.0,0.0,0.0,0.0
gtja_gtja_044,0,0,0,0.0,0.0,0.0,0.0
gtja_gtja_045,0,0,0,0.0,0.0,0.0,0.0
gtja_gtja_048,0,0,0,0.0,0.0,0.0,0.0
gtja_gtja_050,0,0,0,0.0,0.0,0.0,0.0
gtja_gtja_051,0,0,0,0.0,0.0,0.0,0.0
gtja_gtja_061,0,0,0,0.0,0.0,0.0,0.0
gtja_gtja_062,0,0,0,0.0,0.0,0.0,0.0
gtja_gtja_064,0,0,0,0.0,0.0,0.0,0.0
gtja_gtja_065,0,0,0,0.0,0.0,0.0,0.0
gtja_gtja_066,0,0,0,0.0,0.0,0.0,0.0
gtja_gtja_068,0,0,0,0.0,0.0,0.0,0.0
gtja_gtja_073,0,0,0,0.0,0.0,0.0,0.0
gtja_gtja_074,0,0,0,0.0,0.0,0.0,0.0
gtja_gtja_078,0,0,0,0.0,0.0,0.0,0.0
gtja_gtja_080,0,0,0,0.0,0.0,0.0,0.0
gtja_gtja_083,0,0,0,0.0,0.0,0.0,0.0
gtja_gtja_084,0,0,0,0.0,0.0,0.0,0.0
gtja_gtja_085,0,0,0,0.0,0.0,0.0,0.0
gtja_gtja_086,0,0,0,0.0,0.0,0.0,0.0
gtja_gtja_090,0,0,0,0.0,0.0,0.0,0.0
gtja_gtja_091,0,0,0,0.0,0.0,0.0,0.0
gtja_gtja_092,0,0,0,0.0,0.0,0.0,0.0
gtja_gtja_094,0,0,0,0.0,0.0,0.0,0.0
gtja_gtja_102,0,0,0,0.0,0.0,0.0,0.0
gtja_gtja_104,0,0,0,0.0,0.0,0.0,0.0
gtja_gtja_105,0,0,0,0.0,0.0,0.0,0.0
gtja_gtja_107,0,0,0,0.0,0.0,0.0,0.0
gtja_gtja_108,0,0,0,0.0,0.0,0.0,0.0
gtja_gtja_114,0,0,0,0.0,0.0,0.0,0.0
gtja_gtja_117,0,0,0,0.0,0.0,0.0,0.0
gtja_gtja_119,0,0,0,0.0,0.0,0.0,0.0
gtja_gtja_124,0,0,0,0.0,0.0,0.0,0.0
gtja_gtja_126,0,0,0,0.0,0.0,0.0,0.0
gtja_gtja_130,0,0,0,0.0,0.0,0.0,0.0
gtja_gtja_131,0,0,0,0.0,0.0,0.0,0.0
gtja_gtja_133,0,0,0,0.0,0.0,0.0,0.0
gtja_gtja_142,0,0,0,0.0,0.0,0.0,0.0
gtja_gtja_146,0,0,0,0.0,0.0,0.0,0.0
gtja_gtja_150,0,0,0,0.0,0.0,0.0,0.0
gtja_gtja_153,0,0,0,0.0,0.0,0.0,0.0
gtja_gtja_156,0,0,0,0.0,0.0,0.0,0.0
gtja_gtja_163,0,0,0,0.0,0.0,0.0,0.0
gtja_gtja_173,0,0,0,0.0,0.0,0.0,0.0
gtja_gtja_176,0,0,0,0.0,0.0,0.0,0.0
gtja_gtja_177,0,0,0,0.0,0.0,0.0,0.0
gtja_gtja_178,0,0,0,0.0,0.0,0.0,0.0
gtja_gtja_179,0,0,0,0.0,0.0,0.0,0.0
gtja_gtja_190,0,0,0,0.0,0.0,0.0,0.0
gtja_gtja_191,0,0,0,0.0,0.0,0.0,0.0
talib_TRIMA,0,0,0,0.0,0.0,0.0,0.0
talib_HT_TRENDLINE,0,0,0,0.0,0.0,0.0,0.0
talib_SAR,0,0,0,0.0,0.0,0.0,0.0
talib_WILLR,0,0,0,0.0,0.0,0.0,0.0
talib_CCI,0,0,0,0.0,0.0,0.0,0.0
talib_ROCP,0,0,0,0.0,0.0,0.0,0.0
talib_ROCR,0,0,0,0.0,0.0,0.0,0.0
talib_ROCR100,0,0,0,0.0,0.0,0.0,0.0
talib_BOP,0,0,0,0.0,0.0,0.0,0.0
talib_LINEARREG,0,0,0,0.0,0.0,0.0,0.0
talib_LINEARREG_ANGLE,0,0,0,0.0,0.0,0.0,0.0
talib_LINEARREG_R2,0,0,0,0.0,0.0,0.0,0.0
talib_LINEARREG_SLOPE,0,0,0,0.0,0.0,0.0,0.0
talib_TSF,0,0,0,0.0,0.0,0.0,0.0
talib_AROON_1,0,0,0,0.0,0.0,0.0,0.0
talib_AROONOSC,0,0,0,0.0,0.0,0.0,0.0
talib_MFI,0,0,0,0.0,0.0,0.0,0.0
talib_DX,0,0,0,0.0,0.0,0.0,0.0
talib_BBANDS_0,0,0,0,0.0,0.0,0.0,0.0
talib_AVGPRICE,0,0,0,0.0,0.0,0.0,0.0
talib_MEDPRICE,0,0,0,0.0,0.0,0.0,0.0
talib_TYPPRICE,0,0,0,0.0,0.0,0.0,0.0
talib_WCLPRICE,0,0,0,0.0,0.0,0.0,0.0
talib_BETA,0,0,0,0.0,0.0,0.0,0.0
talib_MAX2,0,0,0,0.0,0.0,0.0,0.0
talib_MIN2,0,0,0,0.0,0.0,0.0,0.0
p_pr,0,0,0,0.0,0.0,0.0,0.0
winner_ratio,0,0,0,0.0,0.0,0.0,0.0
overnight_intraday_spread,0,0,0,0.0,0.0,0.0,0.0
