rank,factor,rebal_days,annualized_return,annualized_return,sharpe_ratio,win_rate,max_drawdown_pct,closed_trade_count,total_return_pct
1,gtja_gtja_143,5,0.031521,0.031521,1.345872,53.5714,74.6219,196,101.9637
2,alpha_alpha050,20,0.031509,0.031509,0.799520,54.5455,65.6041,66,101.9099
3,gtja_gtja_174,20,0.031469,0.031469,0.816587,60.8696,67.1011,69,101.7326
4,gtja_gtja_080,20,0.031454,0.031454,0.777079,62.9032,67.0500,62,101.6652
5,alpha_alpha046,5,0.031339,0.031339,1.604113,59.1398,55.1832,279,101.1567
6,gtja_gtja_132,20,0.031337,0.031337,0.828710,53.5211,64.1494,71,101.1481
7,gtja_gtja_126,10,0.031331,0.031331,1.099854,52.7132,72.6483,129,101.1228
8,gtja_gtja_015,20,0.031331,0.031331,0.806545,55.2239,65.6619,67,101.1226
9,gtja_gtja_175,20,0.031325,0.031325,0.804123,64.1791,65.8872,67,101.0965
10,alpha_alpha068,20,0.031315,0.031315,0.776830,64.5161,65.1592,62,101.0492
11,alpha_alpha070,20,0.031311,0.031311,0.784298,60.3175,70.8160,63,101.0308
12,gtja_gtja_055,10,0.031310,0.031310,1.119052,53.7313,58.7000,134,101.0295
13,gtja_gtja_187,10,0.031307,0.031307,1.062533,50.8333,60.5707,120,101.0166
14,gtja_gtja_089,10,0.031289,0.031289,1.203282,63.2258,56.7976,155,100.9345
15,gtja_gtja_170,20,0.031281,0.031281,0.770892,59.0164,64.4989,61,100.8997
16,gtja_gtja_059,10,0.031280,0.031280,1.095659,52.3438,58.6732,128,100.8943
17,gtja_gtja_062,20,0.031271,0.031271,0.801780,52.2388,67.6061,67,100.8561
18,alpha_alpha047,20,0.031246,0.031246,0.770524,59.0164,64.5083,61,100.7452
19,gtja_gtja_134,20,0.031138,0.031138,0.820422,58.5714,64.1486,70,100.2710
20,gtja_gtja_039,10,0.031137,0.031137,1.126521,58.8235,56.0603,136,100.2648
