rank,factor,rebal_days,win_rate,annualized_return,sharpe_ratio,win_rate,max_drawdown_pct,closed_trade_count,total_return_pct
1,alpha_alpha026,20,80.000000,0.000102,0.214543,80.0000,52.3193,5,0.2310
2,alpha_alpha026,10,70.000000,0.000061,0.301677,70.0000,52.2790,10,0.1393
3,gtja_gtja_111,10,66.666667,-0.000024,0.161839,66.6667,50.2542,3,-0.0545
4,alpha_alpha043,20,66.176471,0.000654,0.792061,66.1765,59.5497,68,1.4918
5,alpha_alpha092,20,64.705882,0.030250,0.806460,64.7059,57.2815,68,96.4005
6,gtja_gtja_085,20,64.705882,0.000612,0.791485,64.7059,59.5555,68,1.3963
7,alpha_alpha068,20,64.516129,0.031315,0.776830,64.5161,65.1592,62,101.0492
8,gtja_gtja_048,20,64.516129,0.031076,0.771754,64.5161,57.6589,62,99.9990
9,gtja_gtja_109,20,64.179104,0.000665,0.784197,64.1791,59.5406,67,1.5176
10,gtja_gtja_175,20,64.179104,0.031325,0.804123,64.1791,65.8872,67,101.0965
11,gtja_gtja_159,20,63.768116,0.000668,0.795749,63.7681,60.1404,69,1.5242
12,gtja_gtja_082,5,63.728814,0.030309,1.646072,63.7288,53.6394,295,96.6542
13,alpha_alpha007,20,63.636364,0.000552,0.777341,63.6364,59.5699,66,1.2571
14,gtja_gtja_047,5,63.271605,0.030512,1.725548,63.2716,53.5887,324,97.5334
15,alpha_alpha030,20,63.235294,0.030827,0.802605,63.2353,61.4216,68,98.9055
16,gtja_gtja_089,10,63.225806,0.031289,1.203282,63.2258,56.7976,155,100.9345
17,gtja_gtja_072,5,63.087248,0.030315,1.654650,63.0872,53.5658,298,96.6807
18,alpha_alpha055,20,63.076923,0.029686,0.782819,63.0769,54.4032,65,93.9785
19,alpha_alpha021,20,63.013699,0.000584,0.817191,63.0137,59.5614,73,1.3312
20,gtja_gtja_080,20,62.903226,0.031454,0.777079,62.9032,67.0500,62,101.6652
