symbol,20,40,60,total_all
600519.SH,39.0,37.0,33.0,109.0
000661.SZ,32.0,33.0,31.0,96.0
300033.SZ,28.0,32.0,35.0,95.0
300502.SZ,26.0,25.0,21.0,72.0
300308.SZ,20.0,23.0,27.0,70.0
300223.SZ,22.0,22.0,20.0,64.0
000725.SZ,20.0,20.0,23.0,63.0
000100.SZ,17.0,20.0,25.0,62.0
300394.SZ,18.0,18.0,20.0,56.0
601288.SH,18.0,19.0,18.0,55.0
002304.SZ,20.0,18.0,13.0,51.0
000596.SZ,18.0,14.0,16.0,48.0
300661.SZ,15.0,16.0,16.0,47.0
601988.SH,15.0,16.0,16.0,47.0
688256.SH,13.0,16.0,15.0,44.0
603986.SH,16.0,13.0,14.0,43.0
300059.SZ,16.0,14.0,13.0,43.0
300251.SZ,15.0,16.0,10.0,41.0
002371.SZ,10.0,17.0,13.0,40.0
300751.SZ,14.0,15.0,10.0,39.0
300782.SZ,12.0,13.0,12.0,37.0
300418.SZ,13.0,11.0,13.0,37.0
002236.SZ,11.0,13.0,11.0,35.0
600010.SH,11.0,12.0,12.0,35.0
300274.SZ,11.0,13.0,11.0,35.0
002709.SZ,13.0,12.0,9.0,34.0
002460.SZ,9.0,11.0,13.0,33.0
300476.SZ,11.0,9.0,13.0,33.0
600111.SH,16.0,9.0,8.0,33.0
600016.SH,10.0,10.0,12.0,32.0
002916.SZ,11.0,10.0,11.0,32.0
000001.SZ,14.0,11.0,7.0,32.0
002252.SZ,8.0,11.0,12.0,31.0
002625.SZ,13.0,9.0,9.0,31.0
601818.SH,10.0,13.0,8.0,31.0
600436.SH,15.0,10.0,5.0,30.0
000538.SZ,10.0,10.0,10.0,30.0
600028.SH,10.0,9.0,11.0,30.0
300803.SZ,9.0,11.0,10.0,30.0
000977.SZ,10.0,9.0,10.0,29.0
600570.SH,12.0,9.0,7.0,28.0
002410.SZ,6.0,9.0,13.0,28.0
601668.SH,10.0,9.0,8.0,27.0
601398.SH,10.0,9.0,8.0,27.0
002594.SZ,10.0,8.0,9.0,27.0
688183.SH,8.0,9.0,9.0,26.0
300896.SZ,10.0,8.0,8.0,26.0
000807.SZ,10.0,7.0,9.0,26.0
601127.SH,9.0,7.0,9.0,25.0
000625.SZ,8.0,8.0,9.0,25.0
688169.SH,7.0,6.0,12.0,25.0
002555.SZ,10.0,8.0,7.0,25.0
002601.SZ,8.0,8.0,8.0,24.0
002714.SZ,6.0,8.0,10.0,24.0
002837.SZ,9.0,8.0,7.0,24.0
002459.SZ,9.0,9.0,6.0,24.0
300124.SZ,7.0,9.0,8.0,24.0
000895.SZ,8.0,6.0,9.0,23.0
688111.SH,9.0,8.0,6.0,23.0
002353.SZ,7.0,10.0,6.0,23.0
600809.SH,8.0,7.0,8.0,23.0
002600.SZ,8.0,7.0,8.0,23.0
688506.SH,8.0,7.0,7.0,22.0
002558.SZ,10.0,8.0,4.0,22.0
300347.SZ,6.0,9.0,7.0,22.0
002074.SZ,7.0,6.0,9.0,22.0
000002.SZ,8.0,8.0,5.0,21.0
000733.SZ,9.0,8.0,4.0,21.0
000963.SZ,5.0,7.0,9.0,21.0
302132.SZ,8.0,6.0,7.0,21.0
300750.SZ,8.0,7.0,6.0,21.0
300316.SZ,8.0,6.0,7.0,21.0
002241.SZ,6.0,8.0,7.0,21.0
002812.SZ,5.0,5.0,11.0,21.0
000651.SZ,8.0,8.0,5.0,21.0
002049.SZ,10.0,5.0,5.0,20.0
600795.SH,5.0,6.0,9.0,20.0
601318.SH,8.0,7.0,5.0,20.0
000338.SZ,8.0,4.0,8.0,20.0
300450.SZ,4.0,6.0,10.0,20.0
300122.SZ,5.0,8.0,7.0,20.0
000630.SZ,4.0,7.0,9.0,20.0
603799.SH,4.0,7.0,9.0,20.0
002415.SZ,7.0,8.0,5.0,20.0
688521.SH,7.0,7.0,5.0,19.0
300142.SZ,5.0,9.0,5.0,19.0
300496.SZ,5.0,8.0,6.0,19.0
002466.SZ,7.0,6.0,6.0,19.0
002384.SZ,5.0,8.0,6.0,19.0
000792.SZ,5.0,9.0,5.0,19.0
301308.SZ,7.0,7.0,5.0,19.0
688012.SH,4.0,9.0,6.0,19.0
603501.SH,8.0,4.0,7.0,19.0
000876.SZ,5.0,6.0,7.0,18.0
600745.SH,5.0,9.0,4.0,18.0
000858.SZ,12.0,3.0,3.0,18.0
002180.SZ,6.0,6.0,6.0,18.0
002271.SZ,7.0,6.0,5.0,18.0
600221.SH,7.0,6.0,5.0,18.0
000938.SZ,7.0,4.0,6.0,17.0
002475.SZ,4.0,8.0,5.0,17.0
000776.SZ,5.0,6.0,6.0,17.0
600030.SH,8.0,5.0,4.0,17.0
600061.SH,7.0,5.0,5.0,17.0
600132.SH,6.0,8.0,3.0,17.0
601618.SH,5.0,4.0,8.0,17.0
002352.SZ,3.0,6.0,8.0,17.0
000063.SZ,8.0,3.0,6.0,17.0
000333.SZ,3.0,9.0,5.0,17.0
000301.SZ,6.0,7.0,4.0,17.0
000408.SZ,7.0,4.0,5.0,16.0
300628.SZ,4.0,7.0,5.0,16.0
300014.SZ,3.0,6.0,7.0,16.0
300760.SZ,5.0,5.0,6.0,16.0
002027.SZ,5.0,6.0,5.0,16.0
301236.SZ,3.0,7.0,6.0,16.0
600547.SH,2.0,5.0,9.0,16.0
600489.SH,5.0,6.0,5.0,16.0
601899.SH,3.0,7.0,6.0,16.0
688072.SH,6.0,5.0,5.0,16.0
002532.SZ,7.0,6.0,3.0,16.0
002129.SZ,7.0,4.0,4.0,15.0
002422.SZ,4.0,7.0,4.0,15.0
600050.SH,3.0,5.0,7.0,15.0
000657.SZ,5.0,2.0,8.0,15.0
002821.SZ,7.0,4.0,4.0,15.0
600415.SH,4.0,6.0,5.0,15.0
601012.SH,4.0,5.0,5.0,14.0
600460.SH,5.0,5.0,4.0,14.0
600276.SH,2.0,8.0,4.0,14.0
600029.SH,3.0,4.0,7.0,14.0
002001.SZ,5.0,5.0,4.0,14.0
002602.SZ,6.0,5.0,3.0,14.0
601633.SH,4.0,3.0,7.0,14.0
600233.SH,4.0,4.0,5.0,13.0
002463.SZ,7.0,3.0,3.0,13.0
600845.SH,3.0,7.0,3.0,13.0
000786.SZ,5.0,5.0,3.0,13.0
601699.SH,6.0,3.0,4.0,13.0
000617.SZ,5.0,4.0,4.0,13.0
000425.SZ,3.0,3.0,7.0,13.0
603392.SH,3.0,5.0,4.0,12.0
000800.SZ,2.0,6.0,4.0,12.0
603019.SH,5.0,5.0,2.0,12.0
600150.SH,3.0,4.0,4.0,11.0
600118.SH,5.0,4.0,2.0,11.0
300015.SZ,4.0,4.0,3.0,11.0
002230.SZ,3.0,5.0,3.0,11.0
600372.SH,3.0,5.0,3.0,11.0
601066.SH,3.0,4.0,4.0,11.0
600515.SH,5.0,3.0,3.0,11.0
600588.SH,2.0,4.0,5.0,11.0
688041.SH,3.0,3.0,5.0,11.0
601390.SH,6.0,2.0,3.0,11.0
000983.SZ,4.0,2.0,5.0,11.0
002603.SZ,5.0,3.0,3.0,11.0
601328.SH,3.0,3.0,5.0,11.0
600760.SH,2.0,4.0,5.0,11.0
000157.SZ,4.0,4.0,3.0,11.0
300442.SZ,3.0,4.0,4.0,11.0
688036.SH,4.0,3.0,4.0,11.0
605117.SH,3.0,3.0,5.0,11.0
601360.SH,4.0,4.0,2.0,10.0
603288.SH,4.0,2.0,4.0,10.0
600549.SH,4.0,2.0,4.0,10.0
600732.SH,3.0,3.0,4.0,10.0
601998.SH,4.0,3.0,3.0,10.0
600584.SH,2.0,4.0,4.0,10.0
300498.SZ,4.0,4.0,2.0,10.0
301165.SZ,5.0,3.0,2.0,10.0
600026.SH,4.0,1.0,5.0,10.0
002007.SZ,2.0,5.0,3.0,10.0
601919.SH,5.0,4.0,1.0,10.0
688981.SH,4.0,3.0,3.0,10.0
300832.SZ,4.0,2.0,3.0,9.0
600015.SH,3.0,4.0,2.0,9.0
600000.SH,5.0,1.0,3.0,9.0
600036.SH,6.0,2.0,1.0,9.0
600048.SH,3.0,3.0,3.0,9.0
002028.SZ,3.0,3.0,3.0,9.0
600346.SH,1.0,3.0,5.0,9.0
600066.SH,3.0,3.0,3.0,9.0
600585.SH,3.0,3.0,3.0,9.0
002179.SZ,3.0,4.0,2.0,9.0
600875.SH,3.0,3.0,3.0,9.0
002493.SZ,2.0,2.0,5.0,9.0
600406.SH,4.0,2.0,3.0,9.0
600900.SH,3.0,3.0,3.0,9.0
000568.SZ,4.0,2.0,3.0,9.0
300454.SZ,3.0,3.0,3.0,9.0
002648.SZ,1.0,3.0,5.0,9.0
688599.SH,4.0,3.0,2.0,9.0
601799.SH,3.0,3.0,3.0,9.0
603833.SH,2.0,3.0,3.0,8.0
601872.SH,2.0,1.0,5.0,8.0
603993.SH,3.0,3.0,2.0,8.0
601939.SH,3.0,2.0,3.0,8.0
601169.SH,2.0,3.0,3.0,8.0
600219.SH,3.0,4.0,1.0,8.0
002050.SZ,4.0,3.0,1.0,8.0
000999.SZ,3.0,1.0,4.0,8.0
600188.SH,3.0,3.0,2.0,8.0
600085.SH,2.0,3.0,3.0,8.0
600196.SH,2.0,4.0,2.0,8.0
600018.SH,2.0,2.0,4.0,8.0
600011.SH,4.0,4.0,0.0,8.0
601021.SH,2.0,2.0,3.0,7.0
600887.SH,2.0,1.0,4.0,7.0
601298.SH,2.0,2.0,3.0,7.0
002202.SZ,2.0,3.0,2.0,7.0
601336.SH,3.0,2.0,2.0,7.0
000166.SZ,1.0,3.0,3.0,7.0
601868.SH,0.0,3.0,4.0,7.0
601901.SH,3.0,1.0,3.0,7.0
002841.SZ,2.0,3.0,2.0,7.0
600027.SH,4.0,3.0,0.0,7.0
002311.SZ,2.0,2.0,3.0,7.0
600104.SH,1.0,4.0,2.0,7.0
600332.SH,3.0,2.0,2.0,7.0
002920.SZ,1.0,4.0,1.0,6.0
600161.SH,2.0,2.0,2.0,6.0
003816.SZ,3.0,2.0,1.0,6.0
603659.SH,3.0,1.0,2.0,6.0
000708.SZ,1.0,2.0,3.0,6.0
688472.SH,2.0,2.0,2.0,6.0
600183.SH,2.0,2.0,2.0,6.0
002938.SZ,2.0,3.0,1.0,6.0
601865.SH,2.0,2.0,2.0,6.0
000768.SZ,2.0,1.0,3.0,6.0
688126.SH,2.0,2.0,2.0,6.0
601989.SH,2.0,2.0,2.0,6.0
600893.SH,1.0,1.0,4.0,6.0
600426.SH,2.0,0.0,4.0,6.0
600690.SH,1.0,2.0,3.0,6.0
601138.SH,1.0,2.0,3.0,6.0
601186.SH,1.0,2.0,3.0,6.0
601009.SH,2.0,2.0,2.0,6.0
600176.SH,2.0,2.0,2.0,6.0
601018.SH,2.0,1.0,3.0,6.0
601600.SH,3.0,1.0,1.0,5.0
601698.SH,2.0,2.0,1.0,5.0
601669.SH,3.0,1.0,1.0,5.0
601727.SH,3.0,0.0,2.0,5.0
688082.SH,2.0,2.0,1.0,5.0
603259.SH,2.0,2.0,1.0,5.0
601766.SH,2.0,1.0,2.0,5.0
600438.SH,2.0,2.0,1.0,5.0
600362.SH,1.0,2.0,2.0,5.0
601088.SH,4.0,0.0,1.0,5.0
601058.SH,1.0,2.0,2.0,5.0
600600.SH,2.0,2.0,1.0,5.0
601111.SH,0.0,3.0,2.0,5.0
600160.SH,2.0,2.0,1.0,5.0
601857.SH,3.0,0.0,2.0,5.0
600023.SH,1.0,2.0,2.0,5.0
600009.SH,2.0,2.0,1.0,5.0
600115.SH,2.0,0.0,3.0,5.0
688008.SH,1.0,3.0,1.0,5.0
603369.SH,0.0,2.0,3.0,5.0
300413.SZ,1.0,2.0,2.0,5.0
603806.SH,2.0,1.0,1.0,4.0
605499.SH,2.0,1.0,1.0,4.0
600938.SH,0.0,2.0,2.0,4.0
603893.SH,1.0,2.0,1.0,4.0
603899.SH,2.0,1.0,1.0,4.0
300759.SZ,1.0,2.0,1.0,4.0
300866.SZ,2.0,1.0,1.0,4.0
000988.SZ,3.0,1.0,0.0,4.0
603260.SH,0.0,2.0,2.0,4.0
002736.SZ,0.0,2.0,2.0,4.0
601877.SH,1.0,2.0,1.0,4.0
601238.SH,1.0,1.0,2.0,4.0
601607.SH,2.0,1.0,1.0,4.0
688047.SH,1.0,1.0,2.0,4.0
600999.SH,0.0,2.0,2.0,4.0
600377.SH,1.0,1.0,2.0,4.0
688187.SH,1.0,0.0,2.0,3.0
601236.SH,1.0,1.0,1.0,3.0
002142.SZ,0.0,1.0,2.0,3.0
600025.SH,1.0,0.0,2.0,3.0
300919.SZ,0.0,1.0,2.0,3.0
600019.SH,1.0,0.0,2.0,3.0
300433.SZ,1.0,0.0,2.0,3.0
301269.SZ,1.0,1.0,1.0,3.0
600309.SH,1.0,2.0,0.0,3.0
600031.SH,1.0,1.0,1.0,3.0
688396.SH,2.0,0.0,1.0,3.0
601728.SH,1.0,1.0,1.0,3.0
601888.SH,2.0,1.0,0.0,3.0
601628.SH,1.0,0.0,2.0,3.0
601166.SH,2.0,1.0,0.0,3.0
601800.SH,1.0,1.0,1.0,3.0
600926.SH,1.0,1.0,1.0,3.0
601225.SH,1.0,1.0,1.0,3.0
600803.SH,1.0,1.0,1.0,3.0
600482.SH,2.0,1.0,0.0,3.0
600918.SH,0.0,2.0,1.0,3.0
300408.SZ,2.0,0.0,0.0,2.0
603296.SH,2.0,0.0,0.0,2.0
601898.SH,2.0,0.0,0.0,2.0
300999.SZ,0.0,1.0,1.0,2.0
600039.SH,0.0,1.0,1.0,2.0
600989.SH,1.0,0.0,1.0,2.0
600660.SH,0.0,1.0,1.0,2.0
601229.SH,0.0,1.0,1.0,2.0
600674.SH,2.0,0.0,0.0,2.0
600837.SH,0.0,2.0,0.0,2.0
601077.SH,0.0,1.0,1.0,2.0
601377.SH,1.0,1.0,0.0,2.0
601995.SH,0.0,1.0,1.0,2.0
601916.SH,2.0,0.0,0.0,2.0
601319.SH,0.0,1.0,1.0,2.0
001979.SZ,0.0,1.0,0.0,1.0
001289.SZ,0.0,1.0,0.0,1.0
688363.SH,1.0,0.0,0.0,1.0
688303.SH,0.0,0.0,1.0,1.0
600089.SH,1.0,0.0,0.0,1.0
300979.SZ,1.0,0.0,0.0,1.0
601211.SH,0.0,0.0,1.0,1.0
600941.SH,0.0,0.0,1.0,1.0
600919.SH,0.0,1.0,0.0,1.0
601006.SH,0.0,1.0,0.0,1.0
600958.SH,0.0,0.0,1.0,1.0
600741.SH,0.0,0.0,1.0,1.0
600522.SH,1.0,0.0,0.0,1.0
601688.SH,1.0,0.0,0.0,1.0
601808.SH,1.0,0.0,0.0,1.0
601788.SH,0.0,0.0,1.0,1.0
601838.SH,0.0,0.0,1.0,1.0
601816.SH,0.0,0.0,1.0,1.0
601601.SH,1.0,0.0,0.0,1.0
601985.SH,0.0,0.0,1.0,1.0
688223.SH,0.0,0.0,1.0,1.0
000975.SZ,1.0,0.0,0.0,1.0
