symbol,n_consecutive_holds
000661.SZ,18
300033.SZ,17
300502.SZ,13
600519.SH,12
300308.SZ,10
000725.SZ,9
300394.SZ,9
688256.SH,9
603986.SH,7
300251.SZ,7
300223.SZ,6
300782.SZ,6
300661.SZ,6
300803.SZ,6
000100.SZ,6
002304.SZ,5
601288.SH,5
601988.SH,5
300418.SZ,5
300059.SZ,5
601818.SH,4
600010.SH,4
002236.SZ,4
601127.SH,4
300896.SZ,4
300274.SZ,4
300751.SZ,4
300476.SZ,4
688183.SH,4
002709.SZ,4
002460.SZ,3
600016.SH,3
000001.SZ,3
000596.SZ,3
300142.SZ,3
601668.SH,3
600570.SH,3
601398.SH,3
300347.SZ,3
002916.SZ,3
002837.SZ,3
301308.SZ,3
002384.SZ,2
002252.SZ,2
002410.SZ,2
002459.SZ,2
300316.SZ,2
600745.SH,2
601012.SH,2
000630.SZ,2
002371.SZ,2
600460.SH,2
688111.SH,2
688012.SH,2
688521.SH,2
300124.SZ,2
600111.SH,2
002353.SZ,2
301236.SZ,2
300628.SZ,2
601066.SH,2
002625.SZ,2
601899.SH,2
002352.SZ,2
603392.SH,2
300450.SZ,2
603799.SH,2
000876.SZ,2
300496.SZ,2
600588.SH,1
002555.SZ,1
600795.SH,1
601799.SH,1
600030.SH,1
600489.SH,1
600875.SH,1
300015.SZ,1
600547.SH,1
000977.SZ,1
000338.SZ,1
600221.SH,1
600029.SH,1
000963.SZ,1
000895.SZ,1
600132.SH,1
002180.SZ,1
600436.SH,1
000538.SZ,1
002415.SZ,1
002422.SZ,1
600061.SH,1
000733.SZ,1
002600.SZ,1
300760.SZ,1
603993.SH,1
000807.SZ,1
603833.SH,1
000333.SZ,1
002049.SZ,1
002558.SZ,1
000625.SZ,1
002475.SZ,1
600219.SH,1
600050.SH,1
600028.SH,1
002841.SZ,1
603501.SH,1
688169.SH,1
601868.SH,1
600918.SH,1
600276.SH,1
002714.SZ,1
300442.SZ,1
605117.SH,1
688981.SH,1
688072.SH,1
302132.SZ,1
688506.SH,1
600066.SH,1
600938.SH,1
002938.SZ,1
688041.SH,1
