symbol,n_selected_total,n_selected_bull,n_selected_bear,pct_selected_total,avg_votes_per_selection,first_seen,last_seen,n_consecutive_holds
600519.SH,37,24,13,18.97,5.05,2010-04-08,2025-11-28,12
000661.SZ,33,21,12,16.92,4.58,2010-02-03,2020-12-16,18
300033.SZ,32,21,11,16.41,4.91,2010-02-03,2025-08-28,17
300502.SZ,25,15,10,12.82,5.8,2017-03-09,2025-12-26,13
300308.SZ,23,13,10,11.79,5.13,2013-01-23,2025-12-26,10
300223.SZ,22,13,9,11.28,5.09,2012-02-02,2025-12-26,6
000100.SZ,20,9,11,10.26,3.35,2011-02-01,2024-08-02,6
000725.SZ,20,16,4,10.26,3.1,2011-01-04,2022-12-08,9
601288.SH,19,12,7,9.74,4.42,2011-02-01,2025-05-07,5
300394.SZ,18,10,8,9.23,4.83,2020-08-18,2025-12-26,9
002304.SZ,18,9,9,9.23,5.22,2010-08-04,2018-12-24,5
002371.SZ,17,11,6,8.72,3.82,2010-09-01,2025-07-31,2
300661.SZ,16,11,5,8.21,5.19,2017-09-28,2022-07-13,6
601988.SH,16,10,6,8.21,4.5,2011-01-04,2022-02-15,5
300251.SZ,16,5,11,8.21,4.88,2011-08-29,2025-05-07,7
688256.SH,16,5,11,8.21,6.38,2023-03-10,2025-11-28,9
300751.SZ,15,10,5,7.69,5.2,2018-12-24,2025-12-26,4
000596.SZ,14,6,8,7.18,4.5,2010-02-03,2023-09-04,3
300059.SZ,14,7,7,7.18,4.21,2012-03-01,2024-12-03,5
300782.SZ,13,9,4,6.67,5.15,2019-07-24,2024-01-03,6
603986.SH,13,10,3,6.67,5.92,2016-09-05,2022-10-13,7
300274.SZ,13,7,6,6.67,4.77,2012-03-01,2025-10-31,4
601818.SH,13,6,7,6.67,4.0,2011-02-01,2022-02-15,4
002236.SZ,13,7,6,6.67,5.08,2010-01-06,2023-04-10,4
600010.SH,12,5,7,6.15,4.08,2011-04-07,2024-08-02,4
002709.SZ,12,7,5,6.15,4.33,2015-12-14,2025-10-31,4
002460.SZ,11,10,1,5.64,3.73,2015-04-21,2022-07-13,3
300803.SZ,11,6,5,5.64,4.73,2019-12-19,2025-08-28,6
002252.SZ,11,8,3,5.64,3.73,2010-09-01,2020-03-23,2
000001.SZ,11,3,8,5.64,3.0,2011-01-04,2024-01-31,3
300418.SZ,11,5,6,5.64,5.82,2015-03-23,2025-06-05,5
002916.SZ,10,10,0,5.13,4.9,2017-12-28,2025-06-05,3
600436.SH,10,2,8,5.13,5.7,2010-07-07,2021-11-15,1
000538.SZ,10,4,6,5.13,3.9,2010-08-04,2022-05-17,1
002353.SZ,10,3,7,5.13,5.2,2010-08-04,2018-11-26,2
600016.SH,10,5,5,5.13,3.3,2011-01-04,2018-09-21,3
600028.SH,9,5,4,4.62,3.78,2011-06-03,2019-05-28,1
601398.SH,9,6,3,4.62,4.0,2011-02-01,2024-08-02,3
300142.SZ,9,7,2,4.62,4.44,2010-12-06,2015-11-16,3
300476.SZ,9,9,0,4.62,5.0,2016-05-12,2025-11-28,4
601668.SH,9,8,1,4.62,3.78,2011-03-08,2017-07-06,3
000792.SZ,9,6,3,4.62,2.89,2010-08-04,2025-10-31,0
002410.SZ,9,5,4,4.62,4.0,2010-08-04,2020-03-23,2
300124.SZ,9,2,7,4.62,5.89,2010-11-08,2021-06-17,2
600570.SH,9,9,0,4.62,4.0,2010-01-06,2015-10-19,3
002459.SZ,9,7,2,4.62,4.67,2012-02-02,2020-10-21,2
002625.SZ,9,7,2,4.62,3.67,2012-05-03,2018-11-26,2
000977.SZ,9,7,2,4.62,3.78,2010-02-03,2025-05-07,1
300347.SZ,9,2,7,4.62,4.33,2013-01-23,2018-06-29,3
000333.SZ,9,7,2,4.62,2.67,2013-10-30,2021-02-18,1
600745.SH,9,9,0,4.62,4.44,2010-10-11,2019-12-19,2
688183.SH,9,6,3,4.62,5.56,2024-06-06,2025-12-26,4
688012.SH,9,7,2,4.62,4.44,2019-08-21,2025-11-28,2
600111.SH,9,8,1,4.62,4.78,2010-05-07,2017-08-03,2
600132.SH,8,6,2,4.1,4.5,2010-10-11,2025-11-28,1
002415.SZ,8,5,3,4.1,4.5,2010-11-08,2022-05-17,1
002837.SZ,8,5,3,4.1,4.0,2017-01-05,2025-06-05,3
000625.SZ,8,5,3,4.1,2.88,2014-08-20,2024-01-03,1
002475.SZ,8,5,3,4.1,3.62,2014-06-25,2025-09-25,1
002384.SZ,8,7,1,4.1,4.75,2012-02-02,2025-07-03,2
688111.SH,8,6,2,4.1,5.25,2019-12-19,2025-07-31,2
000733.SZ,8,5,3,4.1,3.12,2010-03-10,2023-08-07,1
600276.SH,8,7,1,4.1,3.5,2010-04-08,2020-04-21,1
000651.SZ,8,8,0,4.1,2.88,2010-05-07,2019-06-26,0
002241.SZ,8,2,6,4.1,4.88,2010-01-06,2022-11-10,0
300896.SZ,8,3,5,4.1,5.38,2020-11-18,2024-11-05,4
002594.SZ,8,5,3,4.1,5.12,2012-03-29,2025-07-03,0
002558.SZ,8,8,0,4.1,4.62,2014-10-23,2025-07-03,1
002714.SZ,8,7,1,4.1,4.0,2014-11-20,2021-06-17,1
300496.SZ,8,6,2,4.1,3.88,2016-01-12,2024-08-30,2
300122.SZ,8,5,3,4.1,3.88,2012-02-02,2023-10-10,0
000002.SZ,8,6,2,4.1,2.75,2011-02-01,2023-09-04,0
002555.SZ,8,5,3,4.1,5.5,2011-07-04,2020-03-23,1
002601.SZ,8,5,3,4.1,5.12,2011-08-29,2017-02-09,0
601127.SH,7,1,6,3.59,5.86,2021-04-16,2024-03-07,4
000963.SZ,7,4,3,3.59,4.0,2010-02-03,2020-05-22,1
301236.SZ,7,2,5,3.59,4.71,2022-06-15,2024-11-05,2
601899.SH,7,7,0,3.59,4.29,2012-05-03,2017-12-28,2
688521.SH,7,2,5,3.59,5.29,2021-02-18,2025-09-25,2
002600.SZ,7,6,1,3.59,5.0,2012-03-01,2024-07-05,1
000630.SZ,7,5,2,3.59,2.71,2014-06-25,2018-08-24,2
000807.SZ,7,6,1,3.59,4.14,2014-08-20,2021-04-16,1
300750.SZ,7,2,5,3.59,4.43,2018-06-29,2025-05-07,0
600809.SH,7,4,3,3.59,5.0,2011-08-29,2025-11-28,0
600845.SH,7,5,2,3.59,4.57,2010-03-10,2021-12-13,0
002422.SZ,7,6,1,3.59,4.86,2010-09-01,2015-08-13,1
300628.SZ,7,6,1,3.59,4.29,2017-04-10,2019-07-24,2
601318.SH,7,4,3,3.59,4.14,2010-03-10,2017-05-09,0
301308.SZ,7,4,3,3.59,4.71,2023-04-10,2025-12-26,3
688506.SH,7,2,5,3.59,4.71,2023-08-07,2025-06-05,1
000301.SZ,7,6,1,3.59,3.57,2011-02-01,2021-10-18,0
603799.SH,7,4,3,3.59,5.0,2016-10-12,2022-06-15,2
688169.SH,6,3,3,3.08,6.17,2020-10-21,2025-02-06,1
302132.SZ,6,1,5,3.08,4.83,2023-02-10,2025-06-05,1
300014.SZ,6,5,1,3.08,4.33,2010-06-04,2020-06-19,0
600489.SH,6,4,2,3.08,4.0,2010-07-07,2024-07-05,1
000776.SZ,6,5,1,3.08,2.83,2010-03-10,2023-07-10,0
000876.SZ,6,6,0,3.08,4.17,2010-10-11,2020-08-18,2
002271.SZ,6,5,1,3.08,4.5,2010-01-06,2016-09-05,0
300316.SZ,6,1,5,3.08,4.33,2013-01-23,2016-07-11,2
300450.SZ,6,5,1,3.08,5.83,2015-09-14,2025-09-25,2
002180.SZ,6,6,0,3.08,4.0,2011-04-07,2016-06-13,1
002352.SZ,6,6,0,3.08,3.83,2016-10-12,2020-06-19,2
002027.SZ,6,6,0,3.08,3.67,2014-06-25,2020-10-21,0
002532.SZ,6,4,2,3.08,3.17,2012-03-01,2021-04-16,0
002074.SZ,6,6,0,3.08,3.83,2012-02-02,2025-07-03,0
600221.SH,6,2,4,3.08,3.17,2013-08-26,2024-12-03,1
002466.SZ,6,3,3,3.08,3.83,2011-03-08,2024-01-31,0
600795.SH,6,5,1,3.08,3.83,2011-02-01,2016-12-07,1
600415.SH,6,4,2,3.08,4.67,2010-05-07,2023-06-08,0
000800.SZ,6,2,4,3.08,3.0,2016-06-13,2023-08-07,0
000895.SZ,6,1,5,3.08,5.17,2011-08-29,2014-04-25,1
603392.SH,5,3,2,2.56,4.4,2020-05-22,2022-05-17,2
600460.SH,5,4,1,2.56,4.8,2010-01-06,2021-05-19,2
600372.SH,5,2,3,2.56,4.8,2010-10-11,2022-11-10,0
002230.SZ,5,4,1,2.56,3.4,2010-06-04,2017-08-31,0
300760.SZ,5,2,3,2.56,5.2,2018-12-24,2025-02-06,1
000786.SZ,5,4,1,2.56,2.8,2010-02-03,2025-04-03,0
600547.SH,5,4,1,2.56,4.8,2010-06-04,2017-06-08,1
002007.SZ,5,4,1,2.56,3.6,2010-06-04,2020-03-23,0
002001.SZ,5,4,1,2.56,4.2,2010-06-04,2021-12-13,0
600061.SH,5,5,0,2.56,4.0,2010-04-08,2015-09-14,1
600030.SH,5,5,0,2.56,4.8,2010-05-07,2015-01-19,1
002812.SZ,5,3,2,2.56,4.2,2016-10-12,2025-12-26,0
603019.SH,5,4,1,2.56,3.4,2014-11-20,2023-03-10,0
002602.SZ,5,3,2,2.56,4.2,2014-02-27,2018-11-26,0
601012.SH,5,3,2,2.56,4.4,2013-09-25,2018-05-31,2
688072.SH,5,1,4,2.56,4.8,2022-09-07,2025-10-31,1
600050.SH,5,4,1,2.56,3.6,2010-01-06,2016-11-09,1
002049.SZ,5,3,2,2.56,5.2,2010-01-06,2022-04-14,1
000617.SZ,4,4,0,2.05,2.5,2012-02-02,2020-03-23,0
600196.SH,4,3,1,2.05,3.5,2014-02-27,2017-07-06,0
002129.SZ,4,4,0,2.05,3.5,2012-03-01,2017-11-30,0
601618.SH,4,3,1,2.05,4.0,2013-08-26,2014-12-18,0
000938.SZ,4,1,3,2.05,4.25,2013-09-25,2021-12-13,0
601360.SH,4,2,2,2.05,5.0,2012-02-02,2023-05-11,0
000408.SZ,4,3,1,2.05,3.75,2011-09-27,2020-09-15,0
600760.SH,4,4,0,2.05,4.25,2014-05-27,2017-02-09,0
600029.SH,4,4,0,2.05,3.25,2014-04-25,2017-11-30,1
601919.SH,4,2,2,2.05,5.75,2017-08-03,2024-06-06,0
002179.SZ,4,2,2,2.05,3.0,2010-07-07,2023-09-04,0
603501.SH,4,4,0,2.05,7.0,2019-08-21,2020-01-17,1
601066.SH,4,4,0,2.05,4.5,2019-02-27,2019-06-26,2
000338.SZ,4,4,0,2.05,4.5,2010-09-01,2017-02-09,1
600219.SH,4,3,1,2.05,3.25,2016-11-09,2025-10-31,1
002821.SZ,4,2,2,2.05,5.25,2017-03-09,2025-07-31,0
000157.SZ,4,2,2,2.05,4.5,2010-09-01,2023-08-07,0
300498.SZ,4,3,1,2.05,4.0,2016-02-16,2022-08-10,0
600118.SH,4,2,2,2.05,4.75,2010-05-07,2025-12-26,0
600584.SH,4,4,0,2.05,4.0,2010-01-06,2020-07-21,0
300442.SZ,4,3,1,2.05,3.75,2020-11-18,2025-03-06,1
600233.SH,4,4,0,2.05,4.0,2010-04-08,2017-03-09,0
300015.SZ,4,3,1,2.05,4.75,2010-05-07,2014-07-23,1
600588.SH,4,3,1,2.05,5.0,2010-05-07,2015-03-23,1
002920.SZ,4,2,2,2.05,3.5,2020-05-22,2022-08-10,0
600150.SH,4,2,2,2.05,5.25,2011-08-01,2019-05-28,0
600104.SH,4,3,1,2.05,3.0,2011-01-04,2024-05-09,0
600015.SH,4,2,2,2.05,3.0,2011-01-04,2018-09-21,0
600011.SH,4,2,2,2.05,3.5,2011-01-04,2022-09-07,0
600066.SH,3,2,1,1.54,3.33,2013-05-29,2024-05-09,1
601868.SH,3,0,3,1.54,3.67,2022-01-11,2024-08-02,1
601169.SH,3,2,1,1.54,4.0,2015-08-13,2021-03-18,0
000166.SZ,3,2,1,1.54,2.67,2015-09-14,2021-09-09,0
002841.SZ,3,3,0,1.54,4.0,2017-02-09,2020-08-18,1
601633.SH,3,2,1,1.54,5.33,2013-10-30,2020-10-21,0
000858.SZ,3,1,2,1.54,3.33,2011-12-27,2017-12-28,0
601998.SH,3,2,1,1.54,6.0,2014-02-27,2015-08-13,0
605117.SH,3,0,3,1.54,4.33,2022-03-15,2022-07-13,1
600085.SH,3,1,2,1.54,6.33,2010-02-03,2012-07-27,0
688041.SH,3,2,1,1.54,5.33,2022-10-13,2025-09-25,1
600515.SH,3,2,1,1.54,6.67,2010-02-03,2014-02-27,0
600048.SH,3,3,0,1.54,4.33,2010-05-07,2017-11-30,0
300454.SZ,3,1,2,1.54,6.33,2018-12-24,2025-03-06,0
600875.SH,3,2,1,1.54,4.67,2010-07-07,2022-09-07,1
600585.SH,3,2,1,1.54,4.33,2010-07-07,2017-11-30,0
688008.SH,3,1,2,1.54,3.67,2020-02-24,2023-02-10,0
603833.SH,3,1,2,1.54,4.33,2018-03-02,2019-01-23,1
002028.SZ,3,3,0,1.54,3.67,2010-07-07,2025-10-31,0
000063.SZ,3,2,1,1.54,2.67,2010-07-07,2023-09-04,0
002938.SZ,3,1,2,1.54,3.67,2020-08-18,2024-07-05,1
688036.SH,3,1,2,1.54,3.67,2020-07-21,2023-06-08,0
688599.SH,3,1,2,1.54,4.33,2020-09-15,2023-08-07,0
002202.SZ,3,3,0,1.54,3.67,2010-02-03,2014-07-23,0
600346.SH,3,3,0,1.54,4.0,2010-03-10,2016-09-05,0
600732.SH,3,2,1,1.54,3.33,2010-03-10,2022-09-07,0
301165.SZ,3,1,2,1.54,5.0,2023-02-10,2025-06-05,0
688981.SH,3,1,2,1.54,5.67,2023-07-10,2025-09-25,1
600188.SH,3,2,1,1.54,5.0,2011-04-07,2022-09-07,0
002050.SZ,3,2,1,1.54,3.0,2015-04-21,2025-10-31,0
603993.SH,3,3,0,1.54,3.0,2017-07-06,2024-05-09,1
000425.SZ,3,3,0,1.54,2.67,2016-06-13,2017-12-28,0
600900.SH,3,2,1,1.54,4.0,2015-12-14,2025-05-07,0
002463.SZ,3,3,0,1.54,3.0,2016-06-13,2019-05-28,0
600027.SH,3,1,2,1.54,4.67,2011-01-04,2022-09-07,0
002648.SZ,3,3,0,1.54,3.0,2014-08-20,2020-11-18,0
601111.SH,3,3,0,1.54,4.0,2014-12-18,2017-04-10,0
601699.SH,3,1,2,1.54,5.67,2011-07-04,2022-03-15,0
601328.SH,3,2,1,1.54,4.0,2015-06-17,2024-08-30,0
002603.SZ,3,1,2,1.54,3.0,2015-05-20,2023-01-06,0
601799.SH,3,3,0,1.54,4.0,2014-06-25,2020-04-21,1
600009.SH,2,1,1,1.03,3.5,2010-01-06,2018-05-03,0
688082.SH,2,0,2,1.03,4.5,2022-10-13,2023-10-10,0
600023.SH,2,1,1,1.03,3.0,2024-05-09,2024-07-05,0
688472.SH,2,1,1,1.03,4.0,2023-08-07,2025-12-26,0
603893.SH,2,1,1,1.03,5.0,2020-07-21,2021-10-18,0
603260.SH,2,1,1,1.03,4.5,2020-11-18,2022-03-15,0
600918.SH,2,2,0,1.03,3.5,2020-06-19,2020-07-21,1
300832.SZ,2,1,1,1.03,4.5,2020-05-22,2021-06-17,0
688126.SH,2,2,0,1.03,4.5,2020-05-22,2020-07-21,0
601138.SH,2,1,1,1.03,3.5,2023-04-10,2024-05-09,0
601698.SH,2,1,1,1.03,4.0,2020-02-24,2023-03-10,0
601865.SH,2,2,0,1.03,5.0,2019-03-27,2020-10-21,0
000983.SZ,2,2,0,1.03,2.5,2010-06-04,2017-07-06,0
603259.SH,2,1,1,1.03,4.5,2018-12-24,2025-07-31,0
601298.SH,2,1,1,1.03,4.0,2019-02-27,2024-07-05,0
603369.SH,2,2,0,1.03,5.0,2016-05-12,2019-04-25,0
601009.SH,2,1,1,1.03,5.0,2016-06-13,2022-11-10,0
600332.SH,2,1,1,1.03,5.5,2012-03-29,2012-07-27,0
600309.SH,2,1,1,1.03,3.0,2013-11-27,2017-11-02,0
601336.SH,2,1,1,1.03,4.0,2012-09-21,2017-11-02,0
003816.SZ,2,0,2,1.03,3.0,2021-09-09,2023-09-04,0
600438.SH,2,1,1,1.03,4.0,2012-07-27,2019-06-26,0
600837.SH,2,2,0,1.03,3.5,2012-05-03,2014-12-18,0
600036.SH,2,0,2,1.03,3.0,2011-12-27,2018-09-21,0
601989.SH,2,0,2,1.03,3.5,2011-11-01,2024-12-31,0
600938.SH,2,2,0,1.03,3.0,2024-04-08,2024-05-09,1
002493.SZ,2,2,0,1.03,5.0,2015-09-14,2017-11-30,0
000708.SZ,2,2,0,1.03,2.0,2014-06-25,2019-04-25,0
000568.SZ,2,1,1,1.03,3.0,2014-08-20,2022-03-15,0
600161.SH,2,2,0,1.03,3.5,2016-03-15,2017-04-10,0
000657.SZ,2,2,0,1.03,3.5,2016-03-15,2020-05-22,0
601186.SH,2,1,1,1.03,3.5,2014-12-18,2023-10-10,0
601390.SH,2,2,0,1.03,6.0,2014-12-18,2015-03-23,0
601021.SH,2,2,0,1.03,3.0,2015-03-23,2016-02-16,0
600018.SH,2,2,0,1.03,4.5,2014-11-20,2016-08-08,0
601877.SH,2,1,1,1.03,4.0,2011-11-01,2014-07-23,0
603288.SH,2,2,0,1.03,4.0,2015-04-21,2016-02-16,0
600600.SH,2,1,1,1.03,3.5,2011-11-01,2017-12-28,0
600690.SH,2,1,1,1.03,4.5,2011-08-01,2015-08-13,0
601058.SH,2,2,0,1.03,4.5,2015-05-20,2016-05-12,0
002311.SZ,2,2,0,1.03,2.0,2015-02-16,2016-07-11,0
600176.SH,2,2,0,1.03,3.5,2011-04-07,2016-08-08,0
600160.SH,2,2,0,1.03,3.0,2010-10-11,2015-12-14,0
002736.SZ,2,2,0,1.03,2.5,2016-01-12,2017-02-09,0
600999.SH,2,2,0,1.03,4.0,2011-01-04,2014-12-18,0
601939.SH,2,2,0,1.03,4.0,2015-06-17,2016-07-11,0
300413.SZ,2,2,0,1.03,3.5,2019-10-24,2020-06-19,0
600362.SH,2,2,0,1.03,2.5,2017-12-28,2024-05-09,0
600406.SH,2,1,1,1.03,6.0,2010-04-08,2014-02-27,0
600183.SH,2,2,0,1.03,4.0,2016-09-05,2017-12-28,0
600549.SH,2,2,0,1.03,4.0,2010-10-11,2012-03-29,0
300759.SZ,2,1,1,1.03,4.0,2019-03-27,2022-06-15,0
601901.SH,1,0,1,0.51,4.0,2013-04-26,2013-04-26,0
600000.SH,1,0,1,0.51,6.0,2012-12-21,2012-12-21,0
603659.SH,1,0,1,0.51,5.0,2022-06-15,2022-06-15,0
300919.SZ,1,0,1,0.51,4.0,2021-06-17,2021-06-17,0
601229.SH,1,0,1,0.51,3.0,2024-01-31,2024-01-31,0
603806.SH,1,0,1,0.51,5.0,2022-06-15,2022-06-15,0
601238.SH,1,0,1,0.51,4.0,2012-09-21,2012-09-21,0
600026.SH,1,0,1,0.51,9.0,2022-09-07,2022-09-07,0
301269.SZ,1,0,1,0.51,3.0,2022-08-10,2022-08-10,0
601872.SH,1,0,1,0.51,4.0,2022-09-07,2022-09-07,0
601995.SH,1,1,0,0.51,4.0,2020-11-18,2020-11-18,0
000988.SZ,1,1,0,0.51,6.0,2010-01-06,2010-01-06,0
601225.SH,1,0,1,0.51,5.0,2022-09-07,2022-09-07,0
601077.SH,1,0,1,0.51,3.0,2023-10-10,2023-10-10,0
601766.SH,1,1,0,0.51,3.0,2015-03-23,2015-03-23,0
600031.SH,1,1,0,0.51,3.0,2017-07-06,2017-07-06,0
603899.SH,1,1,0,0.51,4.0,2016-05-12,2016-05-12,0
600377.SH,1,1,0,0.51,3.0,2016-02-16,2016-02-16,0
601018.SH,1,1,0,0.51,3.0,2014-05-27,2014-05-27,0
000768.SZ,1,1,0,0.51,3.0,2014-05-27,2014-05-27,0
600887.SH,1,0,1,0.51,9.0,2011-07-04,2011-07-04,0
600893.SH,1,0,1,0.51,9.0,2011-07-04,2011-07-04,0
600803.SH,1,1,0,0.51,4.0,2014-05-27,2014-05-27,0
601669.SH,1,1,0,0.51,6.0,2014-12-18,2014-12-18,0
601800.SH,1,1,0,0.51,6.0,2014-12-18,2014-12-18,0
601377.SH,1,1,0,0.51,3.0,2014-11-20,2014-11-20,0
601236.SH,1,1,0,0.51,3.0,2020-01-17,2020-01-17,0
000999.SZ,1,0,1,0.51,2.0,2018-07-27,2018-07-27,0
601166.SH,1,0,1,0.51,4.0,2018-01-26,2018-01-26,0
601600.SH,1,1,0,0.51,5.0,2017-08-03,2017-08-03,0
600482.SH,1,1,0,0.51,4.0,2010-06-04,2010-06-04,0
601607.SH,1,1,0,0.51,3.0,2010-03-10,2010-03-10,0
600039.SH,1,1,0,0.51,3.0,2010-03-10,2010-03-10,0
601319.SH,1,1,0,0.51,4.0,2019-03-27,2019-03-27,0
601728.SH,1,0,1,0.51,7.0,2023-03-10,2023-03-10,0
601888.SH,1,1,0,0.51,3.0,2020-06-19,2020-06-19,0
600919.SH,1,0,1,0.51,3.0,2022-11-10,2022-11-10,0
688047.SH,1,0,1,0.51,3.0,2023-02-10,2023-02-10,0
001979.SZ,1,1,0,0.51,2.0,2020-08-18,2020-08-18,0
300999.SZ,1,1,0,0.51,5.0,2020-11-18,2020-11-18,0
600660.SH,1,1,0,0.51,3.0,2020-09-15,2020-09-15,0
001289.SZ,1,0,1,0.51,5.0,2024-08-30,2024-08-30,0
601006.SH,1,0,1,0.51,4.0,2024-08-30,2024-08-30,0
605499.SH,1,0,1,0.51,5.0,2025-02-06,2025-02-06,0
600926.SH,1,1,0,0.51,3.0,2025-05-07,2025-05-07,0
002142.SZ,1,1,0,0.51,2.0,2025-05-07,2025-05-07,0
300866.SZ,1,1,0,0.51,3.0,2025-06-05,2025-06-05,0
