year,n,n_bear_v27b,n_bear_v27o,n_truth_bear,n_truth_bull,pct_v27b,pct_v27o,pct_truth
2004,243,180,204,0,0,74.1,84.0,0.0
2005,242,222,239,0,0,91.7,98.8,0.0
2006,241,58,95,0,0,24.1,39.4,0.0
2007,242,71,109,0,0,29.3,45.0,0.0
2008,246,240,246,0,0,97.6,100.0,0.0
2009,244,114,167,0,0,46.7,68.4,0.0
2010,242,210,224,0,83,86.8,92.6,0.0
2011,244,208,243,130,0,85.2,99.6,100.0
2012,243,224,243,145,77,92.2,100.0,65.3
2013,238,181,210,161,0,76.1,88.2,100.0
2014,245,140,174,50,195,57.1,71.0,20.4
2015,244,140,176,0,182,57.4,72.1,0.0
2016,244,173,219,0,226,70.9,89.8,0.0
2017,244,76,150,0,244,31.1,61.5,0.0
2018,243,220,223,227,16,90.5,91.8,93.4
2019,244,149,219,1,213,61.1,89.8,0.5
2020,243,88,175,0,200,36.2,72.0,0.0
2021,243,198,226,216,27,81.5,93.0,88.9
2022,242,242,242,154,0,100.0,100.0,100.0
2023,242,194,237,228,0,80.2,97.9,100.0
2024,242,211,227,168,65,87.2,93.8,72.1
2025,243,118,173,60,138,48.6,71.2,30.3
2026,154,73,130,0,0,47.4,84.4,0.0
