rank,factor,rebal_days,sharpe_ratio,annualized_return,sharpe_ratio,win_rate,max_drawdown_pct,closed_trade_count,total_return_pct,open_position_count,unrealized_pnl
1,gtja_gtja_018,5,1.893601,0.029306,1.893601,47.1939,56.4113,392,92.3638,1,938886.47
2,alpha_alpha089,5,1.892284,0.030064,1.892284,52.9412,54.7560,391,95.5964,1,966888.05
3,mw_up_days_5d,5,1.879984,-0.000968,1.879984,45.8974,56.4707,390,-2.1689,0,0.00
4,gtja_gtja_014,5,1.873607,0.029148,1.873607,47.6562,56.4742,384,91.6986,1,934328.77
5,gtja_gtja_022,5,1.872831,-0.000467,1.872831,49.4819,56.6850,386,-1.0535,0,0.00
6,alpha_alpha022,5,1.856137,-0.000586,1.856137,53.5620,55.4658,379,-1.3179,0,0.00
7,alpha_alpha088,5,1.824865,-0.000774,1.824865,51.4986,54.7673,367,-1.7386,0,0.00
8,gtja_gtja_020,5,1.823580,-0.000733,1.823580,47.9564,55.9766,367,-1.6478,0,0.00
9,gtja_gtja_080,5,1.822023,0.029568,1.822023,53.3149,55.3349,362,93.4785,1,943444.17
10,gtja_gtja_019,5,1.818460,-0.000705,1.818460,47.6712,55.9533,365,-1.5851,0,0.00
11,gtja_gtja_029,5,1.816570,-0.000684,1.816570,47.8022,55.9533,364,-1.5373,0,0.00
12,gtja_gtja_043,5,1.813811,-0.000740,1.813811,47.1074,56.1364,363,-1.6627,0,0.00
13,gtja_gtja_021,5,1.810311,-0.000820,1.810311,46.8144,56.9800,361,-1.8413,0,0.00
14,gtja_gtja_066,5,1.809190,0.029550,1.809190,51.5406,58.3716,357,93.4007,1,943444.17
15,gtja_gtja_140,5,1.797570,-0.000236,1.797570,53.0899,56.3843,356,-0.5333,0,0.00
16,gtja_gtja_033,5,1.797088,0.030435,1.797088,62.5000,54.8509,352,97.1988,1,961674.98
17,gtja_gtja_065,5,1.792675,-0.000165,1.792675,55.9322,53.9883,354,-0.3729,0,0.00
18,alpha_alpha058,5,1.792155,0.030027,1.792155,57.1429,56.3848,350,95.4381,1,952559.57
19,alpha_alpha086,5,1.787856,-0.000217,1.787856,53.9773,56.0518,352,-0.4911,0,0.00
20,mw_ret_5d,5,1.785727,0.030220,1.785727,49.4253,56.3845,348,96.2715,1,971448.84
