combined_rank,factor,family,best_dir,best_ret20,win20,mdd20,ic_mean,source,v31_rank
1,talib_DX,talib,hi,0.9579222393559792,0.5675675675675675,-0.233433274802043,0.0206259723476809,v31_412,1.0
2,l_size3,new_academic,lo,0.9155797087216152,0.4324324324324324,-0.1632165209076714,-0.0239315545194909,v31_412,3.0
3,l_size,new_academic,lo,0.9155797087216152,0.4324324324324324,-0.1632165209076714,-0.0239315545194909,v31_412,2.0
4,l_dtvm,new_academic,lo,0.9041624449875452,0.4864864864864865,-0.1568397130138565,-0.0932213380410061,v31_412,4.0
5,gtja_gtja_132,gtja,lo,0.8812749054658306,0.4864864864864865,-0.1526338915812158,-0.0931959848141813,v31_412,5.0
6,l_ami,new_academic,hi,0.8786413995855111,0.5675675675675675,-0.1841577901282068,0.0562693067122988,v31_412,6.0
7,gtja_gtja_070,gtja,lo,0.6990504823119852,0.4864864864864865,-0.1382205337198684,-0.0828790470249537,v31_412,7.0
8,l_dtva,new_academic,lo,0.6890714862010985,0.4864864864864865,-0.1897564335319603,-0.0747142680636749,v31_412,8.0
9,gtja_gtja_110,gtja,hi,0.6400100820856773,0.5675675675675675,-0.2782867205790382,-0.0308869243922721,v31_412,9.0
10,r_tv,new_academic,hi,0.6314263498251929,0.5135135135135135,-0.2497625115585654,-0.0827185774716748,v31_412,10.0
11,gtja_gtja_149,gtja,hi,0.6009681759003029,0.4594594594594595,-0.2380246523378861,-0.0596208488357338,v31_412,11.0
12,alpha191_095,v33_new,lo,0.5836473974863543,0.5135135135135135,-0.1782663910421074,-0.09321945868114896,v33_new17,
13,gtja_gtja_095,gtja,lo,0.5836473974863543,0.5135135135135135,-0.1782663910421074,-0.0932194586811489,v31_412,12.0
14,l_vdtv,new_academic,lo,0.5705533275868386,0.5135135135135135,-0.1942043135855269,-0.0675289140747052,v31_412,13.0
15,gtja_gtja_144,gtja,hi,0.5367353964320816,0.4864864864864865,-0.2292871881100786,-0.0458076286604572,v31_412,14.0
16,talib_NATR,talib,hi,0.5016072020332702,0.4594594594594595,-0.2284073559676342,-0.0845921796704564,v31_412,15.0
17,turnover_rate,base,hi,0.4629227890281928,0.4054054054054054,-0.2573756820805842,-0.0660939990092552,v31_412,16.0
18,idiovola_clmx,v33_new,hi,0.4502906898626855,0.4864864864864865,-0.27632699766451274,-0.07669195076751642,v33_new17,
19,p_mdr,new_academic,hi,0.4477800001243237,0.4324324324324324,-0.3143324844235858,-0.0712306153315322,v31_412,17.0
20,gtja_gtja_162,gtja,hi,0.4229699555148514,0.3783783783783784,-0.2730318211845318,0.0091400992878795,v31_412,18.0
21,l_turnm,new_academic,hi,0.4176883583461959,0.4324324324324324,-0.2188364312274139,-0.0697425581534667,v31_412,19.0
22,gtja_gtja_027,gtja,hi,0.3629087061985341,0.5135135135135135,-0.2479899049864841,-0.0464267631430989,v31_412,20.0
23,gtja_gtja_060,gtja,hi,0.3607079377049815,0.4594594594594595,-0.193221379467982,-0.015015795802124,v31_412,21.0
24,maxret_bcw,v33_new,hi,0.348788835003224,0.4594594594594595,-0.2896922583425927,-0.07346961806883347,v33_new17,
25,gtja_gtja_015,gtja,hi,0.3322774452195527,0.4324324324324324,-0.3628996338421986,0.0061652347881362,v31_412,22.0
26,efficiency_ratio,v33_new,hi,0.3248173377278267,0.5405405405405406,-0.23859694959138877,0.022842578796982663,v33_new17,
27,gtja_gtja_159,gtja,hi,0.3105847322040733,0.4054054054054054,-0.2953920138781537,-0.0853475230414594,v31_412,23.0
28,gtja_gtja_076,gtja,hi,0.3092064611719793,0.4594594594594595,-0.1915940596337151,0.0109595381738279,v31_412,24.0
29,gtja_gtja_122,gtja,hi,0.2976296573288985,0.4864864864864865,-0.1851133152660051,-0.0488967200476113,v31_412,25.0
30,talib_CORREL,talib,lo,0.2963466383770443,0.5135135135135135,-0.1756659465592699,0.0009176021566515,v31_412,26.0
31,talib_ADX,talib,hi,0.2861973966794817,0.5135135135135135,-0.2545753900592807,0.0232459735848936,v31_412,27.0
32,talib_ADXR,talib,hi,0.269163248737245,0.4324324324324324,-0.2676393467737739,0.0031451063790833,v31_412,28.0
33,gtja_gtja_172,gtja,lo,0.2679046084074854,0.5135135135135135,-0.1503234046553161,0.0239876664660749,v31_412,29.0
34,gtja_gtja_181,gtja,hi,0.2591309796740204,0.4864864864864865,-0.2283277685102291,-0.0052470952953539,v31_412,30.0
35,gtja_gtja_127,gtja,lo,0.2571632718161838,0.5675675675675675,-0.3371105962595858,-0.0210495043604004,v31_412,31.0
36,talib_MAMA_1,talib,lo,0.2570160641554824,0.4864864864864865,-0.1526120316866195,-0.0892268594424377,v31_412,32.0
37,pb,base,lo,0.2468450179706502,0.4594594594594595,-0.1785732652025777,-0.0919502685452779,v31_412,33.0
38,gtja_gtja_088,gtja,hi,0.2459906710229167,0.5135135135135135,-0.3742202174082524,-0.0385213191803616,v31_412,34.0
39,gtja_gtja_154,gtja,hi,0.2412017814766582,0.5405405405405406,-0.2363637412853163,0.0502058875165367,v31_412,35.0
40,talib_MINUS_DI,talib,lo,0.234727926271163,0.5945945945945946,-0.3550665434131411,0.0264615070260466,v31_412,36.0
41,v_bm,new_academic,hi,0.2341314097881965,0.4864864864864865,-0.1724862200815377,0.0914760622496316,v31_412,37.0
42,talib_MINMAX_0,talib,lo,0.2295131652055828,0.5135135135135135,-0.1486288938206262,-0.0923827353762296,v31_412,38.0
43,gtja_gtja_152,gtja,hi,0.229471206605659,0.4594594594594595,-0.2671904719015057,-0.0371901835744981,v31_412,39.0
44,v_ep,new_academic,hi,0.2280573969764676,0.4594594594594595,-0.1963520229240604,0.058183287358433,v31_412,40.0
45,pe,base,lo,0.2280573969764676,0.4594594594594595,-0.1963520229240604,-0.058183287358433,v31_412,41.0
46,gtja_gtja_079,gtja,hi,0.2279886947119926,0.5675675675675675,-0.3367282183383893,-0.0312155742587965,v31_412,42.0
47,p_pr,new_academic,lo,0.2269647622133779,0.4864864864864865,-0.1412180293112221,-0.0944429877044949,v31_412,43.0
48,gtja_gtja_150,gtja,lo,0.2264235943540837,0.4594594594594595,-0.1461759094247188,-0.0991976930363996,v31_412,44.0
49,gtja_gtja_067,gtja,hi,0.2263462786292509,0.5675675675675675,-0.2902873569213163,-0.0389984339056254,v31_412,45.0
50,talib_TSF,talib,lo,0.2257444134383051,0.4594594594594595,-0.1521615770860989,-0.0949282069781454,v31_412,46.0
51,talib_HT_TRENDLINE,talib,lo,0.2234738435245002,0.5135135135135135,-0.1493691423968225,-0.0941169226618838,v31_412,47.0
52,talib_MEDPRICE,talib,lo,0.2222598010160443,0.4864864864864865,-0.141037913210173,-0.0943837525824939,v31_412,48.0
53,assets_turn,base,lo,0.22099803118929,0.5675675675675675,-0.2108338056649055,-0.0461053327058424,v31_412,49.0
54,l_turna,new_academic,hi,0.2207211874135632,0.4594594594594595,-0.2823121496767002,-0.0597731656915112,v31_412,50.0
55,talib_LINEARREG,talib,lo,0.220238082173072,0.4594594594594595,-0.1502766938792784,-0.0947555088078463,v31_412,51.0
56,talib_KAMA,talib,lo,0.2191646576648569,0.5135135135135135,-0.1473672907575502,-0.092909889270038,v31_412,52.0
57,talib_WMA,talib,lo,0.2190477965194719,0.5135135135135135,-0.1478340154922157,-0.0937394759173984,v31_412,53.0
58,talib_AVGPRICE,talib,lo,0.2186655219812887,0.4864864864864865,-0.1425317940201624,-0.094387457600605,v31_412,54.0
59,talib_WCLPRICE,talib,lo,0.2185958125724456,0.4864864864864865,-0.1421429867030974,-0.0944261422155518,v31_412,55.0
60,talib_EMA,talib,lo,0.2185430987496992,0.5135135135135135,-0.1495033145524723,-0.0929100250139816,v31_412,56.0
61,gtja_gtja_126,gtja,lo,0.2167316046271665,0.4864864864864865,-0.1425317940201624,-0.0944150443216329,v31_412,58.0
62,talib_TYPPRICE,talib,lo,0.2167316046271665,0.4864864864864865,-0.1425317940201624,-0.0944145633956491,v31_412,57.0
63,talib_T3,talib,lo,0.2149528065859429,0.5135135135135135,-0.1493913807910253,-0.0923472927253893,v31_412,59.0
64,roa,base,lo,0.214803300671883,0.4054054054054054,-0.24360196005807,-0.0367481756263439,v31_412,60.0
65,gtja_gtja_153,gtja,lo,0.2134343424107794,0.5135135135135135,-0.1493691423968225,-0.0940494504647222,v31_412,61.0
66,gtja_gtja_173,gtja,lo,0.2111240541780188,0.4594594594594595,-0.1458951961163306,-0.0954396013120331,v31_412,62.0
67,gtja_gtja_080,gtja,hi,0.208610783300402,0.5135135135135135,-0.1854379656740576,0.0062096910641779,v31_412,63.0
68,alpha_alpha060,alpha,hi,0.2063253215554708,0.4594594594594595,-0.2318296401061469,-0.0059481530436255,v31_412,64.0
69,gtja_gtja_160,gtja,lo,0.2048260850077257,0.5135135135135135,-0.1610523551758105,-0.0935094780785044,v31_412,65.0
70,talib_DEMA,talib,lo,0.2042451580561985,0.4864864864864865,-0.1483094007718972,-0.0944030222569559,v31_412,66.0
71,talib_TEMA,talib,lo,0.203644196511691,0.4594594594594595,-0.1479389266821333,-0.0947145529870628,v31_412,67.0
72,talib_MIDPRICE,talib,lo,0.2029392927380353,0.5135135135135135,-0.1451345497368936,-0.0932309333570041,v31_412,68.0
73,gtja_gtja_129,gtja,lo,0.2027784339989589,0.4324324324324324,-0.1583173583960684,-0.0933192342312252,v31_412,69.0
74,alpha_alpha042,alpha,hi,0.2023212757098003,0.4864864864864865,-0.1537006613899492,0.0739495969582538,v31_412,71.0
75,gtja_gtja_120,gtja,hi,0.2023212757098003,0.4864864864864865,-0.1537006613899492,0.0739495969582538,v31_412,70.0
76,alpha_alpha_custom_kurt_filter,alpha,lo,0.2018180152587392,0.3783783783783784,-0.2260172059097256,-0.0006881755784225,v31_412,72.0
77,talib_MIDPOINT,talib,lo,0.201628994148036,0.5135135135135135,-0.1491872651329462,-0.0931097327310346,v31_412,73.0
78,talib_SUM,talib,lo,0.2011359429611598,0.5135135135135135,-0.1506052505477838,-0.0931800006249052,v31_412,75.0
79,talib_SMA,talib,lo,0.2011359429611598,0.5135135135135135,-0.1506052505477838,-0.0931800006249051,v31_412,74.0
80,talib_SAR,talib,lo,0.1998838073351312,0.4594594594594595,-0.1451957303853827,-0.0944713861288327,v31_412,76.0
81,talib_BBANDS_2,talib,lo,0.197917090094994,0.4864864864864865,-0.153301512873621,-0.0936599706234547,v31_412,77.0
82,gtja_gtja_145,gtja,hi,0.1976924105392112,0.4864864864864865,-0.204595322978082,-0.0056011757197043,v31_412,78.0
83,talib_MINMAX_1,talib,lo,0.1972611383546836,0.5135135135135135,-0.1443889157587741,-0.0922337107400459,v31_412,79.0
84,gtja_gtja_164,gtja,lo,0.1963608111993351,0.5405405405405406,-0.1857701193450168,-0.0242404451335129,v31_412,80.0
85,gtja_gtja_058,gtja,hi,0.1962696900292586,0.4594594594594595,-0.299136183478318,-0.0184689620729123,v31_412,81.0
86,talib_MAMA_0,talib,lo,0.1958679594421177,0.4864864864864865,-0.1495033145524721,-0.0917422922324668,v31_412,82.0
87,talib_AVGDEV,talib,lo,0.1952706882785548,0.4864864864864865,-0.1916353114148881,-0.0927835562289532,v31_412,83.0
88,talib_PLUS_DI,talib,hi,0.1947461225634312,0.3783783783783784,-0.2193603263643656,-0.0411030115310777,v31_412,84.0
89,gtja_gtja_093,gtja,lo,0.1947345350453966,0.4594594594594595,-0.1881930743506675,-0.0921476898271692,v31_412,85.0
90,gtja_gtja_011,gtja,lo,0.1943944291692627,0.4594594594594595,-0.2231817403071756,0.0054872307578628,v31_412,86.0
91,talib_TRIMA,talib,lo,0.1919481434168639,0.5135135135135135,-0.1506052505477839,-0.0932315016609404,v31_412,87.0
92,gtja_gtja_174,gtja,lo,0.1885327511808721,0.5135135135135135,-0.180844907379315,-0.0997975413598378,v31_412,88.0
93,netprofit_margin,base,lo,0.1865292054724741,0.4594594594594595,-0.2373429166797958,-2.6635091375205977e-05,v31_412,89.0
94,talib_ATR,talib,lo,0.1859456805546808,0.4864864864864865,-0.1472659834964845,-0.1028132589506408,v31_412,90.0
95,p_m11,new_academic,hi,0.1856144227403602,0.5675675675675675,-0.2583657985187456,0.0390008324776881,v31_412,91.0
96,gtja_gtja_178,gtja,lo,0.1846599117005429,0.4594594594594595,-0.281875686537955,-0.0018043336729289,v31_412,92.0
97,talib_LINEARREG_INTERCEPT,talib,lo,0.1845901643420047,0.4864864864864865,-0.1515943829739403,-0.0926216085050697,v31_412,93.0
98,gtja_gtja_146,gtja,hi,0.1842777758145588,0.4594594594594595,-0.2335804193535121,0.0024927128640658,v31_412,94.0
99,alpha_alpha092,alpha,hi,0.1788626147759422,0.4864864864864865,-0.2357579078737673,-0.0050381606924156,v31_412,95.0
100,talib_BBANDS_0,talib,lo,0.178602859610887,0.4864864864864865,-0.1522168161279129,-0.0930235168696736,v31_412,96.0
101,gtja_gtja_136,gtja,hi,0.177292570576143,0.4864864864864865,-0.2726244196834617,0.0180897335235026,v31_412,98.0
102,alpha_alpha014,alpha,hi,0.177292570576143,0.4864864864864865,-0.2726244196834617,0.0180906841799386,v31_412,97.0
103,talib_MAXINDEX,talib,lo,0.176037741134635,0.4324324324324324,-0.2104727122893438,0.0162913978088711,v31_412,99.0
104,gtja_gtja_018,gtja,hi,0.1722028238222797,0.4054054054054054,-0.2242001009377092,-0.0097556545650516,v31_412,100.0
105,talib_RSI,talib,hi,0.1707363313142575,0.5675675675675675,-0.3636988665409209,-0.0339765380139762,v31_412,101.0
106,gtja_gtja_189,gtja,lo,0.1702065376465431,0.4594594594594595,-0.1633145953757161,-0.0942311462764273,v31_412,102.0
107,gtja_gtja_020,gtja,hi,0.1695382011831969,0.4324324324324324,-0.2322027942027578,-0.0140446994477179,v31_412,104.0
108,gtja_gtja_019,gtja,hi,0.1695382011831969,0.4324324324324324,-0.2322027942027578,-0.0140446994477179,v31_412,103.0
109,gtja_gtja_046,gtja,lo,0.1664387894023884,0.3783783783783784,-0.3015688972107054,0.0228477885936425,v31_412,105.0
110,talib_COVAR,talib,lo,0.1659884609842752,0.4594594594594595,-0.1966413769189395,-0.0924277283499011,v31_412,106.0
111,gtja_gtja_161,gtja,lo,0.1642365825699008,0.4594594594594595,-0.1553801314728017,-0.1030962582435797,v31_412,107.0
112,gtja_gtja_143,gtja,lo,0.1594872318206761,0.3783783783783784,-0.1753246020565519,-0.0224949822420988,v31_412,108.0
113,gp_novymarx,v33_new,lo,0.15904880390324072,0.5135135135135135,-0.15873956380387144,-0.024917731873947496,v33_new17,
114,grossprofit_margin,base,lo,0.1590488039032407,0.5135135135135135,-0.1587395638038714,-0.0249177318739474,v31_412,109.0
115,gtja_gtja_187,gtja,lo,0.1552851545341376,0.5405405405405406,-0.1516048510684919,-0.1086023395172464,v31_412,110.0
116,r_beta,new_academic,lo,0.1522467579052477,0.5135135135135135,-0.1531347043685619,-0.0617165033568615,v31_412,111.0
117,gtja_gtja_109,gtja,hi,0.1488474569454285,0.4324324324324324,-0.1855524335333344,0.0011681115279437,v31_412,112.0
118,talib_CMO,talib,hi,0.145142375792421,0.5135135135135135,-0.358775505679102,-0.0239820824050231,v31_412,113.0
119,mom12m_jt,v33_new,hi,0.1450674378042649,0.4864864864864865,-0.2463656279300731,0.038811756841291095,v33_new17,
120,gtja_gtja_171,gtja,hi,0.1431951501925903,0.4864864864864865,-0.1558208000594335,-0.0015781888520517,v31_412,114.0
121,gtja_gtja_091,gtja,lo,0.1416995936024654,0.4864864864864865,-0.1608578466291004,-0.0302363735122539,v31_412,115.0
122,talib_VAR,talib,lo,0.1400574876103038,0.4324324324324324,-0.1940261031879713,-0.0930100759195815,v31_412,117.0
123,talib_STDDEV,talib,lo,0.1400574876103038,0.4324324324324324,-0.1940261031879713,-0.0930100759195815,v31_412,116.0
124,gtja_gtja_142,gtja,lo,0.1371871067497168,0.4594594594594595,-0.2952957366092963,-0.0085912687880958,v31_412,118.0
125,talib_ADOSC,talib,lo,0.1328656125316858,0.5135135135135135,-0.2317195241007295,-0.0010193490476979,v31_412,119.0
126,talib_AD,talib,hi,0.1326285123180699,0.4864864864864865,-0.1845825686413533,0.0329576059348937,v31_412,120.0
127,talib_MININDEX,talib,lo,0.1321872019629684,0.4324324324324324,-0.2080419778964736,0.0172409134085933,v31_412,121.0
128,debt_to_assets,base,hi,0.1294984980497873,0.4864864864864865,-0.2710947482833871,0.029142772050268,v31_412,122.0
129,roe,base,lo,0.1280094912423068,0.4864864864864865,-0.2335169848926516,-0.0465783300307309,v31_412,123.0
130,alpha_alpha017,alpha,lo,0.1253425808268291,0.4594594594594595,-0.3026356790569006,-0.0085887389611515,v31_412,124.0
131,gtja_gtja_133,gtja,hi,0.1219335074234959,0.5675675675675675,-0.3272492208854552,-0.0298556032418122,v31_412,125.0
132,alpha_alpha_custom_decaylinear_mom,alpha,hi,0.1204767012118641,0.4054054054054054,-0.2637215979911399,-0.0173054838896701,v31_412,126.0
133,gtja_gtja_056,gtja,hi,0.1189766352115251,0.4054054054054054,-0.2564009519692113,0.0371339479949791,v31_412,127.0
134,gtja_gtja_117,gtja,lo,0.1185179655716557,0.5135135135135135,-0.2850804911781674,,v31_412,128.0
135,kurt21_returns,v33_new,hi,0.11026225861150407,0.43243243243243246,-0.19469254335584063,-0.0009362254646424019,v33_new17,
136,alpha_alpha071,alpha,hi,0.1059299959100605,0.4324324324324324,-0.2620205280915588,0.0084872565508091,v31_412,129.0
137,gtja_gtja_007,gtja,lo,0.1030004662666375,0.5405405405405406,-0.2062510310393038,0.0061490213696847,v31_412,130.0
138,alpha_alpha011,alpha,lo,0.1030004662666375,0.5405405405405406,-0.2062510310393038,0.0061490213696847,v31_412,131.0
139,talib_OBV,talib,hi,0.1019736955523169,0.4594594594594595,-0.1998798245394369,0.045716424440021,v31_412,132.0
140,gtja_gtja_023,gtja,hi,0.101280359067791,0.5135135135135135,-0.3035489116983324,-0.011710709792951,v31_412,133.0
141,netprofit_yoy,base,lo,0.1009418215678725,0.4864864864864865,-0.265711291030257,-0.034881758783349,v31_412,134.0
142,alpha_alpha035,alpha,lo,0.0981175813854502,0.4324324324324324,-0.2804936950077569,,v31_412,135.0
143,current_ratio,base,lo,0.0927560233167135,0.4324324324324324,-0.1985209893630737,-0.0319174939068824,v31_412,136.0
144,gtja_gtja_155,gtja,hi,0.0905405397927334,0.4864864864864865,-0.2416971835969023,0.0137838071821608,v31_412,137.0
145,alpha_alpha048,alpha,hi,0.0895781415801748,0.4594594594594595,-0.2545485390430249,-0.0015341454079572,v31_412,138.0
146,talib_TRANGE,talib,lo,0.0894090554370572,0.4324324324324324,-0.1695107984223246,-0.0986875450109021,v31_412,139.0
147,gtja_gtja_086,gtja,hi,0.089030297708696,0.4324324324324324,-0.2806947355461059,0.0106083879558169,v31_412,141.0
148,alpha_alpha046,alpha,hi,0.089030297708696,0.4324324324324324,-0.2806947355461059,0.0106083879558169,v31_412,140.0
149,gtja_gtja_029,gtja,lo,0.0887630790695235,0.4864864864864865,-0.2009204211508976,-0.0140778597399358,v31_412,142.0
150,gtja_gtja_074,gtja,hi,0.0879258569330072,0.5135135135135135,-0.2185831003205157,-0.0226419957339861,v31_412,143.0
151,gtja_gtja_176,gtja,hi,0.0852857430103515,0.4864864864864865,-0.2214940435897032,-0.0086986835209305,v31_412,144.0
152,alpha_alpha019,alpha,hi,0.0850790777816405,0.4864864864864865,-0.2985864663151092,0.0186950013881332,v31_412,145.0
153,gtja_gtja_063,gtja,hi,0.0844904677909772,0.4864864864864865,-0.3243356166578011,-0.020776399213618,v31_412,146.0
154,fcff,base,lo,0.081989232369545,0.4594594594594595,-0.2401289285935882,-0.0039084258298809,v31_412,147.0
155,gtja_gtja_188,gtja,hi,0.0811754060549347,0.4594594594594595,-0.2577051356543998,0.0066548505602578,v31_412,148.0
156,gtja_gtja_141,gtja,hi,0.0800258957517556,0.4594594594594595,-0.1969081116265045,0.0009351122750191,v31_412,149.0
157,gtja_gtja_177,gtja,hi,0.0788748290635386,0.3513513513513513,-0.2713154375574353,-0.021745537646016,v31_412,150.0
158,gtja_gtja_175,gtja,lo,0.0765269633314162,0.4594594594594595,-0.1670172695947238,-0.1024078967094775,v31_412,151.0
159,gtja_gtja_182,gtja,hi,0.0762322469019849,0.3783783783783784,-0.322941246371591,-0.0140762215659077,v31_412,152.0
160,talib_BOP,talib,hi,0.0733775736474278,0.5135135135135135,-0.199745651007706,0.0008087652440648,v31_412,153.0
161,alpha_alpha004,alpha,lo,0.0717276741166548,0.4324324324324324,-0.3654210872899706,0.0122787666730372,v31_412,154.0
162,gtja_gtja_167,gtja,lo,0.0716106828462059,0.5675675675675675,-0.1937989255042619,-0.1036177662219491,v31_412,155.0
163,alpha_alpha039,alpha,lo,0.0685355531333591,0.3243243243243243,-0.2836871694714225,-0.0010397301144413,v31_412,156.0
164,gtja_gtja_054,gtja,hi,0.0685197538245061,0.4594594594594595,-0.2274822843913763,0.0881845637836496,v31_412,157.0
165,gtja_gtja_166,gtja,hi,0.0644377478199753,0.4594594594594595,-0.3349818014125709,0.0012974224590258,v31_412,158.0
166,roe_waa,base,lo,0.0626202724627054,0.4324324324324324,-0.2892550830403699,-0.0469470970872949,v31_412,159.0
167,alpha_alpha055,alpha,lo,0.0614963250900577,0.4864864864864865,-0.2353182870097313,0.0088199509321268,v31_412,160.0
168,gtja_gtja_094,gtja,hi,0.060432557687599,0.4324324324324324,-0.1986542101970343,-0.035601491699793,v31_412,161.0
169,gtja_gtja_158,gtja,hi,0.0601385917483721,0.2702702702702703,-0.3019804984448416,-0.0617950320106341,v31_412,162.0
170,gtja_gtja_140,gtja,lo,0.0574524053339351,0.3783783783783784,-0.3301102390800722,0.0304040403766958,v31_412,163.0
171,gtja_gtja_090,gtja,lo,0.0573668018627397,0.4594594594594595,-0.2722289995676025,0.0268423259915987,v31_412,164.0
172,gtja_gtja_115,gtja,lo,0.0558985349025287,0.4864864864864865,-0.2880340635722251,0.0076604668790808,v31_412,165.0
173,gtja_gtja_139,gtja,hi,0.054464122325655,0.4054054054054054,-0.2850439245166447,0.0203663686387205,v31_412,167.0
174,alpha_alpha006,alpha,hi,0.054464122325655,0.4054054054054054,-0.2850439245166447,0.0203663686387205,v31_412,166.0
175,alpha_alpha001,alpha,hi,0.0515244005370449,0.3513513513513513,-0.314740409932607,0.0001350742881473,v31_412,168.0
176,gtja_gtja_078,gtja,hi,0.0481266116900029,0.3513513513513513,-0.2413527816883093,-0.0148957314882682,v31_412,169.0
177,alpha_alpha024,alpha,hi,0.0430275987666513,0.4324324324324324,-0.201905089723188,0.0713556177219952,v31_412,171.0
178,gtja_gtja_098,gtja,hi,0.0430275987666513,0.4324324324324324,-0.201905089723188,0.0713560051286258,v31_412,170.0
179,talib_ULTOSC,talib,hi,0.0356271617727059,0.5405405405405406,-0.1959850991706014,-0.0092771577845077,v31_412,172.0
180,talib_ROCR,talib,hi,0.0344637282135389,0.3783783783783784,-0.415894531673749,-0.024575187120857,v31_412,176.0
181,talib_ROCP,talib,hi,0.0344637282135389,0.3783783783783784,-0.415894531673749,-0.0245750428046002,v31_412,173.0
182,talib_ROCR100,talib,hi,0.0344637282135389,0.3783783783783784,-0.415894531673749,-0.0245751022780712,v31_412,175.0
183,talib_ROC,talib,hi,0.0344637282135389,0.3783783783783784,-0.415894531673749,-0.0245750216138807,v31_412,174.0
184,gtja_gtja_102,gtja,lo,0.0322952490089381,0.4594594594594595,-0.2482948806225822,0.0059823511711654,v31_412,177.0
185,alpha_alpha016,alpha,hi,0.0281241040383701,0.4324324324324324,-0.1959858721997952,0.0315100293707991,v31_412,178.0
186,gtja_gtja_083,gtja,hi,0.0281241040383701,0.4324324324324324,-0.1959858721997952,0.0315100293707991,v31_412,179.0
187,gtja_gtja_071,gtja,hi,0.028116978632638,0.4054054054054054,-0.3843271920614213,-0.0339176945264934,v31_412,180.0
188,alpha_alpha101,alpha,hi,0.0241385253728072,0.4864864864864865,-0.2227146467083023,0.0007829080059848,v31_412,181.0
189,alpha_alpha_custom_skew_reversal,alpha,hi,0.023580083537775,0.4324324324324324,-0.1612982730200651,0.0330942107086383,v31_412,182.0
190,skew21_lottery,v33_new,lo,0.015835340140491594,0.43243243243243246,-0.17849336784609815,-0.0365011602074244,v33_new17,
191,alpha_alpha_custom_zscore_5d,alpha,lo,0.0150827117290874,0.4594594594594595,-0.3042367788147223,0.0030779236973003,v31_412,183.0
192,alpha_alpha044,alpha,lo,0.0143684618844264,0.4054054054054054,-0.2402205458398442,0.0254088537768885,v31_412,184.0
193,gtja_gtja_119,gtja,hi,0.0142839234532305,0.4054054054054054,-0.2956907469498088,0.0079794419781489,v31_412,185.0
194,gtja_gtja_134,gtja,lo,0.0134884787601825,0.4864864864864865,-0.2608273840050943,-0.0255969396488203,v31_412,186.0
195,alpha_alpha095,alpha,hi,0.0122163854649526,0.4054054054054054,-0.3434507525688555,0.0175585669881086,v31_412,187.0
196,alpha_alpha033,alpha,lo,0.0117704925607229,0.4594594594594595,-0.2894018809805759,0.0007403337512425,v31_412,188.0
197,alpha_alpha_custom_argmin_recent,alpha,lo,0.0097022604260128,0.4054054054054054,-0.2737574413915519,0.0368065809556002,v31_412,189.0
198,gtja_gtja_075,gtja,hi,0.0083122814224283,0.3513513513513513,-0.2383686824525793,-0.0288644687222894,v31_412,190.0
199,quick_ratio,base,hi,0.0081104098049549,0.3513513513513513,-0.3406957273487051,-0.0259970767266212,v31_412,191.0
200,gtja_gtja_034,gtja,lo,0.0073358425124132,0.4054054054054054,-0.3367559166220829,0.0194456297755037,v31_412,193.0
201,gtja_gtja_031,gtja,hi,0.0073358425124132,0.4054054054054054,-0.3367559166220829,-0.0194456297755037,v31_412,192.0
202,alpha_alpha099,alpha,hi,0.0067439602794663,0.4864864864864865,-0.3267390293408971,0.0107007712101098,v31_412,194.0
203,gtja_gtja_105,gtja,lo,0.0057481168875253,0.4324324324324324,-0.3036731167433683,0.0173978362843319,v31_412,196.0
204,alpha_alpha003,alpha,lo,0.0057481168875253,0.4324324324324324,-0.3036731167433683,0.0173978362843319,v31_412,195.0
205,talib_PPO,talib,hi,0.0043706642004874,0.4864864864864865,-0.3300108854869172,-0.047135969908451,v31_412,197.0
206,or_yoy,base,lo,-0.0004728039988571,0.4324324324324324,-0.19560980559404,-0.0456466768246717,v31_412,198.0
207,gtja_gtja_168,gtja,lo,-0.0015811978835978,0.4324324324324324,-0.250372249059317,-0.0059004080331357,v31_412,199.0
208,gtja_gtja_005,gtja,lo,-0.0027000215306298,0.4324324324324324,-0.2088027819742595,0.0315327415476181,v31_412,200.0
209,gtja_gtja_062,gtja,lo,-0.0036954900660096,0.4594594594594595,-0.2549353048414328,0.0252497089656227,v31_412,201.0
210,alpha_alpha043,alpha,lo,-0.0040959585130337,0.4864864864864865,-0.1896360504537397,0.0066767443367874,v31_412,202.0
211,gtja_gtja_025,gtja,lo,-0.004540061519313,0.4054054054054054,-0.2961446133056488,0.0099147086768707,v31_412,203.0
212,alpha_alpha085,alpha,lo,-0.0059120811399138,0.4594594594594595,-0.311877369019278,0.0076821644942777,v31_412,204.0
213,alpha_alpha013,alpha,lo,-0.0118844657519352,0.3783783783783784,-0.3014371934544102,0.0250570361882345,v31_412,206.0
214,gtja_gtja_099,gtja,lo,-0.0118844657519352,0.3783783783783784,-0.3014371934544102,0.0250570361882345,v31_412,205.0
215,coskew60,v33_new,lo,-0.01374186727621074,0.43243243243243246,-0.26321577761139425,-0.056201702299714794,v33_new17,
216,alpha_alpha065,alpha,hi,-0.0183654874781892,0.4054054054054054,-0.2673801892439909,0.0401549486645956,v31_412,207.0
217,gtja_gtja_190,gtja,lo,-0.0198061854423192,0.4594594594594595,-0.3120716226218911,0.0229188628698945,v31_412,208.0
218,bps,base,lo,-0.0213990215396212,0.5135135135135135,-0.1664003371655603,-0.0383670197263053,v31_412,209.0
219,gtja_gtja_184,gtja,lo,-0.0242763222740448,0.4054054054054054,-0.3913779966734215,-0.0118873442078356,v31_412,210.0
220,alpha_alpha037,alpha,lo,-0.0242763222740448,0.4054054054054054,-0.3913779966734215,-0.0118873442078356,v31_412,211.0
221,talib_AROON_1,talib,hi,-0.0245942337672879,0.3783783783783784,-0.2676313655235217,,v31_412,212.0
222,gtja_gtja_045,gtja,hi,-0.0248630608990534,0.4054054054054054,-0.3470244488729201,-0.0194060246921784,v31_412,213.0
223,alpha_alpha026,alpha,lo,-0.025949468951103,0.4324324324324324,-0.2234553303380105,0.0310699795169687,v31_412,214.0
224,gtja_gtja_084,gtja,hi,-0.0264716770666152,0.4594594594594595,-0.2787021649680383,-0.0236258652968966,v31_412,215.0
225,talib_CCI,talib,hi,-0.0325331831244486,0.3513513513513513,-0.2600739688751612,-0.0201270346458076,v31_412,216.0
226,talib_BETA,talib,hi,-0.0358688278556361,0.5135135135135135,-0.2219140968581532,-0.0135149493343409,v31_412,217.0
227,overnight_intraday_spread,v33_new,hi,-0.03676138767847559,0.3783783783783784,-0.29803906216016696,-0.0033150470502430886,v33_new17,
228,pvcorr_21,v33_new,lo,-0.038965753162603645,0.43243243243243246,-0.21144802949608377,-0.04734301834058848,v33_new17,
229,alpha_alpha089,alpha,hi,-0.0390223493651146,0.4594594594594595,-0.2540098693123181,0.0031599057047764,v31_412,218.0
230,gtja_gtja_022,gtja,lo,-0.0392829029271369,0.3783783783783784,-0.2335150588690228,0.005654346115102,v31_412,219.0
231,p_mchg,new_academic,lo,-0.0404175281058146,0.4864864864864865,-0.2856767367638462,-0.0349584785288348,v31_412,220.0
232,alpha_alpha038,alpha,lo,-0.0411819955876439,0.4054054054054054,-0.3161778581978424,0.002521669432034,v31_412,221.0
233,gtja_gtja_111,gtja,lo,-0.0428969167825915,0.4594594594594595,-0.1993790989297078,-0.0137347040888338,v31_412,222.0
234,gtja_gtja_030,gtja,hi,-0.0435524248542883,0.4054054054054054,-0.3144600807668876,,v31_412,224.0
235,p_season,new_academic,hi,-0.0435524248542883,0.4054054054054054,-0.3144600807668876,,v31_412,223.0
236,alpha_alpha053,alpha,lo,-0.0442449803515242,0.4324324324324324,-0.2353955124169262,-0.0076004742185885,v31_412,225.0
237,alpha_alpha029,alpha,hi,-0.0455572908031692,0.4594594594594595,-0.3407847779218963,0.0322122322573074,v31_412,226.0
238,alpha_alpha009,alpha,lo,-0.0460989777812673,0.4594594594594595,-0.3423184144689744,-0.0030359315793102,v31_412,227.0
239,alpha_alpha023,alpha,hi,-0.0485617004742983,0.3783783783783784,-0.3562817831201058,0.0062464665115697,v31_412,229.0
240,gtja_gtja_038,gtja,hi,-0.0485617004742983,0.3783783783783784,-0.3562817831201058,0.0062674579292095,v31_412,228.0
241,gtja_gtja_040,gtja,hi,-0.0500050169051133,0.4864864864864865,-0.3263422747210048,-0.0465989493256865,v31_412,230.0
242,alpha_alpha054,alpha,hi,-0.0501069932468887,0.4324324324324324,-0.2423003211986708,-0.0083826664861825,v31_412,231.0
243,alpha_alpha098,alpha,lo,-0.0504468605102318,0.4324324324324324,-0.2879407242947553,0.0062288241175245,v31_412,232.0
244,gtja_gtja_081,gtja,hi,-0.0504764561674458,0.5405405405405406,-0.2940309195929345,0.0169238389087071,v31_412,233.0
245,gtja_gtja_004,gtja,hi,-0.0515499443324807,0.3783783783783784,-0.361773158672805,0.0055735503974459,v31_412,234.0
246,alpha_alpha021,alpha,hi,-0.0515499443324807,0.3783783783783784,-0.361773158672805,0.005544407406604,v31_412,235.0
247,alpha_alpha080,alpha,hi,-0.0540353659453496,0.4594594594594595,-0.2358195111348673,0.0008067138300243,v31_412,236.0
248,alpha_alpha091,alpha,hi,-0.054048495938231,0.4324324324324324,-0.1967808120620738,0.0009167744642396,v31_412,237.0
249,alpha_alpha082,alpha,hi,-0.0550884399379971,0.4054054054054054,-0.2272486749653935,-0.0013498483784992,v31_412,238.0
250,gtja_gtja_036,gtja,hi,-0.0570259185731774,0.3513513513513513,-0.3425945352950417,-0.0287936202451424,v31_412,239.0
251,gtja_gtja_052,gtja,hi,-0.0575919209889853,0.5405405405405406,-0.3633473397522868,-0.0495020369795771,v31_412,240.0
252,gtja_gtja_179,gtja,hi,-0.059900684464051,0.4324324324324324,-0.3272020817703469,-0.0199934410799072,v31_412,241.0
253,alpha_alpha084,alpha,hi,-0.0603978444444212,0.4054054054054054,-0.2583784939095011,0.0083555393379584,v31_412,242.0
254,alpha_alpha034,alpha,lo,-0.0621270254183344,0.4594594594594595,-0.3870329074020511,-0.0046174707258167,v31_412,243.0
255,alpha_alpha078,alpha,hi,-0.0638295442696836,0.4594594594594595,-0.2704779248582082,0.0062048191998958,v31_412,244.0
256,talib_AROON_0,talib,hi,-0.0655129758033677,0.4324324324324324,-0.2850846661550961,0.0293412052980481,v31_412,245.0
257,gtja_gtja_103,gtja,lo,-0.0664105269442297,0.4054054054054054,-0.2729900188039635,0.0337825757725444,v31_412,246.0
258,gtja_gtja_073,gtja,hi,-0.0674761029202926,0.4324324324324324,-0.2427602853301081,0.0130105394166276,v31_412,247.0
259,alpha_alpha100,alpha,hi,-0.0676582491338854,0.4054054054054054,-0.3246326660638782,,v31_412,248.0
260,gtja_gtja_106,gtja,hi,-0.0678055260104719,0.4324324324324324,-0.3850247639409894,-0.0332687514117784,v31_412,249.0
261,gtja_gtja_048,gtja,hi,-0.068548869925235,0.4594594594594595,-0.2630215031674702,0.0029529206046932,v31_412,250.0
262,gtja_gtja_148,gtja,hi,-0.0701380807412161,0.4054054054054054,-0.2874588237808434,0.0426900696322656,v31_412,251.0
263,alpha_alpha036,alpha,lo,-0.0727063337330889,0.3783783783783784,-0.282440139324605,0.010362196813192,v31_412,252.0
264,gtja_gtja_135,gtja,hi,-0.0740778425198815,0.4324324324324324,-0.3266535166485338,-0.0536892836606408,v31_412,253.0
265,ocf_yoy,base,hi,-0.0744903835874085,0.4324324324324324,-0.3413137575223925,-0.0039647438575767,v31_412,254.0
266,gtja_gtja_137,gtja,hi,-0.0745813097765432,0.3783783783783784,-0.3308409349865333,0.0031207077411598,v31_412,255.0
267,alpha_alpha061,alpha,hi,-0.0746153927616729,0.3243243243243243,-0.3520939267018422,0.0423879380564626,v31_412,256.0
268,alpha_alpha049,alpha,lo,-0.0747947733629134,0.3513513513513513,-0.3485201891168425,-0.0343579578213427,v31_412,257.0
269,talib_STOCH_1,talib,hi,-0.075700378108642,0.4324324324324324,-0.3566193531278149,-0.0016689962847307,v31_412,258.0
270,gtja_gtja_065,gtja,lo,-0.0796327102143852,0.4324324324324324,-0.3188778921413226,0.0059374499317667,v31_412,260.0
271,gtja_gtja_066,gtja,hi,-0.0796327102143852,0.4324324324324324,-0.3188778921413226,-0.0059376186352908,v31_412,259.0
272,gtja_gtja_108,gtja,lo,-0.0801894603755041,0.3783783783783784,-0.3610550588319106,0.0148328863383668,v31_412,261.0
273,alpha_alpha076,alpha,lo,-0.0827025803450506,0.3513513513513513,-0.2941551471256193,0.0121589517268715,v31_412,262.0
274,gtja_gtja_185,gtja,hi,-0.0844426300679815,0.4324324324324324,-0.2212543233171923,0.0313021886242528,v31_412,263.0
275,gtja_gtja_180,gtja,lo,-0.0852044599792687,0.4864864864864865,-0.245988398576434,0.0048637071972834,v31_412,264.0
276,gtja_gtja_072,gtja,lo,-0.0878240325549171,0.5135135135135135,-0.3270628154061329,0.0287794810428995,v31_412,265.0
277,alpha_alpha_custom_argmax_recent,alpha,lo,-0.0899670336633066,0.4324324324324324,-0.2952996503401005,0.0223834413376238,v31_412,266.0
278,gtja_gtja_050,gtja,hi,-0.0918068404725096,0.4864864864864865,-0.4192073283662801,-0.0265697270263827,v31_412,267.0
279,gtja_gtja_051,gtja,hi,-0.0918068404725096,0.4864864864864865,-0.4192073283662801,-0.0265715347334624,v31_412,268.0
280,gtja_gtja_123,gtja,hi,-0.0933268530229014,0.4324324324324324,-0.3682297204253274,0.0139705693477344,v31_412,269.0
281,alpha_alpha075,alpha,lo,-0.0939252945785019,0.4054054054054054,-0.2412320198403555,0.0039173965037362,v31_412,270.0
282,gtja_gtja_186,gtja,hi,-0.0957316635925518,0.3513513513513513,-0.2526715346008431,0.0240872099201183,v31_412,271.0
283,alpha_alpha072,alpha,hi,-0.0960296049745015,0.3783783783783784,-0.2434876450420037,0.0081453372725518,v31_412,272.0
284,alpha191_040,v33_new,hi,-0.09614102185950923,0.4864864864864865,-0.28105486777125155,-0.050150569036574257,v33_new17,
285,talib_LINEARREG_R2,talib,lo,-0.0988411537998187,0.4594594594594595,-0.2643432452449263,0.0155792301275314,v31_412,273.0
286,talib_TRIX,talib,hi,-0.1008459590988417,0.4054054054054054,-0.3315891448453918,-0.0487915193202345,v31_412,274.0
287,alpha_alpha005,alpha,lo,-0.1024250328071769,0.3243243243243243,-0.3055773778124719,-0.0226985786146264,v31_412,275.0
288,accruals_sloan,v33_new,hi,-0.10410114923907254,0.4594594594594595,-0.3423021434159952,0.022584331363285155,v33_new17,
289,gtja_gtja_049,gtja,lo,-0.1070659554223585,0.4864864864864865,-0.4196463014432835,0.0257782642440211,v31_412,276.0
290,alpha_alpha064,alpha,lo,-0.1073269531282602,0.4594594594594595,-0.2651234145589275,0.0064360646661618,v31_412,277.0
291,gtja_gtja_012,gtja,hi,-0.1076995299488202,0.3783783783783784,-0.2311970827588665,0.0480659195747835,v31_412,278.0
292,gtja_gtja_112,gtja,hi,-0.1082442324355327,0.4054054054054054,-0.396782935182512,-0.0225687437701711,v31_412,279.0
293,winner_ratio,v33_new,hi,-0.11299343251309912,0.40540540540540543,-0.32829548292379096,-0.0358944155631285,v33_new17,
294,alpha_alpha069,alpha,hi,-0.1138991154009824,0.3783783783783784,-0.2582114372217701,0.0288888286689286,v31_412,280.0
295,gtja_gtja_082,gtja,lo,-0.1140376044329594,0.5675675675675675,-0.3504333500822305,0.0294965801605159,v31_412,281.0
296,alpha_alpha051,alpha,lo,-0.1179523332157478,0.3243243243243243,-0.3742566012717209,-0.032552697583371,v31_412,282.0
297,gtja_gtja_130,gtja,hi,-0.1200440618746478,0.4594594594594595,-0.2779304136344153,0.0081385854874166,v31_412,283.0
298,alpha_alpha047,alpha,hi,-0.120052472629181,0.4864864864864865,-0.3077251768598068,0.001401490707744,v31_412,284.0
299,alpha_alpha073,alpha,lo,-0.120398073493946,0.4324324324324324,-0.3779803363929377,0.0323418880165512,v31_412,285.0
300,alpha_alpha020,alpha,lo,-0.1236199705817046,0.4054054054054054,-0.3674295755196269,-0.017806540665376,v31_412,287.0
301,gtja_gtja_107,gtja,lo,-0.1236199705817046,0.4054054054054054,-0.3674295755196269,-0.017806540665376,v31_412,286.0
302,alpha_alpha068,alpha,lo,-0.1264879153178534,0.4054054054054054,-0.2721914617713951,0.0039938375766619,v31_412,288.0
303,gtja_gtja_042,gtja,hi,-0.1268773028362698,0.4054054054054054,-0.3070154187336237,0.0721498275055516,v31_412,290.0
304,alpha_alpha040,alpha,hi,-0.1268773028362698,0.4054054054054054,-0.3070154187336237,0.0721498275055516,v31_412,289.0
305,gtja_gtja_170,gtja,hi,-0.1281589874583611,0.4864864864864865,-0.3077251768598066,0.001433929367595,v31_412,291.0
306,gtja_gtja_125,gtja,lo,-0.1286509728888293,0.3513513513513513,-0.2115094117754037,0.0021871842062397,v31_412,292.0
307,gtja_gtja_006,gtja,hi,-0.128961527470546,0.4054054054054054,-0.3552609743278058,,v31_412,293.0
308,alpha_alpha030,alpha,hi,-0.1293863525760387,0.3783783783783784,-0.3191518600174213,-0.0023843015099876,v31_412,294.0
309,alpha_alpha058,alpha,hi,-0.1316418953746713,0.4324324324324324,-0.3145973484291683,0.0035531126146706,v31_412,295.0
310,alpha_alpha031,alpha,lo,-0.1347526370031625,0.4054054054054054,-0.3042838414957555,-0.0051015309561259,v31_412,296.0
311,gtja_gtja_165,gtja,lo,-0.1367620956090587,0.4054054054054054,-0.3230339373092993,-0.0763986876835915,v31_412,297.0
312,p_m1,new_academic,hi,-0.1367958691068406,0.3513513513513513,-0.2937085544441651,-0.0143003580767742,v31_412,298.0
313,alpha_alpha096,alpha,hi,-0.1405053696257376,0.4594594594594595,-0.3418115356065584,0.0024432240297443,v31_412,299.0
314,alpha_alpha079,alpha,hi,-0.1406010140890453,0.4054054054054054,-0.3962622043658808,-0.001954932338546,v31_412,300.0
315,talib_WILLR,talib,lo,-0.1406272285558524,0.4324324324324324,-0.3205001774106245,-0.0119346584158268,v31_412,301.0
316,alpha_alpha074,alpha,hi,-0.141219867846287,0.3513513513513513,-0.3393109762071301,0.0079892728363331,v31_412,302.0
317,alpha_alpha067,alpha,lo,-0.1427424779540779,0.3513513513513513,-0.3174157338332702,0.0185751121895925,v31_412,303.0
318,p_m3,new_academic,hi,-0.1429831241973597,0.4054054054054054,-0.3140105108689186,-0.0348274669873217,v31_412,304.0
319,gtja_gtja_041,gtja,hi,-0.1446162462930444,0.4054054054054054,-0.3434184392020537,0.0726095464285818,v31_412,305.0
320,alpha_alpha045,alpha,lo,-0.1457499926787864,0.3513513513513513,-0.4110025991896602,0.0372653443988301,v31_412,306.0
321,gtja_gtja_055,gtja,hi,-0.1460098403010464,0.4594594594594595,-0.4112355759866339,-0.0108206694354138,v31_412,307.0
322,gtja_gtja_057,gtja,lo,-0.1474218893973641,0.4864864864864865,-0.3354381769277009,-0.0110258207946267,v31_412,308.0
323,alpha_alpha002,alpha,hi,-0.1485739714198178,0.4324324324324324,-0.3303009213921599,0.0125256649501514,v31_412,309.0
324,alpha_alpha066,alpha,lo,-0.1487786872723957,0.4324324324324324,-0.2820630407119375,0.0062930309758904,v31_412,310.0
325,alpha_alpha097,alpha,lo,-0.1495521131200796,0.4054054054054054,-0.3952075172517231,0.0031916621518932,v31_412,311.0
326,gtja_gtja_097,gtja,hi,-0.1520141354025294,0.4594594594594595,-0.3048745750311615,0.0123187301118107,v31_412,312.0
327,alpha_alpha088,alpha,hi,-0.1553858002753307,0.4324324324324324,-0.3163015249169261,0.0190460167729752,v31_412,313.0
328,gtja_gtja_087,gtja,lo,-0.1554333488124868,0.4864864864864865,-0.2976844104070369,0.0015850884242324,v31_412,314.0
329,alpha_alpha070,alpha,lo,-0.157897078360739,0.3783783783783784,-0.3486266609696097,0.0021812064395482,v31_412,315.0
330,gtja_gtja_017,gtja,lo,-0.1594481645261435,0.3783783783783784,-0.3513831583798982,0.0030965556621999,v31_412,316.0
331,gtja_gtja_002,gtja,lo,-0.160357855753615,0.3783783783783784,-0.3727292364199579,0.0017304016429473,v31_412,317.0
332,talib_AROONOSC,talib,hi,-0.1609909043980885,0.4864864864864865,-0.4193928738785549,-0.0206598436358861,v31_412,318.0
333,gtja_gtja_085,gtja,lo,-0.1611321151380205,0.4594594594594595,-0.2715905751628994,0.0073737608814186,v31_412,319.0
334,talib_MOM,talib,hi,-0.1622518282728079,0.3783783783783784,-0.4393836818293684,-0.0224334971756341,v31_412,320.0
335,gtja_gtja_014,gtja,hi,-0.1637391315390083,0.4054054054054054,-0.3643998457315535,-0.0061970540718801,v31_412,321.0
336,talib_STOCH_0,talib,lo,-0.1647888233576262,0.4864864864864865,-0.3316773686589541,0.0014890222398199,v31_412,322.0
337,gtja_gtja_101,gtja,hi,-0.1661321313176015,0.2972972972972973,-0.358476835333442,0.0086439517937313,v31_412,323.0
338,alpha_alpha012,alpha,lo,-0.1682199286830256,0.3243243243243243,-0.3761466018498266,0.0251129419936305,v31_412,324.0
339,gtja_gtja_047,gtja,lo,-0.1724675491854955,0.4864864864864865,-0.3675337887883415,0.0229220384079757,v31_412,325.0
340,alpha_alpha090,alpha,lo,-0.1742666968757925,0.4324324324324324,-0.3004801687762903,-0.0171305118811938,v31_412,326.0
341,p_52w,new_academic,hi,-0.1745118874151855,0.4054054054054054,-0.3774804393665839,0.0259603533836204,v31_412,327.0
342,alpha_alpha050,alpha,hi,-0.1745928435684584,0.5135135135135135,-0.2782793344227834,0.0301595699885801,v31_412,329.0
343,gtja_gtja_016,gtja,hi,-0.1745928435684584,0.5135135135135135,-0.2782793344227834,0.0301595699885801,v31_412,328.0
344,alpha_alpha027,alpha,lo,-0.1753858214715361,0.4324324324324324,-0.2902664202294106,0.0258981391921767,v31_412,330.0
345,gtja_gtja_033,gtja,lo,-0.1844011618074729,0.4324324324324324,-0.4452962316931971,0.0162776840359913,v31_412,331.0
346,gtja_gtja_044,gtja,hi,-0.1849216475241384,0.3783783783783784,-0.4146510674542477,0.0056886663942985,v31_412,332.0
347,gtja_gtja_037,gtja,lo,-0.1852251738522164,0.3243243243243243,-0.4112637166729201,-0.0024276673462444,v31_412,333.0
348,alpha_alpha018,alpha,lo,-0.1869455696094462,0.3783783783783784,-0.4277125172424414,0.035680907198199,v31_412,334.0
349,gtja_gtja_096,gtja,lo,-0.1881355578413013,0.4324324324324324,-0.3422105694325077,-0.0192207318130227,v31_412,335.0
350,alpha_alpha007,alpha,hi,-0.1888048622031799,0.4324324324324324,-0.3461785715243675,0.0102908455718032,v31_412,336.0
351,alpha_alpha081,alpha,lo,-0.1894957374043713,0.4324324324324324,-0.2900897992686592,0.0272079693836271,v31_412,337.0
352,gtja_gtja_069,gtja,hi,-0.1894971124374239,0.3783783783783784,-0.4346096977011093,-0.036800402068004,v31_412,338.0
353,gtja_gtja_021,gtja,hi,-0.1915359659812772,0.4054054054054054,-0.4149291634864922,-0.0197023665565041,v31_412,339.0
354,gtja_gtja_131,gtja,hi,-0.1918769778876704,0.3243243243243243,-0.4363020017463062,0.0028035385334672,v31_412,340.0
355,gtja_gtja_114,gtja,lo,-0.1963395198283232,0.3513513513513513,-0.3749071228614825,-0.0036705884034417,v31_412,342.0
356,alpha_alpha083,alpha,lo,-0.1963395198283232,0.3513513513513513,-0.3749071228614825,-0.0036704728233831,v31_412,341.0
357,alpha_alpha087,alpha,lo,-0.1963937903389861,0.4324324324324324,-0.3696404775652776,0.0064850297223198,v31_412,343.0
358,gtja_gtja_064,gtja,hi,-0.197710212221861,0.3783783783783784,-0.40655922892899,-0.0214170621523659,v31_412,344.0
359,gtja_gtja_008,gtja,hi,-0.2048375723077368,0.3513513513513513,-0.4009201407703683,-0.0045410391000767,v31_412,345.0
360,alpha_alpha059,alpha,lo,-0.206266513868418,0.3513513513513513,-0.4073119138510443,0.0061306918643112,v31_412,346.0
361,alpha_alpha086,alpha,lo,-0.2062838467897759,0.4054054054054054,-0.3277212358143143,-0.005154673268727,v31_412,347.0
362,gtja_gtja_104,gtja,lo,-0.2069084010097244,0.4324324324324324,-0.3916424133429425,0.0019881659332178,v31_412,349.0
363,alpha_alpha022,alpha,lo,-0.2069084010097244,0.4324324324324324,-0.3916424133429425,0.0019881659332178,v31_412,348.0
364,gtja_gtja_061,gtja,lo,-0.2069943123500055,0.4594594594594595,-0.294699449106736,-0.0371865888282353,v31_412,350.0
365,gtja_gtja_043,gtja,lo,-0.2088664858927729,0.3513513513513513,-0.3650140108912617,-0.0059025460767959,v31_412,351.0
366,gtja_gtja_157,gtja,hi,-0.2089201528884786,0.4594594594594595,-0.3445391626429738,0.0372289313266955,v31_412,352.0
367,gtja_gtja_077,gtja,hi,-0.2095887397543104,0.3783783783783784,-0.4414772711130463,0.0143308349697357,v31_412,353.0
368,alpha_alpha056,alpha,lo,-0.2119319730834712,0.4054054054054054,-0.3237305826898068,-0.0057135725666929,v31_412,354.0
369,p_m6,new_academic,hi,-0.2120797013426113,0.3783783783783784,-0.3787674577661436,0.0150390022925948,v31_412,355.0
370,gtja_gtja_026,gtja,lo,-0.2121399182703698,0.3513513513513513,-0.44966644241506,0.0098231753701075,v31_412,356.0
371,alpha_alpha063,alpha,hi,-0.2125014198745619,0.4054054054054054,-0.3574087572870817,-0.0032181905854203,v31_412,357.0
372,alpha_alpha025,alpha,lo,-0.2130252152802041,0.4594594594594595,-0.3865971788510368,-0.0038303780210738,v31_412,358.0
373,gtja_gtja_100,gtja,hi,-0.2165268580417716,0.4054054054054054,-0.3008273036432701,0.0117596169354033,v31_412,359.0
374,talib_MFI,talib,hi,-0.2167513671092227,0.4054054054054054,-0.4234567335719582,-0.0227788520888404,v31_412,360.0
375,gtja_gtja_163,gtja,lo,-0.2204527627575978,0.4594594594594595,-0.3923865366110487,-0.0037510564683895,v31_412,361.0
376,gtja_gtja_128,gtja,lo,-0.2215714315924168,0.4864864864864865,-0.3278763536638178,-0.0259600657998615,v31_412,362.0
377,alpha_alpha032,alpha,lo,-0.2221333871161521,0.3783783783783784,-0.3918266005201566,-0.0138717292891835,v31_412,363.0
378,alpha_alpha052,alpha,hi,-0.2270063479648026,0.3783783783783784,-0.3690768537200818,0.0092427378451326,v31_412,364.0
379,gtja_gtja_183,gtja,lo,-0.2297176096039909,0.4054054054054054,-0.3965569785243789,-0.0617297411914988,v31_412,365.0
380,alpha_alpha094,alpha,hi,-0.2310576072318408,0.5135135135135135,-0.2802987646084985,0.0214242589586469,v31_412,366.0
381,alpha_alpha093,alpha,lo,-0.2310625043094208,0.3513513513513513,-0.3628408570174892,0.0109222607790554,v31_412,367.0
382,gtja_gtja_118,gtja,hi,-0.2319007889832429,0.4054054054054054,-0.4237810852491436,-0.0320789881553592,v31_412,368.0
383,alpha_alpha077,alpha,hi,-0.2350961231240285,0.4054054054054054,-0.445733406180528,0.0141041016705092,v31_412,369.0
384,gtja_gtja_032,gtja,lo,-0.2365739144429923,0.3783783783783784,-0.3763440095434002,0.0142314751879695,v31_412,370.0
385,gtja_gtja_001,gtja,lo,-0.23693070919323,0.4324324324324324,-0.3784851155162269,0.0134530840323302,v31_412,371.0
386,p_m24,new_academic,hi,-0.2371561012896607,0.3783783783783784,-0.4863749965099835,0.0079781416240298,v31_412,372.0
387,gtja_gtja_053,gtja,hi,-0.2381358603054748,0.3783783783783784,-0.3540491281197797,-0.0214198854655818,v31_412,373.0
388,alpha_alpha015,alpha,lo,-0.2393580059068794,0.3783783783783784,-0.3763440095434002,0.0145438557922291,v31_412,374.0
389,alpha_alpha062,alpha,lo,-0.2462684513396635,0.4054054054054054,-0.34283445706217,0.0029123813326244,v31_412,375.0
390,gtja_gtja_024,gtja,hi,-0.2478276829571299,0.3513513513513513,-0.4432104580332263,-0.0253119112989069,v31_412,376.0
391,alpha_alpha010,alpha,lo,-0.2502121795963083,0.4324324324324324,-0.4193902773013497,0.0002036730856991,v31_412,377.0
392,gtja_gtja_092,gtja,lo,-0.2547821544478673,0.3783783783783784,-0.35333866717508,0.0125991376984096,v31_412,378.0
393,gtja_gtja_028,gtja,lo,-0.2585198593796544,0.4324324324324324,-0.3584682917603367,0.0018348207776493,v31_412,379.0
394,talib_LINEARREG_SLOPE,talib,hi,-0.2614300248919462,0.3513513513513513,-0.4744393213339714,-0.0278431146470973,v31_412,381.0
395,talib_LINEARREG_ANGLE,talib,hi,-0.2614300248919462,0.3513513513513513,-0.4744393213339714,-0.0278431146470973,v31_412,380.0
396,gtja_gtja_010,gtja,lo,-0.2624335253770922,0.3243243243243243,-0.3489266677200785,-0.0241797460099202,v31_412,382.0
397,resmom_6m,v33_new,hi,-0.26272778294940424,0.40540540540540543,-0.3994160397317956,-0.009424368423389713,v33_new17,
398,alpha_alpha008,alpha,lo,-0.2648127332671204,0.3243243243243243,-0.4685200352214094,-0.0026333398142426,v31_412,383.0
399,gtja_gtja_156,gtja,lo,-0.265757313001117,0.3513513513513513,-0.4454026924221069,0.0461214416114157,v31_412,384.0
400,gtja_gtja_009,gtja,hi,-0.2665708196838601,0.3783783783783784,-0.4473269339305554,-0.0026293703542142,v31_412,385.0
401,gtja_gtja_169,gtja,hi,-0.2692835977126234,0.4864864864864865,-0.4230536493666919,-0.0290917217306564,v31_412,386.0
402,gtja_gtja_035,gtja,lo,-0.2709534606091367,0.2972972972972973,-0.3862864482077174,0.0171674020047796,v31_412,387.0
403,cfps,base,lo,-0.2727270684959475,0.3513513513513513,-0.4290449073668583,-0.007489205561988,v31_412,388.0
404,gtja_gtja_121,gtja,hi,-0.2868690167500808,0.4324324324324324,-0.3498993840534543,0.0635923929262682,v31_412,389.0
405,alpha_alpha041,alpha,lo,-0.2895229741216287,0.2972972972972973,-0.4794808441200465,-0.0113475334780755,v31_412,391.0
406,gtja_gtja_013,gtja,lo,-0.2895229741216287,0.2972972972972973,-0.4794808441200465,-0.0113475334780755,v31_412,390.0
407,gtja_gtja_059,gtja,hi,-0.2911805578519686,0.3243243243243243,-0.4645624061307801,-0.0362020775493908,v31_412,392.0
408,talib_MACD_1,talib,lo,-0.2923086350435764,0.3513513513513513,-0.481992383246994,-0.039165802262346,v31_412,393.0
409,gtja_gtja_039,gtja,lo,-0.2945905973378481,0.3243243243243243,-0.4717956348216774,-0.0020857811789641,v31_412,394.0
410,gtja_gtja_003,gtja,hi,-0.3025611657413901,0.2972972972972973,-0.4345743508009989,-0.006714402728154,v31_412,395.0
411,hl_52w_disposition,v33_new,hi,-0.3093394790557381,0.3783783783783784,-0.46877661844340335,-0.009485638236462448,v33_new17,
412,gtja_gtja_147,gtja,hi,-0.3100224611221054,0.3783783783783784,-0.4992990793020789,-0.0338536555957792,v31_412,396.0
413,ocfps,base,hi,-0.3111626716285616,0.4324324324324324,-0.3902787392328127,0.0113199101507383,v31_412,397.0
414,gtja_gtja_113,gtja,hi,-0.3116351445273018,0.3513513513513513,-0.4470216219242929,0.0400473049415033,v31_412,398.0
415,talib_MACD_2,talib,hi,-0.3198729781130495,0.3783783783783784,-0.5038479271516483,-0.0074520648132888,v31_412,399.0
416,alpha_alpha028,alpha,lo,-0.3206498119445419,0.2972972972972973,-0.4917543431968013,,v31_412,400.0
417,fractal_dimension,v33_new,hi,-0.32643801379530446,0.43243243243243246,-0.4644256207483185,-0.013557880844683443,v33_new17,
418,gtja_gtja_116,gtja,hi,-0.3271093968114212,0.3513513513513513,-0.48334953249337,-0.0342984350679668,v31_412,401.0
419,gtja_gtja_089,gtja,hi,-0.3303492297453227,0.3783783783783784,-0.5114903436352818,-0.0074093381608749,v31_412,402.0
420,alpha_alpha057,alpha,lo,-0.3352563912362272,0.3243243243243243,-0.4647447053125901,-0.003043057982817,v31_412,403.0
421,gtja_gtja_151,gtja,hi,-0.3391720716209198,0.4054054054054054,-0.4727028364563251,-0.0395692127403533,v31_412,404.0
422,gtja_gtja_068,gtja,hi,-0.3448591536359252,0.2972972972972973,-0.513377242833057,-0.0166588400011076,v31_412,405.0
423,gtja_gtja_138,gtja,hi,-0.3473175932496435,0.3243243243243243,-0.4879704113428769,0.0195374331096398,v31_412,406.0
424,talib_APO,talib,hi,-0.3515102584321143,0.3513513513513513,-0.4941577604346924,-0.0380549056239701,v31_412,407.0
425,gtja_gtja_191,gtja,lo,-0.3517838889865777,0.2972972972972973,-0.5150468361016523,-0.0131934044171778,v31_412,408.0
426,talib_MACD_0,talib,hi,-0.3536146589055245,0.3513513513513513,-0.4957992584880594,-0.0379278748675816,v31_412,409.0
427,gtja_gtja_124,gtja,hi,-0.4129791980177459,0.2432432432432432,-0.5450784129220484,0.0051755836376519,v31_412,410.0
428,talib_MAX2,talib,hi,,,0.0,,v31_412,411.0
429,talib_MIN2,talib,hi,,,0.0,,v31_412,412.0
