factor,top1_old,top1_corr,top2_old,top2_corr,top3_old,top3_corr,verdict
winner_ratio,gtja_gtja_079,0.926,talib_RSI,0.918,gtja_gtja_071,0.889,高冗余
efficiency_ratio,talib_DX,0.554,gtja_gtja_172,0.545,gtja_gtja_186,0.51,新维度
fractal_dimension,gtja_gtja_145,0.328,gtja_gtja_177,0.307,alpha_alpha_custom_argmax_recent,-0.3,新维度
alpha191_040,gtja_gtja_052,0.76,gtja_gtja_094,0.758,gtja_gtja_040,0.726,部分重叠
alpha191_095,gtja_gtja_095,1.0,gtja_gtja_132,0.933,gtja_gtja_070,0.852,重复
mom12m_jt,gtja_gtja_098,0.311,alpha_alpha024,0.31,alpha_alpha039,-0.267,新维度
maxret_bcw,gtja_gtja_159,0.711,talib_NATR,0.664,alpha_alpha_custom_skew_reversal,-0.532,部分重叠
accruals_sloan,gtja_gtja_132,-0.088,gtja_gtja_149,0.081,alpha_alpha039,0.067,新维度
idiovola_clmx,talib_NATR,0.845,gtja_gtja_159,0.778,gtja_gtja_144,0.653,高冗余
gp_novymarx,talib_MAMA_1,0.443,talib_MAMA_0,0.441,talib_MIDPRICE,0.441,新维度
overnight_intraday_spread,alpha_alpha033,-0.92,alpha_alpha101,0.878,talib_BOP,0.877,高冗余
skew21_lottery,alpha_alpha_custom_skew_reversal,-0.902,gtja_gtja_190,-0.734,gtja_gtja_052,0.292,高冗余
pvcorr_21,gtja_gtja_052,0.54,alpha_alpha_custom_skew_reversal,-0.529,gtja_gtja_110,0.527,新维度
kurt21_returns,alpha_alpha_custom_kurt_filter,-0.88,gtja_gtja_076,0.32,alpha_alpha_custom_skew_reversal,-0.233,高冗余
coskew60,gtja_gtja_135,0.349,talib_PPO,0.341,talib_TRIX,0.333,新维度
hl_52w_disposition,gtja_gtja_067,0.661,gtja_gtja_135,0.608,talib_PPO,0.569,部分重叠
resmom_6m,gtja_gtja_135,0.374,gtja_gtja_151,0.311,alpha_alpha024,0.306,新维度
