rank,factor,n_ic_dates,ic_mean,icir,ic_2022,ic_2023,ic_2024,ret_hi_10,ret_hi_20,ret_hi_30,ret_lo_10,ret_lo_20,ret_lo_30,best_dir,best_ret20,win20,mdd20,n_periods,y2022,y2023,y2024
1,alpha191_095,726,-0.09321945868114896,-0.7360802384009199,-0.08770387617809629,-0.12931523890798444,-0.06263926095736612,-0.24450979068972378,-0.2750814473052291,-0.32860078984329444,1.5596175643655523,0.5836473974863543,0.41732294960774774,lo,0.5836473974863543,0.5135135135135135,-0.1782663910421074,37,0.16942244193573175,0.06882906561240021,0.2670064098519114
2,idiovola_clmx,726,-0.07669195076751642,-0.3136824533495526,-0.02158704923821976,-0.11869879344579633,-0.08979000961853319,1.3828577845582077,0.4502906898626855,0.08103592242066959,-0.019561306196401285,0.048396144481801295,0.03677600963259464,hi,0.4502906898626855,0.4864864864864865,-0.27632699766451274,37,-0.18299769044189473,0.0924480609388989,0.6249162304719202
3,maxret_bcw,726,-0.07346961806883347,-0.3703552224815306,-0.04699274740038528,-0.10951074993485416,-0.06390535687126099,0.724242572525271,0.348788835003224,0.10483502132051825,0.058650428708342695,0.00950185888282351,0.06294002414095234,hi,0.348788835003224,0.4594594594594595,-0.2896922583425927,37,-0.22289205199548745,0.2451364867007293,0.3939450432332763
4,efficiency_ratio,726,0.022842578796982663,0.2028553794482504,0.052686379777149996,0.011725901034193662,0.004115455579604322,0.38578616038200253,0.3248173377278267,0.3248734862429026,-0.4554740916465647,-0.3837728906669341,-0.2861848335353503,hi,0.3248173377278267,0.5405405405405406,-0.23859694959138877,37,-0.05599303122133781,0.09376905967211613,0.2830842344632938
5,gp_novymarx,726,-0.024917731873947496,-0.2107998878200672,-0.015063549300034467,-0.025228450343817512,-0.03446119597799051,-0.42887076424498505,-0.32190630735545445,-0.315981041718269,0.013056201563171221,0.15904880390324072,0.04278163050358752,lo,0.15904880390324072,0.5135135135135135,-0.15873956380387144,37,0.04324634340807987,-0.10607690489394805,0.2428384888227597
6,mom12m_jt,726,0.038811756841291095,0.1669289434833138,0.036987083288683165,0.03007162535443649,0.049376561880753615,0.17384272247534627,0.1450674378042649,-0.028880326037391657,-0.5471706563969457,-0.6086328011730712,-0.534147368694645,hi,0.1450674378042649,0.4864864864864865,-0.2463656279300731,37,-0.07505691504957246,-0.1572994412237282,0.4690709573477181
7,kurt21_returns,726,-0.0009362254646424019,-0.010539933455706155,0.027687550367863377,-0.015943396423348962,-0.014552830338441616,0.10675570199272189,0.11026225861150407,-0.10262324506384013,-0.21567042124246993,-0.19042377814919065,-0.18095678566299012,hi,0.11026225861150407,0.43243243243243246,-0.19469254335584063,37,-0.05895003817870348,-0.0991249529281335,0.3096291641526647
8,skew21_lottery,726,-0.0365011602074244,-0.33750744955150924,-0.04367155371473748,-0.06684093639703947,0.001009009489503745,-0.08227586528207886,-0.30430282213358006,-0.27343145899777677,0.018260341097017463,0.015835340140491594,0.062089471597621015,lo,0.015835340140491594,0.43243243243243246,-0.17849336784609815,37,-0.043516966704654436,-0.0828401028087794,0.1579798170409834
9,coskew60,726,-0.056201702299714794,-0.3048982736347979,-0.00995864324968111,-0.07673957937146972,-0.08190688427799357,0.034050659739292666,-0.31825422346998156,-0.21045101665181587,0.10736598219541205,-0.01374186727621074,-0.02098308815994232,lo,-0.01374186727621074,0.43243243243243246,-0.26321577761139425,37,-0.08495490877987122,-0.12904119108304624,0.2375150402356796
10,overnight_intraday_spread,726,-0.0033150470502430886,-0.019763947479549838,-0.010938484017731039,0.004071504128296493,-0.003078161261294717,0.0043691312972600205,-0.03676138767847559,-0.041505643373928036,0.23339242905479196,-0.13945784781585124,-0.1540416861780627,hi,-0.03676138767847559,0.3783783783783784,-0.29803906216016696,37,-0.23229439130720453,-0.06062632819684011,0.33567496526054197
11,pvcorr_21,726,-0.04734301834058848,-0.35742862545361664,-0.08378308864213879,-0.02887068514569324,-0.02937528123393342,-0.1899916460846519,-0.18588967807556045,-0.2272112064579418,0.17297227361279433,-0.038965753162603645,-0.11519877520533417,lo,-0.038965753162603645,0.43243243243243246,-0.21144802949608377,37,0.011810225502963068,-0.10867057286176018,0.0656180179123318
12,alpha191_040,726,-0.050150569036574257,-0.331466725408627,-0.11478475498135486,0.001788734395927839,-0.03745568652429574,-0.359208192613773,-0.09614102185950923,-0.09948992071486806,-0.3540557465184748,-0.23585816795201486,-0.09782761723752376,hi,-0.09614102185950923,0.4864864864864865,-0.28105486777125155,37,-0.2747594946842514,0.06406710964460394,0.17125000328177586
13,accruals_sloan,726,0.022584331363285155,0.15133601396045587,0.04050494309878861,0.04026378154936629,-0.013015730558299432,0.29247121237469,-0.10410114923907254,-0.05318918898509817,-0.053088683603738196,-0.2814749477815901,-0.33250457111259213,hi,-0.10410114923907254,0.4594594594594595,-0.3423021434159952,37,-0.10851619164755533,-0.13773272267837156,0.16547675121936867
14,winner_ratio,726,-0.0358944155631285,-0.20592714312452992,-0.0801015487903974,0.007614972419867692,-0.035196670318855816,0.059388931346916474,-0.11299343251309912,-0.14151644593030632,-0.3562834538607331,-0.3204701488073829,-0.32847950518238445,hi,-0.11299343251309912,0.40540540540540543,-0.32829548292379096,37,-0.3117373224849984,0.06646429324865144,0.20844335100359834
15,resmom_6m,726,-0.009424368423389713,-0.044747811927976396,-0.04657795392168053,0.034190770128588906,-0.015885921477077503,-0.27115735076692526,-0.26272778294940424,-0.3556321744460198,-0.5068042070755205,-0.34754881389143244,-0.2992640188225836,hi,-0.26272778294940424,0.40540540540540543,-0.3994160397317956,37,-0.19394789494030396,-0.23013498609227645,0.18809226431966453
16,hl_52w_disposition,726,-0.009485638236462448,-0.04222235338817268,-0.07804213179265503,0.04083902263011409,0.008746194453153593,-0.3068322074885118,-0.3093394790557381,-0.23018780066819255,-0.4080739237141682,-0.32827127172372284,-0.3834091209897288,hi,-0.3093394790557381,0.3783783783783784,-0.46877661844340335,37,-0.3594004598738244,-0.17074030141831753,0.30013200646492777
17,fractal_dimension,726,-0.013557880844683443,-0.12350610508442773,-0.040331857112000484,0.003011880167110827,-0.00335366558916068,-0.22589627741899465,-0.32643801379530446,-0.21028816815859463,-0.2747121336264505,-0.32956184296213,-0.26404212874964583,hi,-0.32643801379530446,0.43243243243243246,-0.4644256207483185,37,-0.3387474536617586,-0.14832977519647528,0.19602084076276727
