factor,n,mean,std,t,pos_years,mean_bull,mean_bear,recent20_settled
gtja_gtja_030,0,NaN,NaN,NaN,0,NaN,NaN,NaN
talib_MAX2,0,NaN,NaN,NaN,0,NaN,NaN,NaN
talib_MIN2,0,NaN,NaN,NaN,0,NaN,NaN,NaN
l_ami,3886,0.0334872716750184,0.10456424389411961,19.964018422435444,13,0.03111993981204669,0.036233587182534596,0.13298558707738514
gtja_gtja_144,3886,0.027437280562954757,0.11386820604540511,15.020693472797591,13,0.03803958157517318,0.015137668438163365,-0.13461805626440412
talib_NATR,3886,0.026989316210760284,0.12044354512689825,13.968820911961913,12,0.03661849140112873,0.015818616587470094,-0.13630890957860703
r_tv,3886,0.02455135935844718,0.12346807134373088,12.395734818293008,12,0.03125416060140083,0.016775513780879565,-0.15672748809474082
gtja_gtja_159,3886,0.02452147056504878,0.11839639547356834,12.910986550268497,12,0.03604567757883886,0.011152365485682516,-0.15020105176386983
idiovola_clmx,3886,0.02428213290630106,0.12084947038817512,12.525454055616043,14,0.03457858625501659,0.012337331272743795,-0.14071489917545438
l_turna,3886,0.02391188414333897,0.11371658313454575,13.108149738756481,12,0.03897101880461626,0.006441948602435295,-0.16857553840577916
pe,3886,0.021440230795273057,0.10794993357390252,12.381078423767386,10,0.03457515180907152,0.006202554221733644,-0.14560174997063213
gtja_gtja_149,3886,0.017962443527440357,0.12248861564370003,9.141576277121477,11,0.027338775094203356,0.007085064995014396,-0.1383453724241222
p_mdr,3886,0.017906163999232623,0.10020872622295615,11.139056682500598,12,0.0256771740066881,0.00889110125017227,-0.10559431991714407
gtja_gtja_067,3886,0.017905440165589703,0.11138276367504824,10.021169546623113,12,0.026573997942487836,0.007849142177603923,-0.09556185794720222
mom12m_jt,3886,0.01733217920846468,0.10469663937067474,10.319812985020533,12,0.022543426410752233,0.011286668974349004,-0.14842087783530206
maxret_bcw,3886,0.017131284929481988,0.10005644061316543,10.673240289416864,11,0.024522053848615402,0.008557335660870915,-0.10429292698438272
hl_52w_disposition,3886,0.016911544526366167,0.0961022210072704,10.969864079159112,12,0.02244605903284649,0.010491015468542697,-0.1294553001738839
p_m11,3886,0.016585691730156858,0.0960643323519398,10.7627392377162,12,0.024377626699595457,0.007546354164165576,-0.1447428786033767
l_turnm,3886,0.016124230636129347,0.11689937893923373,8.59841090570532,10,0.027539901056124805,0.00288103765862485,-0.194147990542171
r_beta,3886,0.015889313705459426,0.12171778965172511,8.137715081990898,11,0.030853879986235677,-0.0014709141033122086,-0.18629185451676472
gtja_gtja_015,3886,0.015690916351893094,0.09710864428822395,10.072605247245317,13,0.026437310176261095,0.0032241437496384725,0.014255316084179265
alpha_alpha040,3886,0.015556792401368794,0.0721622877462161,13.43882073994373,13,0.01882987235870495,0.01175972854869469,0.044321438676087795
gtja_gtja_042,3886,0.015556792401368794,0.0721622877462161,13.43882073994373,13,0.01882987235870495,0.01175972854869469,0.044321438676087795
gtja_gtja_079,3886,0.014983589870485498,0.10689270005957134,8.73814460918179,13,0.019778887184644618,0.009420618500474327,-0.09345484012551056
p_m6,3886,0.01360025990866322,0.09803264272626226,8.64824323044569,11,0.017535649386837993,0.009034858107134117,-0.13559386823801414
pb,3886,0.013429585714344284,0.10768513047671409,7.77424592578015,10,0.027317332456877196,-0.002681435659566858,-0.15827238639852204
gtja_gtja_063,3886,0.013380664949390133,0.09566234607343391,8.719429417176174,12,0.01594485421885476,0.010405977342179155,-0.06601743999378955
gtja_gtja_057,3886,0.012820914522375973,0.09372684468648677,8.527199148347279,13,0.015160713580243968,0.010106539517500788,-0.058036609148794126
talib_ADX,3886,0.012812004418933444,0.08097039375467954,9.863753860102356,14,0.015406544657907723,0.009802106987727635,-0.011192865403369308
talib_CORREL,3886,0.01247858024771495,0.0783616442752302,9.92688598283243,13,0.019914785640338058,0.0038519206288131482,0.00837084865693301
resmom_6m,3886,0.012244360795380715,0.1056520074541724,7.224532725799196,10,0.01961390407968302,0.0036950351509455787,-0.1458377411625716
gtja_gtja_096,3886,0.011944207773087863,0.09453367503026942,7.876299204467794,12,0.014176943987968671,0.009354035188065015,-0.08447373836533681
gtja_gtja_122,3886,0.011857577938783294,0.11217265966192128,6.589619960593541,10,0.02275059778669067,-0.0007792938914461544,-0.15578147827172864
alpha_alpha006,3886,0.011567572315772556,0.0704691297882465,10.232805337587347,12,0.01607719918776931,0.006336004065712987,0.04115045425767783
gtja_gtja_139,3886,0.011567572315772556,0.0704691297882465,10.232805337587347,12,0.01607719918776931,0.006336004065712987,0.04115045425767783
talib_STOCH_1,3886,0.011482335419028204,0.0896115741098226,7.987622301645842,14,0.013588500513957786,0.009038996590168831,-0.016691051002403486
quick_ratio,3722,0.011306683043231566,0.08704317575755907,7.924806633652427,10,0.0036092166644204585,0.019552438624317492,-0.05093353701402714
talib_STOCH_0,3886,0.010818394328003793,0.08678306235533947,7.771041601681677,13,0.013204366177326043,0.008050454778512127,0.008244674362496441
current_ratio,3722,0.010730223416213406,0.09106379028209859,7.188714336017199,9,0.007805817996467553,0.013862933729519246,-0.047944014137999695
or_yoy,3693,0.010659915660583646,0.07415807081085159,8.7354442989073,11,0.024138285380361075,-0.0035610019736389705,-0.15112258767027364
gtja_gtja_113,3886,0.010654547243150158,0.06874990503110683,9.66082676594575,12,0.011922947376475083,0.0091830902791429,0.09061088315250666
gtja_gtja_028,3886,0.010522286234039262,0.08449695560135471,7.762836651161708,15,0.013010989126149099,0.007635169538189789,0.05479742373296198
gtja_gtja_171,3886,0.009879057421553207,0.07703294685716028,7.994483226337815,12,0.013253757766659255,0.005964104881121736,-0.034060985979200625
p_m3,3886,0.009789672008341407,0.09750243525296977,6.258987388124644,10,0.011302070914035862,0.008035154767549646,-0.18131385349112927
gtja_gtja_164,3886,0.009641606000097074,0.08466907773252087,7.098653025982334,9,0.018633439742841137,-0.0007897208598844688,-0.07766198443159897
assets_turn,3724,0.009467599655250857,0.06984921349977279,8.271479554870892,9,0.01849910759545391,-0.0002172727992685452,-0.017419204444191642
gtja_gtja_053,3886,0.009160191003743875,0.08295448780247804,6.8836065810010565,12,0.01182583054316799,0.00606781206056533,-0.061655711966045613
gtja_gtja_062,3886,0.009139007574455633,0.06488409880486692,8.780356672594111,12,0.012789505795899986,0.004904104968477656,0.002637766172860041
gtja_gtja_112,3886,0.00911748878559934,0.09471511179806193,6.0007752251991695,11,0.009449059437149151,0.008732837340471797,-0.06164624987657852
talib_ADXR,3886,0.008975700010270522,0.08247760862654398,6.783966057797224,12,0.012155327995379363,0.005287048756839726,-0.025304973973728606
gtja_gtja_023,3886,0.008882460495830299,0.08652961312889143,6.399115080123045,10,0.010820100064039162,0.006634626266340646,-0.11682903756880317
talib_CMO,3886,0.008670499519997044,0.09674011204774327,5.587131978305257,11,0.008126969788706149,0.009301042348904213,-0.08049481147195053
gtja_gtja_110,3886,0.008549215990038134,0.0888303155831385,5.999519678860528,11,0.010942472271777099,0.005772825851078021,-0.08083345447834418
gtja_gtja_127,3886,0.00854865592492223,0.09878041167236144,5.394837946255774,9,0.012476128819634986,0.003992438064296582,0.04138541899830814
talib_RSI,3886,0.00845005130288549,0.09953906448524169,5.291967749494788,12,0.009407291763143285,0.007339567233648122,-0.08935159771194423
alpha_alpha003,3886,0.008386709648625366,0.05961100377267885,8.770342840352983,13,0.008769782072639894,0.007942311566958652,0.018424558602995356
gtja_gtja_105,3886,0.008386709648625366,0.05961100377267885,8.770342840352983,13,0.008769782072639894,0.007942311566958652,0.018424558602995356
alpha_alpha011,3886,0.008380814397795722,0.06681680240502956,7.8190129502316035,14,0.010694989077252644,0.005696165950865956,-0.007704620382914818
gtja_gtja_007,3886,0.008380814397795722,0.06681680240502956,7.8190129502316035,14,0.010694989077252644,0.005696165950865956,-0.007704620382914818
gtja_gtja_051,3886,0.008346301153402987,0.08893255331582697,5.850388239827265,12,0.007995082545433347,0.008753745975433328,-0.07447669655389297
gtja_gtja_050,3886,0.008338083481000538,0.08893313462734784,5.844589811240382,12,0.007998838927259541,0.008731637335173638,-0.07447669655389297
talib_DX,3886,0.008326749935360013,0.07727915609970254,6.716832979104438,14,0.008113980566430793,0.008573581326663656,0.006451870346482135
gtja_gtja_136,3886,0.0081135498078077,0.07291582801531916,6.936501626158916,11,0.011480298901234788,0.004207821426494586,0.04543987999815325
alpha_alpha014,3886,0.008109319012794363,0.07291314322850984,6.933139881350834,11,0.011472421148756672,0.004207821426494586,0.04543987999815325
alpha_alpha044,3886,0.00796715530959936,0.06677878141409604,7.4373152615115155,12,0.011224014842997624,0.00418890859131018,0.004968638796748668
gtja_gtja_066,3886,0.007939947420558513,0.0986382592750767,5.017918749629211,12,0.013129900746757529,0.0019191399765466485,0.06822733326576305
talib_WILLR,3886,0.007913230307602822,0.08738967826174368,5.644754559767418,12,0.008604586846775317,0.00711119523408811,-0.022164510221557958
gtja_gtja_170,3886,0.007840777313600954,0.07636077835158545,6.4008871551585065,11,0.003663144603630924,0.012687202808713431,0.012587908633309153
gtja_gtja_019,3886,0.007839761178836545,0.10020704925168418,4.8770359516428865,12,0.014818360569589892,-0.0002560347791969296,0.03621149380889181
gtja_gtja_020,3886,0.007839761178836545,0.10020704925168418,4.8770359516428865,12,0.014818360569589892,-0.0002560347791969296,0.03621149380889181
gtja_gtja_052,3886,0.007801781580750169,0.09516963548240144,5.110304511915729,10,0.010619096396974052,0.00453344582674282,-0.08146991189580899
p_m24,3886,0.007782480778319708,0.08060853208836617,6.018502454002187,8,0.019959852534869395,-0.006344353494008905,-0.20122481960322752
talib_LINEARREG_R2,3886,0.007488310958512133,0.06947452641285166,6.719077854013353,13,0.010956525694513348,0.0034648734076313703,0.021015606761213
gtja_gtja_018,3886,0.007289609745600522,0.09943967694951425,4.569787146624234,12,0.012708255843082937,0.0010034983473538317,0.051791891210487384
talib_PLUS_DI,3886,0.00724642874595183,0.091021944790944,4.962829024745369,10,0.010531071000621211,0.003435951600040211,-0.09922426634261336
grossprofit_margin,3722,0.007203985411859907,0.07316879964862058,6.006688055040198,8,0.010066066329970733,0.004138038963688821,0.019344139571515498
gp_novymarx,3722,0.007203985411859907,0.07316879964862058,6.006688055040198,8,0.010066066329970733,0.004138038963688821,0.019344139571515498
gtja_gtja_027,3886,0.0070410667422470576,0.11475477141160326,3.824891381947004,10,0.012225266081832761,0.0010269344344564027,-0.1272433620162407
gtja_gtja_076,3886,0.0069634176937186714,0.07030594289353691,6.1742158366074165,11,0.010497968793951326,0.0028630240604860372,-0.023235815653811446
gtja_gtja_029,3886,0.0069602482934331585,0.09807881259671304,4.423855481471243,12,0.01339047538310595,-0.000499387024047196,0.03370075217748504
p_pr,3886,0.006957877799509773,0.0931299202372653,4.657350937822825,11,0.016801418880697933,-0.004461505322468937,-0.1450296183770048
efficiency_ratio,3886,0.006750089342021869,0.07636586185854574,5.5101276661923855,12,0.008603760907412002,0.004599665463773243,0.053178354812153786
alpha_alpha024,3886,0.006432832968489163,0.06684695117663762,5.998906158903733,10,0.006088686633121119,0.006832073325305749,-0.05323654328777059
gtja_gtja_098,3886,0.006432832968489163,0.06684695117663762,5.998906158903733,10,0.006088686633121119,0.006832073325305749,-0.05323654328777059
alpha_alpha045,3886,0.0064002028634716325,0.06251571039362579,6.381987758972282,13,0.008541208188888467,0.003916446268616191,0.038309862885518096
gtja_gtja_012,3886,0.006013654930028069,0.07838287834625841,4.782651042894731,9,0.0041127105990949805,0.008218919420665835,0.04764120084973458
alpha_alpha047,3886,0.005947976402104938,0.07819964383431512,4.741501142991243,11,0.0005463813666616757,0.012214307051893754,0.012587908633309153
gtja_gtja_135,3886,0.00588869770684607,0.1132799714696668,3.2405410517495867,8,0.011448982727407334,-0.0005617274392970051,-0.21764058385698898
gtja_gtja_172,3886,0.0056830616346648325,0.07082629223360161,5.001948971556387,14,0.0062002226313507755,0.005083108883089786,0.0441659940956496
talib_COVAR,3886,0.005505599307421406,0.07141821282615594,4.805593374962181,11,0.018423352423996404,-0.009480143190795346,-0.0911823140662216
alpha191_040,3886,0.0054749804608005,0.08622608899403267,3.958177660939844,9,0.00721975784778194,0.0034508835143689676,-0.11828729903397264
alpha_alpha032,3886,0.005430361271835527,0.0706769954909722,4.789630844287233,10,0.007530315063452219,0.0029942281072418185,-0.07209222475301046
talib_STDDEV,3886,0.005394549965774222,0.07047621065610304,4.771600470520902,10,0.018083030632591156,-0.009325216099621501,-0.08998884415258175
talib_VAR,3886,0.005394549965774222,0.07047621065610304,4.771600470520902,10,0.018083030632591156,-0.009325216099621501,-0.08998884415258175
alpha_alpha_custom_kurt_filter,3886,0.0052653913598608,0.06894735624963887,4.760630077702036,12,0.007129164751630524,0.0031032484645726675,-0.04837592741942445
alpha_alpha036,3886,0.0052058504336207154,0.06623412145335938,4.899607650615774,12,0.005039863421568197,0.005398410130204143,-0.058660377977100366
alpha_alpha026,3886,0.005149825171883521,0.06617147255225382,4.851467027293637,12,0.007970312029431197,0.0018778095678246246,0.014998506805680717
gtja_gtja_031,3886,0.005102779284222361,0.10032928672575747,3.1705197064446944,11,0.009524713315004795,-0.0000270574707764849,0.03967241116378205
gtja_gtja_118,3886,0.005031857043654853,0.08919659692859817,3.51666830096178,8,0.007528172954506094,0.002135908568976396,-0.04427864044417647
alpha_alpha_custom_decaylinear_mom,3886,0.005012228076004652,0.0999795512647086,3.1251512393379066,10,0.009223365284586994,0.0001269343826687239,0.05485799346420909
gtja_gtja_174,3886,0.005000976223286982,0.0712441089630606,4.375797625608689,9,0.018444174373894777,-0.010594329246595391,-0.09303773928370336
gtja_gtja_005,3886,0.0049673556613019304,0.0664845627475907,4.6575318917452275,12,0.007123843620925105,0.0024656378337680387,0.016517937844550665
gtja_gtja_180,3886,0.004945101763464697,0.07001560943996749,4.402828383388616,10,0.00784071869640366,0.0015859285900107932,-0.05200826575510449
talib_AVGDEV,3886,0.004944163610675908,0.07137790037795688,4.3179783732044825,10,0.017009389251532534,-0.00905257119336394,-0.08918410976083987
alpha_alpha096,3886,0.004895504748908925,0.06274207721486662,4.863959846203134,11,0.005619016681158917,0.004056166559578316,0.03256775834748085
alpha_alpha_custom_skew_reversal,3886,0.004863776461167171,0.06266291335287871,4.838540959820185,10,0.0035064293154500165,0.006438419870345391,-0.010493415062702512
gtja_gtja_058,3886,0.004817845345217598,0.08763066004379277,3.427268819152964,9,0.005330920536771079,0.004222632490980718,-0.1326146748089574
gtja_gtja_069,3886,0.004725303381977347,0.09343710520989809,3.1525480878364145,11,0.007506953185221975,0.0014983422150115222,-0.11935542857673101
gtja_gtja_022,3886,0.004659354465184005,0.0934791502754865,3.107151239782725,11,0.005612419858057875,0.003553713845435394,0.10722351645630537
talib_TRIX,3886,0.004619316227429739,0.11476978552138686,2.5090049716855405,8,0.011918440786309518,-0.003848317432593682,-0.21061396825461465
alpha_alpha054,3886,0.004456629723690589,0.06586537419518776,4.217943779044012,15,0.0062849441749362545,0.0023356223530682074,-0.0483893593064528
alpha_alpha085,3886,0.004432381693035973,0.06802324429356225,4.0619185337222685,14,0.0052558944897149705,0.0034770336070609983,-0.030311318100326595
gtja_gtja_115,3886,0.004217489838368588,0.06822058047890388,3.8538076293891157,14,0.005227120109384464,0.0030462289291911934,-0.03423801718634499
gtja_gtja_078,3886,0.004154316510367139,0.08036791329649226,3.2223171826277266,9,0.003555759898585116,0.004848695414641209,-0.002101846955071295
p_52w,3886,0.004125892441391452,0.10587237929771183,2.429330634431264,9,0.006184066342310177,0.0017382276658398288,-0.09872867990286666
alpha_alpha055,3886,0.004031959068288517,0.059474448074470214,4.226073945261824,11,0.0050207443103144405,0.0028848802466608656,0.019031592956321574
talib_ULTOSC,3886,0.003963177542621975,0.08619619084645654,2.8662023786245285,10,0.002584909854683417,0.005562090641414516,-0.06761541730824869
alpha_alpha022,3886,0.00395975475052876,0.06231076668391565,3.9614720056864985,14,0.006223035083848698,0.0013341482715745177,-0.005328574633519107
gtja_gtja_104,3886,0.00395975475052876,0.06231076668391565,3.9614720056864985,14,0.006223035083848698,0.0013341482715745177,-0.005328574633519107
gtja_gtja_189,3886,0.0039053327408787243,0.07016194278514311,3.4698270950893915,10,0.015599609556592326,-0.009661068434437712,-0.1094416602187003
alpha_alpha060,3886,0.0037880235120864624,0.07426740400917553,3.179551180997578,13,0.0038553064204961108,0.003709969354303844,-0.035900365806993934
alpha_alpha083,3886,0.0037560803358720612,0.0658491608821245,3.555789352089165,13,0.004199290643584098,0.0032419169605552023,-0.05247228784730583
gtja_gtja_114,3886,0.0037560803358720612,0.0658491608821245,3.555789352089165,13,0.004199290643584098,0.0032419169605552023,-0.05247228784730583
gtja_gtja_160,3886,0.00370489047206944,0.07044816845475067,3.278363188674478,10,0.0179221093816285,-0.012788347918286206,-0.06493944440672009
gtja_gtja_186,3886,0.003566462048975287,0.07343349325448414,3.027574345630205,10,0.002033565425467589,0.005344758465462541,0.04475638906859729
p_m1,3886,0.003439294043735992,0.0966639641054557,2.217972229670356,7,0.00524407800873036,0.0013455841299265063,-0.11421094482874813
alpha_alpha101,3886,0.0034049573592924293,0.08082108511107626,2.626264107584607,12,0.0031305924864301156,0.0037232450133578465,-0.001317616134480995
talib_BOP,3886,0.003298218123366949,0.08076832457589114,2.5455972750105755,11,0.003206499456145623,0.00340461993464596,-0.0025568752502274665
gtja_gtja_168,3886,0.0032413676218279786,0.07954046512588298,2.5403383300572764,9,0.008633391873443272,-0.0030138600675111305,0.024426649054302613
gtja_gtja_024,3886,0.0032030971153932304,0.07614421630244966,2.622313332077266,8,0.004132202084384922,0.002125252718347298,-0.02465923837228868
gtja_gtja_128,3886,0.003150406359970749,0.09128302610120088,2.151433588122787,10,0.003560203189958643,0.002675005590551782,-0.1109145058561037
gtja_gtja_187,3886,0.0031474417014363894,0.06899921723816525,2.8435765785510942,8,0.017307360379604207,-0.01327932332432026,-0.11808850849786896
alpha_alpha013,3886,0.003136621118734334,0.0733425846845132,2.6659822219545246,11,0.002566507038672461,0.0037980041565826503,0.02013292703464971
gtja_gtja_099,3886,0.003136621118734334,0.0733425846845132,2.6659822219545246,11,0.002566507038672461,0.0037980041565826503,0.02013292703464971
ocf_yoy,3693,0.003037223230608625,0.059615298533342596,3.0960548299198387,9,0.005998570379731894,-0.00008726992172179322,0.10484667604108641
gtja_gtja_156,3886,0.0030188760791318675,0.07587755346835007,2.48018093358188,9,0.0027630844126816777,0.003315617161889834,0.07365861487204861
gtja_gtja_167,3886,0.002907729379539611,0.07068275173146532,2.5644364062027654,8,0.015747514796926928,-0.011987563653304941,-0.08131212085538356
alpha_alpha038,3886,0.00288181874154375,0.08876526442657585,2.0238345610496102,12,0.0035745620331521836,0.0020781749118679417,-0.050525062290315614
talib_MFI,3886,0.0028655805884700842,0.0908697281573184,1.9658247364112234,9,0.002999686943240975,0.002710005289744768,-0.11201305438872391
alpha_alpha100,671,0.0028624360827094286,0.05256037688868917,1.4107127352271456,9,0.0007454130317914656,0.005387643316647532,NaN
talib_AROONOSC,3886,0.0028238421145147284,0.08291769599751582,2.1229735471006377,9,0.003187288168133958,0.0024022123680426067,-0.06517701379531346
talib_ROC,3886,0.0028169168920693984,0.10019225929892088,1.752634119462203,7,0.007088914213126067,-0.002138979944531636,0.007536074174310988
talib_ROCP,3886,0.0028169168920693984,0.10019225929892088,1.752634119462203,7,0.007088914213126067,-0.002138979944531636,0.007536074174310988
talib_ROCR,3886,0.0028169168920693984,0.10019225929892088,1.752634119462203,7,0.007088914213126067,-0.002138979944531636,0.007536074174310988
talib_ROCR100,3886,0.0028169168920693984,0.10019225929892088,1.752634119462203,7,0.007088914213126067,-0.002138979944531636,0.007536074174310988
gtja_gtja_162,3886,0.002815918545814572,0.0755754138238863,2.322688405360647,8,0.005664307496293893,-0.0004884659676097574,0.07522553901185237
gtja_gtja_048,3886,0.0027590369469506115,0.07940237577810237,2.166084611535606,11,0.0007972651536519931,0.0050348667038234395,-0.015149286067228748
gtja_gtja_146,3886,0.002718605005670565,0.069947213532816,2.4228531469967156,10,0.003425660917741827,0.0018983572633177578,-0.023533574570331367
alpha_alpha087,3886,0.0026733842743133737,0.06703409589613492,2.4860910521331974,8,0.00715563487055921,-0.002526425061075764,-0.07808445129354022
gtja_gtja_001,3886,0.0026678252421502083,0.06261386982794784,2.6560621259280555,9,0.003436614496626967,0.0017759613321485198,0.018730587429968727
alpha_alpha010,3886,0.002651576004065271,0.06558157313849361,2.520424239959708,12,0.0035804455807532144,0.0015740046830270556,-0.029028118244551933
alpha_alpha012,3886,0.002637370179474149,0.06079237457204506,2.70441528359081,11,0.003373763253091972,0.0017830887205300678,0.022945321180333468
talib_CCI,3886,0.002615707960162695,0.08029292243789816,2.0307823795919218,8,0.0011134871825068014,0.004358417667204304,0.03373846893675802
alpha_alpha009,3886,0.0025443530164291754,0.06875659687657089,2.3068236331992424,13,0.003868824555209601,0.0010078482351980687,-0.017625779066908355
gtja_gtja_158,3886,0.0025246001412563227,0.11643616624784812,1.351624646960542,10,0.000301380013516561,0.005103733218851049,-0.11225284223112604
alpha_alpha080,3886,0.0025111874702472264,0.06419328027369638,2.43860221974894,9,0.005290268709978099,-0.0007127939345989453,0.053230585363616946
alpha_alpha097,3886,0.0025021862691852518,0.06031508964719397,2.5860984654840355,10,0.0016796208542127025,0.0034564353081222798,0.023109787213635512
alpha_alpha057,3886,0.0023834733736896115,0.06420444302039408,2.314177248781857,13,0.0038581545583478575,0.0006727120438498464,-0.038168238085755715
alpha_alpha001,3886,0.0023612554211975743,0.06551339907033767,2.246799057228855,9,0.005251202816393892,-0.000991340584235839,0.0003424280569633042
gtja_gtja_141,3886,0.002282557787640873,0.06475006390134627,2.1975207155315246,12,0.002518263626005904,0.002009118051861101,-0.016379275012097072
talib_PPO,3886,0.00225937446389474,0.11466223637506785,1.2283417288256915,9,0.006673722055225032,-0.0028616613466145957,-0.17889216296772634
talib_AROON_1,3886,0.002256933381895205,0.07351638448689841,1.9137534978542485,9,0.004838191442459204,-0.0007375555410603565,-0.04666375215884869
alpha_alpha016,3886,0.0022374866894073445,0.07106835940313397,1.9626170535939482,10,0.0019937949920591767,0.0025201907318562872,0.006712895411452456
gtja_gtja_083,3886,0.0022374866894073445,0.07106835940313397,1.9626170535939482,10,0.0019937949920591767,0.0025201907318562872,0.006712895411452456
gtja_gtja_151,3886,0.00223441619749156,0.07529792150118286,1.849832819909422,10,0.010480012486505522,-0.007331208847073276,-0.20928465942987912
alpha_alpha004,3886,0.0021088513681248896,0.07348725330134882,1.788897076158903,10,0.004428392745256351,-0.0005820229254122509,0.010779069629752825
gtja_gtja_181,3886,0.0020470286914867374,0.09166275485597286,1.3921384294880603,10,0.004213700649590737,-0.0004665034800324742,-0.00365514359895438
talib_TRANGE,3886,0.0019787072739069823,0.07204411621091866,1.7121209046289152,9,0.012951932872687406,-0.010751210360698213,-0.09129671358715324
gtja_gtja_092,3886,0.0019262671015274064,0.07031392431914327,1.7077589418595451,8,0.00434701063932924,-0.0008820106991354002,-0.040447536797729264
talib_LINEARREG_ANGLE,3886,0.0018972041246980579,0.07558084714919211,1.5647814986357806,7,0.0019103740734483377,0.001881925812834893,-0.04449326190603263
talib_LINEARREG_SLOPE,3886,0.0018972041246980579,0.07558084714919211,1.5647814986357806,7,0.0019103740734483377,0.001881925812834893,-0.04449326190603263
gtja_gtja_103,3886,0.0018697610246985721,0.07760417178739111,1.5019394756568833,7,0.007150536977868114,-0.0042564087442090726,0.11956473659346852
gtja_gtja_177,3886,0.0018108969331137477,0.07376050104203595,1.5304574960328106,10,0.0056025431694111385,-0.0025877499235581036,-0.04810506281944213
alpha_alpha005,3886,0.0017843071521808998,0.07168342680221748,1.551680332886359,11,0.0038477145922294507,-0.0006094289942233963,-0.05593176101976967
gtja_gtja_073,3886,0.0017731742235306295,0.07519923795786156,1.4699053395620214,9,0.0047510043816750575,-0.0016813736030660328,0.011279258538585472
alpha_alpha042,3886,0.0017724921498796578,0.08078215723431031,1.3677926689609703,8,-0.006539206603113415,0.011414801931700958,0.047070598999891855
gtja_gtja_120,3886,0.0017724921498796578,0.08078215723431031,1.3677926689609703,8,-0.006539206603113415,0.011414801931700958,0.047070598999891855
gtja_gtja_021,3886,0.0017658048387534406,0.07499877963953129,1.4677088184295248,8,0.001579664635913722,0.0019817440290405344,-0.005466850388782135
alpha_alpha048,3886,0.001678026816865972,0.05384888403767784,1.9425561780309966,8,0.002475242767441821,0.000753185411167368,-0.003401810972928067
alpha_alpha043,3886,0.0015729720516509484,0.0735412952336562,1.3333406795969505,10,0.001752928735854732,0.0013642062929331497,-0.02852231753028499
gtja_gtja_191,3886,0.0015581714149520208,0.0669457942325685,1.4509195491128464,10,0.00178880517104469,0.0012906157457105545,-0.019973931429032053
gtja_gtja_185,3886,0.0014687036139103956,0.10061799393991615,0.909934029521331,6,0.004826915681655693,-0.002427121058343337,0.08596925787120334
gtja_gtja_161,3886,0.0014549110085801042,0.06797125888729151,1.334327737908617,9,0.014097885774605473,-0.013212064164679993,-0.07904115088179145
alpha_alpha076,3886,0.001435747840012639,0.06582644906523015,1.3596563055567599,11,0.008780944403155756,-0.007085333442521925,-0.017882838630022928
alpha_alpha052,3886,0.001422483626304646,0.06972714933611501,1.2717354091150868,12,0.0012036667734951325,0.0016763306367623804,-0.016671623738696767
gtja_gtja_119,3886,0.0013850095523595695,0.0632582013822941,1.3648575514570689,11,-0.0021157388347080586,0.00544618903196498,-0.009093991777977227
talib_MACD_1,3886,0.0013771540801604345,0.0776673528130064,1.1053388326327593,9,0.008809320326969227,-0.007244819770362055,-0.19345510057744508
alpha_alpha028,3772,0.0013693521854945866,0.06817553650787415,1.2335945346504729,10,0.0027971511714668176,-0.00029805444639941485,-0.019973931429032053
alpha_alpha069,3886,0.001272418854303546,0.06303144030118864,1.2584160895027503,11,0.002421244927265454,-0.00006032156496908182,0.006000910525548924
alpha_alpha089,3886,0.0012226599813582389,0.06260073547554526,1.2175243612648634,12,0.0015959622702036366,0.0007895961254269724,0.01935572781967933
talib_ATR,3886,0.0012117843775883014,0.0667165489226076,1.1322522013091445,8,0.014011530065293426,-0.013637059007759456,-0.07629077749956685
alpha_alpha025,3886,0.001202078070584805,0.06710980323145402,1.1166012423114908,11,0.00045925301321208395,0.0020638212027342512,-0.02255546924653
gtja_gtja_111,3886,0.0011987305363087403,0.06664031512055692,1.1213364108046164,12,0.0009821423813843489,0.0014499920590031324,-0.05991835017630914
gtja_gtja_163,3886,0.0011898710996531493,0.06705361092986274,1.1061885116576402,11,0.0003819673196195354,0.0021271113380801287,-0.02255546924653
alpha_alpha027,3886,0.0011803906010032523,0.06820283531921964,1.0788838968917482,10,0.002926163371798103,-0.000844861079179598,0.08803050930044418
talib_AROON_0,3886,0.0011803319559294807,0.07562088299063743,0.9730021925254692,7,0.005172205518533748,-0.003450596407136163,0.09260656333356812
gtja_gtja_043,3886,0.0011629738208627002,0.06315777911196874,1.1478747066332728,6,0.0039713701612160675,-0.002095015707940782,0.0004711152585148355
gtja_gtja_008,3886,0.001157323246925617,0.07312687223846033,0.9865726604017925,9,0.0020106762245017834,0.00016735789717495334,0.01766297089394785
gtja_gtja_182,3886,0.0011170617448788016,0.07818534990820054,0.8906420440564662,7,0.00702355489967182,-0.005734995628135669,-0.11354055055811423
gtja_gtja_175,3886,0.0010910206781558668,0.06901543666839259,0.9854580453153052,9,0.013397883472641304,-0.013186034714890884,-0.08692519609900624
alpha_alpha_custom_argmin_recent,3886,0.0010188250816360854,0.07439686860628393,0.8536824817361004,7,0.00665409634230992,-0.005518590772186212,0.11251271426955503
gtja_gtja_123,3886,0.0010045216669294708,0.0649733746315074,0.9637741693169942,9,0.00020764224881649658,0.0019289726650405011,0.035421249367760074
alpha_alpha084,3886,0.0009680850536563081,0.07340950601774049,0.8220772147555723,8,0.0008305783185212952,0.0011276050960280523,0.08838872960630272
alpha_alpha067,3886,0.0009502243445113316,0.06695015553641058,0.8847609783443697,9,-0.004344710854985154,0.007092820098457517,0.05909287134139346
gtja_gtja_091,3886,0.000868999286789805,0.07804306505115,0.6941231041931367,10,0.006974898737552281,-0.006214387124405988,-0.0650870508157496
gtja_gtja_155,3886,0.0008663841723285813,0.0677101727655535,0.7976419481278667,9,-0.0016481213328359925,0.0037834341941620745,-0.04440825512859961
gtja_gtja_088,3886,0.0008052222429843456,0.11154807360952966,0.4499923040640897,8,0.0030884863516864253,-0.0018435671927362243,-0.13257322222969428
alpha_alpha056,3886,0.0008010880533667666,0.0675146209958763,0.739662870955219,10,-0.0009469712952917644,0.002828992367235778,-0.04156814777274806
talib_MACD_0,3886,0.000768959115757244,0.07775908372866679,0.6164580285254234,9,0.007142633737960762,-0.006625070309778467,-0.16688955337482117
talib_MOM,3886,0.0007667849280334023,0.07384905598014706,0.6472618608636015,7,0.0005061381734647369,0.001069158344812062,0.004875330665347991
gtja_gtja_165,3886,0.0007579066692819304,0.07093092919317047,0.6660877970693764,7,0.009139081424538911,-0.008965001454242982,-0.1980415588939973
gtja_gtja_080,3886,0.0007325073316854384,0.07806423726155459,0.5849399086786241,10,-0.002723224724647649,0.004741463863962892,-0.010852393087808873
gtja_gtja_055,3886,0.0007227971079548277,0.0768730132412379,0.5861299308046216,7,0.0016245419371626643,-0.0003233070935775528,-0.1093603667521192
gtja_gtja_017,3886,0.0007020672405194867,0.06145139926440034,0.7121940319548666,9,0.002253317918707817,-0.001097521511775708,-0.046819886766653065
alpha_alpha070,3886,0.0006549769422064546,0.06593268950739017,0.6192651174767,10,0.003896562529814151,-0.0031055506405268793,-0.08586046530034225
gtja_gtja_131,3886,0.0006510243187191996,0.07468887517684074,0.5433662886348407,8,0.002148949889756098,-0.0010867025666360028,-0.028729500574097712
talib_MINUS_DI,3886,0.0006437099395478498,0.09560850085533705,0.4197059291459215,8,0.0067442834333309035,-0.006433497887870245,0.06870166943842906
alpha_alpha018,3886,0.0006219528761181043,0.06772492895287853,0.5724800016095177,10,-0.0007493940411042967,0.0022128372653583204,0.004260524379136136
alpha_alpha008,3886,0.000596525245192387,0.07050619241110653,0.5274155909278266,8,0.0010746316366545292,0.0000418793091270772,-0.07621144044199976
alpha_alpha082,3886,0.0005886091333998322,0.06208118320880533,0.5910420891399067,9,-0.0009042512966527123,0.002320460004728171,0.07353151448743313
gtja_gtja_038,3886,0.0005817495238898797,0.07032258086025353,0.5156946586342661,10,-0.0009143750945834714,0.002317387144097714,-0.006307476321663352
alpha_alpha023,3886,0.000581068713635197,0.07032577137421074,0.515067782647658,10,-0.0009162558701958952,0.002318098400380887,-0.006307476321663352
alpha_alpha098,3886,0.0005615716366991771,0.06350546336195784,0.5512460281562735,8,-0.0009900846430063472,0.0023616309228278193,-0.013264357446296606
alpha_alpha033,3886,0.0005191169831438622,0.09253658552807331,0.3497060650734311,8,-0.00015622542464790995,0.001302574239987338,-0.021646485822273378
gtja_gtja_090,3886,0.0005089602565811402,0.056890148923143626,0.5576968579877284,8,0.0005353088785527585,0.0004783935116924514,-0.008339833098232248
gtja_gtja_044,3886,0.0004357988757408562,0.07476084270045896,0.36338191996246333,9,0.0002818843173211612,0.0006143534524067281,0.06521855097704085
talib_APO,3886,0.0004096124830147883,0.07731679901832833,0.33025599930671223,7,0.0064376040439683615,-0.006583393847007517,-0.16688955337482117
alpha_alpha099,3886,0.00039479362358555234,0.06539868890421155,0.37631582823334175,9,0.000015873347464194778,0.0008343748444111588,0.03426825731315421
talib_MACD_2,3886,0.0003394170033300922,0.0719114730031576,0.2942299024765079,8,-0.0020764775259922885,0.003142069522894185,0.05270345121867237
alpha_alpha088,3886,0.000330151457321302,0.06186311431713228,0.3326847064963697,8,-0.001339144105370852,0.0022666827743521834,0.01934215180661727
gtja_gtja_071,3886,0.00018626466909285299,0.10903180978775051,0.10649486374243686,6,0.0021125872257368675,-0.002048440820465817,-0.04423894105351507
alpha_alpha019,3886,0.00017622078257832754,0.08255029763729312,0.13307297921835043,11,-0.004620952071266659,0.005741367945432402,-0.04550635013077295
alpha_alpha090,3886,0.0001684551986346234,0.06938713112615459,0.15134109932405146,10,0.0043804862580864535,-0.0047178754412074975,-0.042582562245007075
alpha_alpha078,3886,0.00013233860262733474,0.06860743182638945,0.12024493158345015,9,0.0003179791950917002,-0.00008302099518984994,-0.058342647733061706
alpha_alpha029,3886,0.00006919966723176616,0.07583957458516559,0.0568799905531472,10,-0.0020566138743614722,0.0025353324417204245,0.039313619626501525
gtja_gtja_129,3886,0.00002387922683823107,0.07090060838054414,0.020995281264930162,8,0.011984818151436255,-0.013851873711258518,-0.09279193908507513
gtja_gtja_033,3886,-6.745915686341686e-6,0.07543431540189485,-0.005574723777443646,8,-0.0007726192780209147,0.0008817353000959014,0.004805765133504875
alpha_alpha091,3886,-8.016123488160906e-6,0.07288876597697096,-0.00685575357878607,9,-0.00025533880777656637,0.00027890018674524915,-0.014151398737924713
alpha_alpha092,3886,-0.00008773611474345297,0.06765459108183805,-0.08084115741603407,9,0.0009033553402901018,-0.0012374903485705918,0.026733758845689397
gtja_gtja_087,3886,-0.00013137802666819733,0.06966627491309627,-0.11755782513881671,8,0.0017247104870412035,-0.00228460577992641,-0.035988610580535346
alpha_alpha050,3886,-0.00013846040580124718,0.05381610208701881,-0.1603853732708075,9,-0.0018668365335085429,0.0018666096211721519,-0.005111675639074057
gtja_gtja_016,3886,-0.00013846040580124718,0.05381610208701881,-0.1603853732708075,9,-0.0018668365335085429,0.0018666096211721519,-0.005111675639074057
gtja_gtja_137,3886,-0.00013952195608357367,0.07167038025139068,-0.12135404181166254,7,0.0001633643794345231,-0.0004908970434800563,0.025033711956367576
gtja_gtja_014,3886,-0.000145598880895364,0.07355183244123698,-0.1234002210420238,9,-0.000020275512889804817,-0.00029098513382899103,0.022579306856504465
gtja_gtja_157,3886,-0.00015442520368763772,0.07516396126535575,-0.12807368945497546,9,-0.00218732067335313,0.002203914343389558,0.036792817330957885
gtja_gtja_147,3886,-0.00017179338745112007,0.0770571722292378,-0.13897758905877,6,0.001826051256875153,-0.0024894708597740507,-0.14646617271254403
gtja_gtja_003,3886,-0.00017604194253993297,0.07201862940051576,-0.1523781504790223,7,-0.00017967438311528911,-0.0001718279884094369,0.029739190340196987
gtja_gtja_002,3886,-0.00019925150098139304,0.07157620116430562,-0.1735339108988509,6,-0.0006581919235550418,0.0003331602065845922,-0.004336914307399978
alpha_alpha081,3886,-0.0002062334351400279,0.06492840124683098,-0.1980048208306208,9,-0.00043685284268361424,0.00006130558850837148,0.06544810884980914
alpha_alpha058,3886,-0.0002263317862231525,0.0656354061784763,-0.21496055338536174,9,0.0014404756588340393,-0.002159976665508536,0.06409737481918312
accruals_sloan,3467,-0.00023681557437825335,0.07279105417400648,-0.1915619160229499,9,-0.006516137715966131,0.006381024526264427,-0.034712634334090324
gtja_gtja_037,3886,-0.00029829309718479015,0.06998806345738619,-0.265687195316885,8,-0.0003583784470431218,-0.0002285887474603099,-0.0783863155135802
gtja_gtja_089,3886,-0.0003348426106054569,0.07182942294850277,-0.2905960719339839,8,-0.0032626404342020413,0.0030616632581249915,0.05270345121867237
gtja_gtja_116,3886,-0.000371977710217916,0.0773481403779904,-0.2997908943512665,6,0.0011225632517750151,-0.0021057781480607303,-0.11457886158626356
gtja_gtja_061,3886,-0.0004041120453378108,0.07279038235426762,-0.34608214411246674,7,0.0016944346470972986,-0.002838612849735847,-0.036419094240177044
alpha_alpha015,3886,-0.00043159527447377395,0.05324655027825861,-0.5052852287729577,8,-0.001084627678851298,0.00032598039419542155,-0.006165715504775231
gtja_gtja_068,3886,-0.00045478383817450376,0.07246837117116638,-0.39120817386251083,8,-0.0007498412163882989,-0.00011249103754517146,-0.031748260844075255
alpha_alpha053,3886,-0.0005174643206721529,0.06826992087204947,-0.4725006482412096,7,-0.0012101521706225661,0.00028611519174947896,-0.05606390552283831
alpha_alpha066,3886,-0.0005358669414024008,0.0695642992088361,-0.48019977120770585,7,-0.000023082591097445855,-0.0011307423939240547,-0.04011314778392635
alpha_alpha002,3886,-0.0005429692196032579,0.059693422066666064,-0.5670222900701511,9,-0.002809709649349619,0.002086651278940743,0.03681716143158885
gtja_gtja_178,3886,-0.000547511093646826,0.0800845924270334,-0.4261822436108982,6,-0.00017594120988786974,-0.0009785652056006683,0.042338401011663356
gtja_gtja_026,3886,-0.000549231915570643,0.07415347618720607,-0.4617167700327833,8,0.00013927992732856243,-0.0013479668884059039,-0.018997512488781145
alpha_alpha072,3886,-0.000580464382075004,0.06350894438861701,-0.5697601617542912,7,-0.0012952184384658657,0.0002487138923484091,-0.03471513107715636
alpha_alpha_custom_zscore_5d,3886,-0.000583513961688509,0.07634225154734556,-0.4764723301745377,8,-0.0009505386410297771,-0.00015773269110194583,-0.019091582300187274
fcff,3723,-0.0006851455352556144,0.054580147717087954,-0.7659398103083155,5,0.002120053895109119,-0.0036917198829921004,0.0333807521112439
gtja_gtja_138,3886,-0.0007495484606641955,0.07348209318622158,-0.6358718443744782,7,0.00008080596894246986,-0.0017128334493185192,0.08420470514366622
gtja_gtja_046,3886,-0.0007514470835796043,0.10293073537391909,-0.4550977890089271,10,-0.0017458869824569835,0.0004021916429112795,-0.014729371946915717
talib_MINMAX_1,3886,-0.0008220627125676944,0.06544178258901867,-0.7830711551139945,8,0.009300880108143296,-0.012565576701908348,-0.0666355606946383
gtja_gtja_190,3886,-0.00086246821014506,0.07324148719851083,-0.7340697703848965,8,-0.0019948289791543467,0.00045117099214642077,0.002105265807492058
talib_MIDPRICE,3886,-0.0008812278720193296,0.06529792514822629,-0.8412793731519619,8,0.009301849822809571,-0.012694503663630162,-0.06227755970509944
talib_KAMA,3886,-0.0009042562418479393,0.06527730672927455,-0.8635364727924248,8,0.009017909559610963,-0.012414851032089592,-0.054222118381730536
gtja_gtja_085,3886,-0.000918951748331791,0.07185737711560147,-0.7972100137774175,8,-0.002582762972266568,0.0010112172479727493,-0.06157747590241887
netprofit_yoy,3693,-0.0009530980795532504,0.08153719464729285,-0.7103485247305203,5,0.004971014834397308,-0.007203581154038647,0.01203151610623451
gtja_gtja_032,3886,-0.0009620631570483084,0.05335734592931768,-1.1239856379123434,9,-0.0013596094359430012,-0.0005008741164406215,0.0009635896811951379
alpha_alpha079,3886,-0.0009754203780911301,0.06410499551377072,-0.9485306045025589,6,0.003764348817357427,-0.006473974191821602,0.05820430493639402
alpha_alpha059,3886,-0.0009854634231851425,0.06441552774747894,-0.953677063981273,8,0.001228237334781409,-0.003553553185206394,0.05654160712698223
gtja_gtja_153,3886,-0.0010207696884416177,0.06543623943403808,-0.9724355564725788,8,0.009640882824629654,-0.013389234832843896,-0.05412327125533387
alpha_alpha049,3886,-0.0010441696715433656,0.07258646850761774,-0.8967405423002109,8,-0.0017433521294581058,-0.000233055836263733,-0.006182887630019659
alpha_alpha063,3886,-0.001050511010565,0.06815970777446295,-0.9607807357826347,8,-0.0006162534832809206,-0.0015542883643403635,-0.01025629383658256
talib_BBANDS_0,3886,-0.001066033289319111,0.06535975643364854,-1.0167442835534033,8,0.009170555063022206,-0.012941386202791194,-0.06249740535819261
talib_WMA,3886,-0.0010719110485924175,0.06553505117942575,-1.0196156720096796,8,0.009568809523713017,-0.013416093280055113,-0.056639178865196246
talib_HT_TRENDLINE,3886,-0.0010794797477778886,0.06545966952520316,-1.0279975703008362,8,0.00905544538129153,-0.012836894280500416,-0.05184576673911676
talib_MIDPOINT,3886,-0.0010858399648924978,0.06590414856685038,-1.0270804580940567,8,0.00924762794535436,-0.013073581781838116,-0.06227755970509944
gtja_gtja_101,3886,-0.001096524355182546,0.06377321295988829,-1.0718435091768248,7,0.00007287341918945828,-0.002453129777703035,0.05342306502728121
alpha_alpha075,3886,-0.001100081467032342,0.06601636805049069,-1.0387824851216827,7,0.00022670577474151517,-0.0026392726696905116,0.06626413442171122
alpha_alpha034,3886,-0.0011481225218897323,0.06984503297319251,-1.0247173919396524,5,-0.0005092273667717962,-0.001889297724074913,-0.02373422677166404
alpha_alpha051,3886,-0.001183193090842828,0.07247083301323233,-1.0177562297415594,7,-0.0016206990199537372,-0.0006756473020410177,-0.00789081112482282
talib_LINEARREG,3886,-0.0011894386862953503,0.0653430527022432,-1.1347339206662763,8,0.008745166744248778,-0.012714464552635326,-0.05074143056562582
talib_SMA,3886,-0.0012259529303350572,0.06573452680265482,-1.1626035715992848,8,0.00909155324046494,-0.01319517770991235,-0.060521715277939966
talib_SUM,3886,-0.0012259529303350572,0.06573452680265482,-1.1626035715992848,8,0.00909155324046494,-0.01319517770991235,-0.060521715277939966
talib_TRIMA,3886,-0.001283785999087635,0.06562508110485554,-1.219478588878172,8,0.00901133631071958,-0.013227043509130773,-0.05962200340055274
talib_LINEARREG_INTERCEPT,3886,-0.001288366042648295,0.06619716274182556,-1.2132527704514824,8,0.00876235901727003,-0.012948101006544612,-0.04766894728493865
gtja_gtja_093,3886,-0.001294613643394084,0.0688860281070554,-1.1715489328243798,8,0.009785860155416604,-0.014148948728506888,-0.04499400964551986
talib_TSF,3886,-0.0013083144638073555,0.0651458035269222,-1.2519214923113804,8,0.008547737962840314,-0.012742211859256896,-0.04956306099804636
alpha_alpha074,3886,-0.0013181202428270017,0.06423251670735361,-1.2792384039744267,9,0.0001299955779018783,-0.0029980633878304405,0.05002942177818444
gtja_gtja_133,3886,-0.0013318057746523708,0.08064847605101694,-1.0294283542466856,8,-0.0016811176104596737,-0.0009265729779153786,-0.10723224710187262
gtja_gtja_041,3886,-0.0014013172175804508,0.06991553483451754,-1.2494364501963684,9,-0.0066707982276436005,0.004711749412770745,0.06165720868914483
talib_BBANDS_2,3886,-0.001406290833059075,0.067024942287577,-1.3079468457012293,8,0.008497298508300388,-0.012895335277426602,-0.02908397693103352
alpha_alpha073,3886,-0.0014273566040279976,0.07128957283599828,-1.2481244017708704,6,-0.00010585789302345195,-0.0029604126406408272,0.0761044612233697
gtja_gtja_142,3886,-0.0014598531718008853,0.07268065564138511,-1.2521078524466305,8,0.0003123048981887579,-0.003515714145713263,-0.06315060190167787
alpha_alpha017,3886,-0.0014980327718858047,0.07278358472867774,-1.2830372654644844,6,0.00012306967865115918,-0.0033786557926032174,-0.06315060190167787
gtja_gtja_064,3886,-0.0015068763090836414,0.05320745003889434,-1.7654546117609176,7,0.0014341565249019045,-0.004918735966964609,-0.041145238235906684
gtja_gtja_108,3886,-0.001531607676476929,0.07020169993225465,-1.360038815915767,5,-0.006053899147080982,0.0037146526343350052,0.0729520810203222
gtja_gtja_166,3886,-0.001580183400263918,0.09467457151328192,-1.040460374321128,7,-0.000043968997387205476,-0.0033623287358968577,0.036681106944748756
talib_MINMAX_0,3886,-0.0016346078649393486,0.0668868020857491,-1.523437176400788,8,0.008223320530240398,-0.013070681550731511,-0.022161563001146644
alpha_alpha071,3886,-0.001733480847667017,0.057254260975626435,-1.8873942695028743,7,0.003250662409983166,-0.007515530307764797,0.029702320200881344
talib_TEMA,3886,-0.0017604472509008364,0.06755115542163202,-1.6245819833849404,8,0.007659874478770737,-0.01268885828471108,-0.051739130581230273
gtja_gtja_056,3886,-0.0018193080571571243,0.0690094885453422,-1.6434209989754258,6,-0.004579826733640157,0.0013831391233987808,0.03606318582789385
talib_AVGPRICE,3886,-0.001892156950027017,0.0671616869132776,-1.756252514896207,8,0.0074708544737859105,-0.012754082931960098,-0.05486138472368344
talib_MEDPRICE,3886,-0.001893749056132036,0.067127601297885,-1.7586227965653043,8,0.007443047191423082,-0.012725263102072875,-0.05486138472368344
gtja_gtja_126,3886,-0.0019491826608796282,0.06711938615176559,-1.810322550139749,8,0.007353231210376991,-0.012740810092404131,-0.055227705880104616
talib_TYPPRICE,3886,-0.0019491826608796282,0.06711938615176559,-1.810322550139749,8,0.007353231210376991,-0.012740810092404131,-0.055227705880104616
alpha_alpha041,3886,-0.0019567920793791215,0.06805448179115954,-1.792418212898582,5,-0.0004979231838619455,-0.0036492097474971614,0.033975932631759395
gtja_gtja_013,3886,-0.0019567920793791215,0.06805448179115954,-1.792418212898582,5,-0.0004979231838619455,-0.0036492097474971614,0.033975932631759395
talib_WCLPRICE,3886,-0.0019631584107298703,0.0671151548336265,-1.8234176164374258,8,0.007336688308675578,-0.0127518077177889,-0.055227705880104616
alpha_alpha064,3886,-0.0020162614978531863,0.06501730203074561,-1.9331667231329224,8,-0.0015469558129294556,-0.002560697831614065,0.029994497939339847
ocfps,3724,-0.0020358542655506294,0.06107673882744064,-2.0341158412081306,8,-0.0023794420073423657,-0.0016674104266899167,0.02675215828297873
gtja_gtja_106,3886,-0.0020572544857541024,0.07665585236526243,-1.672992903003465,6,-0.00012809200315572834,-0.004295254541998046,-0.1219351538801449
alpha_alpha035,3886,-0.0020614811473253884,0.0754246035642448,-1.7037965285255001,8,0.00014062071170649362,-0.0046161151549960686,-0.007602555476685537
talib_MAMA_0,3886,-0.002105856539042923,0.06807224772010616,-1.9284575716066978,8,0.007414558756325984,-0.013150385011213527,-0.04507055331206652
gtja_gtja_075,3886,-0.0021599933753628183,0.06572375327865604,-2.0487145896942005,8,0.00048418717307357985,-0.005227477980469425,0.009069405947091004
talib_EMA,3886,-0.002207157174620146,0.06786044280854221,-2.0275331773353087,8,0.007362219842643892,-0.01330848559876134,-0.05893445680258501
gtja_gtja_173,3886,-0.002228365983814914,0.06708606131521506,-2.0706448818148813,8,0.0070181406107425,-0.012955136002070267,-0.052957277140069904
talib_DEMA,3886,-0.002230725231167609,0.06750213358653472,-2.060060510394356,8,0.0070044801843916465,-0.012944384876677423,-0.04921970423977925
alpha_alpha_custom_argmax_recent,3886,-0.0022543457901788785,0.07620120466375568,-1.8442088132085321,7,-0.0015654786515938493,-0.0030534929376090955,0.07770907543842585
alpha_alpha093,3886,-0.0022700437651521563,0.07022370475472736,-2.0151245332483976,9,0.003943097808553943,-0.009477840576894585,-0.0036355659917088564
coskew60,3886,-0.0023071663078295156,0.10705435479252916,-1.343463774440976,8,0.00443955478277044,-0.010133962814823465,-0.16722347862926296
gtja_gtja_011,3886,-0.002312231547034979,0.0635819815790037,-2.266985075616301,6,-0.00010614080893217897,-0.004871493009192052,-0.03807303020144601
gtja_gtja_059,3886,-0.0023257443749035143,0.07659578727705915,-1.8928164108537808,6,0.00026171780915462786,-0.0053274306328964915,-0.15812839225509728
gtja_gtja_084,3886,-0.002359794812195852,0.06469848743411238,-2.273691363785436,8,0.0006368800130131502,-0.005836204128600086,-0.07196527020343677
winner_ratio,3886,-0.0024662218255029522,0.09096240666455427,-1.690135766582304,6,-0.006860171183262255,0.0026311502198798557,-0.06258697512561429
gtja_gtja_040,3886,-0.00254314818652533,0.09091144886151663,-1.74383136778386,7,-0.0050037704730811925,0.00031139250944028164,-0.11184455892055319
gtja_gtja_009,3886,-0.002569986220135661,0.07016280568120101,-2.283364502262656,5,-0.0037587523958633553,-0.001190911729449903,0.008435601505552018
gtja_gtja_121,3886,-0.0026270887732413126,0.0706802986770687,-2.317009263829987,6,-0.008766039245208947,0.004494639762054111,0.10396895741098573
talib_MAMA_1,3886,-0.002644027003481334,0.06859374007161417,-2.402883972485597,8,0.005764669945391855,-0.012398863319378155,-0.019620297273740983
gtja_gtja_130,3886,-0.0026993750704539504,0.061759053193026936,-2.7246705715065604,6,-0.005984647031635084,0.0011118325910163197,-0.03371615227591492
talib_T3,3886,-0.0027495093977204926,0.06783938095167968,-2.5265315736526395,8,0.005917085688017849,-0.012803530489402463,-0.061546751059495905
alpha_alpha086,3886,-0.002757862153526525,0.06545923578549849,-2.626352541019582,5,0.000020216620417661586,-0.005980680608902589,0.07497633914430468
gtja_gtja_134,3886,-0.0027937862589752513,0.08222730543022078,-2.1180124860279843,6,-0.002475990356703703,-0.0031624577698371966,-0.07005949764262122
gtja_gtja_054,3886,-0.0028402852360588132,0.06995790866399358,-2.5309090336562505,7,-0.013474506648998819,0.009496357392515836,0.0748255722711618
alpha_alpha068,3886,-0.0028652960989103008,0.06818264534046976,-2.619672851055394,8,-0.0004968444473193932,-0.0056129106608170274,0.06759605931026427
gtja_gtja_169,3886,-0.0029167944627728234,0.070150699883619,-2.59194162540231,6,-0.00038033791099745495,-0.0058593096509636025,-0.04174964065295802
alpha_alpha077,3886,-0.002982008846383453,0.06682782491846943,-2.781653298045312,6,-0.0015903163423237805,-0.00459649592585681,0.09223590802528002
gtja_gtja_154,3886,-0.0030069907390100617,0.06844097914380458,-2.7388438607575374,7,-0.005169372490387946,-0.0004984355888568239,0.09288062495506348
p_mchg,3886,-0.003095982211181713,0.09427409196203893,-2.0471869125272106,7,-0.008955593509421787,0.0037016880386387158,0.12323919791176396
talib_AD,3886,-0.0031154485838473397,0.05914786922410422,-3.283468709308268,6,-0.007015611764636595,0.001409087579747521,0.03783433819745841
gtja_gtja_025,3886,-0.003168850367075768,0.08789775406242592,-2.247373998496301,7,0.0004858800178935143,-0.007408662659144071,0.0035482592581404016
talib_ADOSC,3886,-0.003200961574016321,0.06788197864599975,-2.9395264045333875,5,-0.0019618637359847427,-0.00463842526938703,-0.04547166406980326
talib_SAR,3886,-0.003268166210260989,0.0668688429366407,-3.0467142563843166,8,0.005028317387939531,-0.012892825059312973,-0.061326766456015556
gtja_gtja_060,3886,-0.00330339665059069,0.06319596157471279,-3.2585380412269656,4,0.000708114521887416,-0.007957106387645628,-0.11501103101232826
gtja_gtja_145,3886,-0.003474830362693545,0.07771673134656412,-2.7872150536693554,5,-0.0058923831472566185,-0.0006702541195678606,-0.01926347465706002
gtja_gtja_036,3886,-0.0034776913432699274,0.05635006416249571,-3.8472288167201283,6,-0.004865358282969548,-0.0018678742764810638,-0.009024468263399496
alpha_alpha021,3886,-0.003546776755873204,0.07640618766787972,-2.893721429984297,8,-0.0033179679913624767,-0.0038122152725679824,0.0684287255340599
alpha_alpha061,3886,-0.0036026755257373283,0.0677777529674536,-3.313518352678818,6,-0.0011525223168930517,-0.006445071160455531,0.07921587527238821
gtja_gtja_148,3886,-0.003603972499025671,0.07031517577151869,-3.1950951747063674,7,-0.0029726500548367817,-0.004336362683029118,0.09844082851579036
alpha_alpha065,3886,-0.0036455719848675927,0.07159920520216215,-3.17401426688557,7,-0.0030175242559872723,-0.004374163207865489,0.10574431700074476
gtja_gtja_077,3886,-0.0038032335574182245,0.06499029948130766,-3.648008619658589,6,-0.0031350283069740666,-0.004578411076971816,0.09223590802528002
gtja_gtja_039,3886,-0.0038370348030392345,0.07463832190905981,-3.20468442411531,5,-0.003439968683931447,-0.00429766681558952,-0.07564450239248054
alpha_alpha007,3886,-0.003949509062345204,0.08182337662077456,-3.0089648526527815,6,-0.0047962247624221774,-0.0029672435448017897,0.027790012742254195
gtja_gtja_124,3886,-0.003996108921595978,0.07036747464463679,-3.540109941688196,2,-0.0044499635549783145,-0.0034695971818133504,0.03464626475073113
cfps,3724,-0.004023613084505109,0.05450592462966477,-4.504818896644887,7,-0.00010173267373729141,-0.00822921328013649,-0.052404473456078196
gtja_gtja_176,3886,-0.004031959068288517,0.059474448074470214,-4.226073945261824,5,-0.0050207443103144405,-0.0028848802466608656,-0.019031592956321574
talib_MAXINDEX,3886,-0.004091750123618969,0.07256055624011881,-3.515279800748283,9,0.0008066235226751302,-0.009774299206340343,-0.03558185133778396
gtja_gtja_117,3886,-0.004108282097977466,0.0796644556216104,-3.214748942172208,6,-0.0019937326519686225,-0.006561347519778723,-0.005455481579966746
gtja_gtja_006,3886,-0.004115629353961513,0.07430028355893979,-3.4530048047108215,7,-0.0020301767014074246,-0.006534939907535938,0.07073814096736793
gtja_gtja_074,3886,-0.004224218648833475,0.06728251078331574,-3.9137726822595553,5,-0.005597711323966202,-0.0026308449895771978,-0.08637324819688635
gtja_gtja_140,3886,-0.0043428564486869626,0.08863293496828943,-3.054441004827982,7,-0.009182336315428337,0.0012713706118406892,0.07659146455341533
gtja_gtja_035,3886,-0.0045808617320207325,0.09452399978079752,-3.0210401047620654,7,-0.009274988837510217,0.0008647431980273782,0.08157770823687738
gtja_gtja_045,3886,-0.004664413651905862,0.07239429507655688,-4.016466156968022,7,-0.00688974378993987,-0.002082832774709131,-0.029284868333805596
alpha_alpha062,3886,-0.004677390391651293,0.06714822578961899,-4.342306501089805,6,-0.004594955325973283,-0.004773022399472307,0.0746948300172588
kurt21_returns,3886,-0.004762893640785413,0.06875595519451566,-4.318291558755794,5,-0.006619391524666935,-0.002609190981718886,0.04951464842852609
alpha_alpha094,3886,-0.004905192245356852,0.06660390923388664,-4.591004415342968,5,-0.005521189468721093,-0.0041905806805090685,0.0532359782256417
talib_MININDEX,3886,-0.0049660618140791365,0.06970420535975502,-4.441243023222796,6,0.0005875588135853276,-0.011408755671742116,0.054669452588978686
gtja_gtja_183,3886,-0.005074756096031927,0.06964498086339253,-4.542309769974121,10,-0.002166033648030109,-0.008449132832541017,-0.17924916753594727
gtja_gtja_034,3886,-0.005102779284222361,0.10032928672575747,-3.1705197064446944,5,-0.009524713315004795,0.0000270574707764849,-0.03967241116378205
gtja_gtja_004,3886,-0.005154296679435367,0.07900100890818541,-4.067131111623712,5,-0.005747399475700937,-0.004466244686213458,0.0684287255340599
gtja_gtja_150,3886,-0.005171466446655816,0.07205521103608842,-4.474038474859278,8,0.0014177745905713823,-0.012815572085729268,-0.054331529799313126
gtja_gtja_102,3886,-0.005254007740645496,0.08815402472861672,-3.7153519576116687,7,-0.01200054569614641,0.0025725763133458003,-0.0014778061825309013
gtja_gtja_094,3886,-0.005332689634009572,0.062003918939258516,-5.361404395680429,7,-0.002447262613041394,-0.00868004160330401,-0.06832919603850318
alpha_alpha030,3886,-0.005488176383305867,0.0765104236844042,-4.471557826748127,4,-0.00974986427070583,-0.0005442394066500559,0.0002215440658595717
gtja_gtja_152,3886,-0.005522986281319879,0.09481817182434354,-3.631063005928988,6,-0.007193446229415392,-0.0035851041736626524,-0.039809403179410945
alpha_alpha031,3877,-0.005779923406391857,0.07889646248735424,-4.561550135257247,6,-0.005730846300798174,-0.00583667051569625,0.057186424295461766
skew21_lottery,3886,-0.005906627922127591,0.06386445166630349,-5.765431599427662,5,-0.0047768550269441,-0.007217264960620045,0.014697963030682474
talib_BETA,3886,-0.0059070097960328164,0.06339477641767098,-5.808521674773485,6,-0.002215930642053049,-0.010188989892950988,0.017036259439035036
gtja_gtja_125,3886,-0.005927909108285847,0.06383091686688905,-5.789243958209798,5,0.0016768500785882524,-0.014750106119406614,-0.08523999158547045
gtja_gtja_010,3886,-0.006166402971320153,0.06835356756219498,-5.623699592717568,7,-0.002882841671446328,-0.00997562611353064,0.02302424107303112
fractal_dimension,3886,-0.006252549775614196,0.06268373534821735,-6.21804251470311,6,-0.004357635460471021,-0.008450818911636262,-0.02101040201498939
alpha_alpha037,3886,-0.006258195091021699,0.07870141543412548,-4.956988966282439,7,-0.0052158938600990615,-0.007467357219390536,0.03242975186916297
gtja_gtja_184,3886,-0.006258195091021699,0.07870141543412548,-4.956988966282439,7,-0.0052158938600990615,-0.007467357219390536,0.03242975186916297
gtja_gtja_179,3886,-0.006671104089182219,0.06746279766487984,-6.164314206759125,4,-0.008850140924365826,-0.004143227560539516,-0.028039201002482878
alpha_alpha039,3886,-0.007904915861636894,0.08651469085162276,-5.695853222247362,4,-0.013192583904702678,-0.0017707506554788836,0.011283964412634849
gtja_gtja_065,3886,-0.007934301085700639,0.09863477872072253,-5.0145272998890436,4,-0.013129900746757529,-0.0019069433910782203,-0.06822733326576305
alpha_alpha020,3886,-0.007986391603361695,0.07914920261294309,-6.290069663666549,5,-0.010430106833434047,-0.005151464596601849,-0.03025310200609276
gtja_gtja_107,3886,-0.007986391603361695,0.07914920261294309,-6.290069663666549,5,-0.010430106833434047,-0.005151464596601849,-0.03025310200609276
gtja_gtja_049,3886,-0.008153413568137013,0.08918073237688962,-5.699277913869114,4,-0.007473641321082386,-0.008942009832507775,0.0743580890588984
alpha_alpha095,3886,-0.008481714596316968,0.07296567304865598,-7.246302495109567,3,-0.009319206999904527,-0.007510148923005539,0.0745887216504432
roe,3724,-0.00868767735065802,0.08343182904744471,-6.354432264324637,3,0.002449771910307355,-0.02063084080412505,-0.023867134759394542
gtja_gtja_109,3886,-0.00908750964683493,0.09010199732165226,-6.287266430375109,5,-0.01721003991260061,0.0003353478654791101,-0.05689900112536472
bps,3724,-0.009410272365300752,0.07000932308215092,-8.202592769353616,5,-0.01271769345443185,-0.005863583195152966,0.004916725542160905
p_season,3886,-0.009657581891663287,0.07356112126146358,-8.18410997857337,5,-0.012180140825624292,-0.006731189176167649,0.08327922010725614
gtja_gtja_188,3886,-0.010263403396173721,0.08708912998738276,-7.346472287871929,4,-0.019453775817027882,0.0003982459881078685,-0.03554226222359961
gtja_gtja_143,3886,-0.010327077347108415,0.07643695776878277,-8.422197744415893,6,-0.008909562705067655,-0.011971520403216878,0.0023273195486518917
roe_waa,3617,-0.010579461455620663,0.08476132692489542,-7.506544574137424,3,0.0016755666362263902,-0.02299134299549912,-0.023867134759394542
v_bm,3724,-0.011642578010220292,0.10440813578144112,-6.804867150542248,6,-0.023999258989530967,0.001608019790075489,0.1657199253645752
alpha_alpha046,3886,-0.011751981599693625,0.07779378216293098,-9.417109365785903,4,-0.01706974486012386,-0.005582903264775441,0.01663751520997615
gtja_gtja_086,3886,-0.011751981599693625,0.07779378216293098,-9.417109365785903,4,-0.01706974486012386,-0.005582903264775441,0.01663751520997615
pvcorr_21,3886,-0.011790886077308743,0.06543007806343222,-11.233637424624353,2,-0.008338793074403729,-0.015795620983958383,-0.005486895761638527
debt_to_assets,3724,-0.01487151499976061,0.08960128997325269,-10.128515269714345,5,-0.016721875723731,-0.012887294011952577,0.03787056456236472
gtja_gtja_072,3886,-0.0150658957673877,0.10097135448255584,-9.301396849038387,5,-0.021974627067741438,-0.007051153008166877,0.13340931747799167
gtja_gtja_047,3886,-0.01578135640981439,0.09914991805568633,-9.922094668404572,5,-0.02196751170332227,-0.0086048660832158,0.10398239538942652
gtja_gtja_082,3886,-0.01598453081533543,0.10132465093498405,-9.834135202513613,5,-0.023754627804061127,-0.006970527249203971,0.15387462023347456
roa,3722,-0.016035038039387023,0.08820255606261442,-11.091160951617981,2,-0.0020707001522315507,-0.030994053305260283,0.05422453001701418
overnight_intraday_spread,3886,-0.016849164704956888,0.102782624411908,-10.21903933700292,2,-0.02811819512013022,-0.003776087174958529,0.017667511535675827
netprofit_margin,3724,-0.020581558196729355,0.0792048659620106,-15.857372343218726,1,-0.021929143081743343,-0.019136485256594588,0.05789608260320591
v_ep,3886,-0.0214397347881439,0.10794945492962986,-12.380846890817693,6,-0.03457515180907152,-0.0062014828022206306,0.14560174997063213
talib_OBV,3886,-0.021608175642177745,0.10051657045049898,-13.400834288641478,5,-0.03180320756405711,-0.009781031883999787,-0.025034124354465122
l_dtva,3886,-0.021784202239242417,0.10442176274631762,-13.004750898029156,6,-0.018360730578369202,-0.025755733843601848,-0.11714388232049702
gtja_gtja_100,3886,-0.023635096037870767,0.1009621884758471,-14.593182487441082,4,-0.029318082195901218,-0.017042326659433053,-0.06793628666104044
gtja_gtja_097,3886,-0.026315600253030376,0.10147373251419173,-16.166315237846415,4,-0.03390469592361013,-0.01751157431389745,-0.04405342662889107
l_dtvm,3886,-0.02781459171886674,0.11146126070734072,-15.556078871552105,3,-0.022898037831441266,-0.03351823149822044,-0.19958483723499604
l_vdtv,3886,-0.028634752973252502,0.10353508103553301,-17.240795915367173,2,-0.027027045696361884,-0.030499836401196086,-0.18279907879524895
gtja_gtja_095,3886,-0.029584577040955254,0.10443402856602975,-17.65935069543844,2,-0.029909644652087182,-0.02920746970108177,-0.10170243026653847
alpha191_095,3886,-0.029584577040955254,0.10443402856602975,-17.65935069543844,2,-0.029909644652087182,-0.02920746970108177,-0.10170243026653847
gtja_gtja_132,3886,-0.030139589404711033,0.09352918600878614,-20.0882254931619,4,-0.02451701028970974,-0.03666228124073527,0.006567374672951591
gtja_gtja_070,3886,-0.03312407216244183,0.10364218234202587,-19.92317596957097,1,-0.03414216937567741,-0.03194298884725431,-0.10914363497130712
gtja_gtja_081,3886,-0.03805263033534377,0.11074057622296818,-21.4204850598936,2,-0.05345244625093393,-0.020187474239825993,-0.06619228755039636
l_size,3886,-0.04352938940939296,0.12996325703603942,-20.87917750553763,2,-0.057422570133503874,-0.02741206413356225,-0.05278307750944787
l_size3,3886,-0.04352938940939296,0.12996325703603942,-20.87917750553763,2,-0.057422570133503874,-0.02741206413356225,-0.05278307750944787
