factor,lift_top_bottom,top_q_mean,bot_q_mean,mean_corr
alpha_alpha059,0.20043744879885175,0.18708828596534072,-0.013349162833511041,0.0013051314735809728
alpha_alpha007,0.03364633096103356,0.01689040147205353,-0.016755929488980026,-0.0007943967854344928
alpha_alpha094,0.03334175015425972,0.01863370994596043,-0.01470804020829929,0.026269355540368754
alpha_alpha092,0.030417995417352378,0.016545752179197914,-0.013872243238154464,-0.007666746843636328
gtja_gtja_038,0.022671348850080326,0.01484350550423688,-0.007827843345843447,0.0095160167957632
alpha_alpha023,0.022667405252198305,0.01484350550423688,-0.007823899747961426,0.009513854098671951
gtja_gtja_120,0.020103628233592574,-0.0014692170045048495,-0.021572845238097424,0.025109432109187677
alpha_alpha042,0.020103628233592574,-0.0014692170045048495,-0.021572845238097424,0.025109432109187677
gtja_gtja_054,0.01880369510315276,-0.005157043011895678,-0.02396073811504844,0.08473162458996326
alpha_alpha096,0.016127331501277924,0.0022643484139839,-0.013862983087294023,0.0016747577045688686
gtja_gtja_098,0.014878622022913124,-0.010371061933963182,-0.025249683956876306,0.04944890164700487
alpha_alpha024,0.014878622022913124,-0.010371061933963182,-0.025249683956876306,0.04944885912203884
gtja_gtja_041,0.012748017698121115,-0.01075573576506327,-0.023503753463184385,0.05937333735620006
alpha_alpha082,0.011774036503395332,-0.0029941880810683496,-0.014768224584463682,-0.0025479212397888297
gtja_gtja_121,0.011023049103063244,-0.012199398598339522,-0.023222447701402766,0.04839015395854463
alpha_alpha_custom_skew_reversal,0.010158555919996086,-0.01060904992106125,-0.020767605841057336,0.032414705511218674
volume,0.009220624147920872,-0.01034788106782049,-0.019568505215741362,0.018098678149964093
gtja_gtja_012,0.008993211794376331,-0.012484391141524302,-0.021477602935900633,0.04628504817063063
alpha_alpha043,0.008354279428935787,-0.007924550391214131,-0.01627882982014992,-0.0014231379986932484
alpha_alpha018,0.00813455279817949,-0.014086252141528493,-0.022220804939707982,0.03383777682396679
gtja_gtja_186,0.008108112979608596,-0.00932538391500485,-0.017433496894613446,0.030183293415877745
gtja_gtja_100,0.007997571121697574,-0.012163253271748622,-0.020160824393446197,0.011718446668835949
gtja_gtja_190,0.007899416079175693,-0.010662346463788677,-0.01856176254296437,0.02211517437077075
gtja_gtja_081,0.007713984898809478,-0.01214677818869862,-0.019860763087508098,0.0289318055787769
gtja_gtja_097,0.007626747742030475,-0.011810798803305642,-0.019437546545336117,0.012346440018691491
gtja_gtja_156,0.007538758970312609,-0.01215807759048237,-0.01969683656079498,0.026440934185715668
gtja_gtja_172,0.007309405879973717,-0.00993020627021254,-0.017239612150186257,0.029113790336766178
gtja_gtja_053,0.007019422166883348,-0.008227383124274784,-0.015246805291158133,0.0003592623079888621
gtja_gtja_042,0.006206871729712793,-0.013045236633031008,-0.0192521083627438,0.04034423168052517
alpha_alpha040,0.006206871729712793,-0.013045236633031008,-0.0192521083627438,0.04034423168052517
gtja_gtja_157,0.005889490899680274,-0.012774637401057028,-0.0186641283007373,0.019874559617051483
gtja_gtja_023,0.005290896744091838,-0.010664605551614038,-0.015955502295705876,0.0137921765812873
alpha_alpha029,0.005037046222018428,-0.012914924182185327,-0.017951970404203755,0.017039356152496486
debt_to_assets,0.0046543480850695295,-0.007809234852222321,-0.01246358293729185,0.0244971657119148
gtja_gtja_108,0.004236198186321913,-0.014069148894470536,-0.01830534708079245,0.008896604926035138
gtja_gtja_028,0.00415432201034097,-0.012418758022449957,-0.016573080032790927,0.009170276976668067
alpha_alpha067,0.004039703677757175,-0.013634127096694395,-0.01767383077445157,0.01006682538670672
gtja_gtja_058,0.003985904995987789,-0.010687224750819894,-0.014673129746807683,0.011224090703456435
gtja_gtja_131,0.0039576686776451216,-0.015677068433782734,-0.019634737111427856,0.016767584748230965
gtja_gtja_048,0.0034832488532272436,-0.012384006383165953,-0.015867255236393197,0.010897944805594405
gtja_gtja_044,0.0032858211512959874,-0.011825266668202048,-0.015111087819498036,0.0043441713873215455
alpha_alpha045,0.0030834002359898492,-0.016112534893738883,-0.019195935129728732,0.02073852190299641
gtja_gtja_055,0.0029862842841059216,-0.01788314731152593,-0.02086943159563185,0.021274753969883396
gtja_gtja_033,0.0027207057357660318,-0.016337579325098654,-0.019058285060864686,0.004902958036934479
gtja_gtja_176,0.0025748690221883697,-0.012591237426793276,-0.015166106448981646,0.004255826460935242
gtja_gtja_062,0.0023576963127173774,-0.01300413545650669,-0.015361831769224068,0.014703513714184316
gtja_gtja_155,0.0023315819178077145,-0.01057447797928022,-0.012906059897087934,0.005387191017874863
gtja_gtja_076,0.0022911250753581986,-0.010763861587988173,-0.013054986663346372,0.012008196517499514
alpha_alpha026,0.002241616207870046,-0.013948622932625828,-0.016190239140495874,0.01842919377125215
gtja_gtja_005,0.002217811778256055,-0.013896107265684294,-0.01611391904394035,0.018746085925084834
gtja_gtja_043,0.002126021782765764,-0.009147378629013625,-0.01127340041177939,0.003700090528829412
gtja_gtja_113,0.0021195605423007906,-0.01567587746396702,-0.01779543800626781,0.017909346753794683
gtja_gtja_188,0.0020608312138823484,-0.013189030794850294,-0.015249862008732643,0.008704125629241237
gtja_gtja_011,0.0019908492849471902,-0.010861701322954104,-0.012852550607901294,0.015631822724949822
gtja_gtja_073,0.001974945489272401,-0.013319958498507816,-0.015294903987780217,0.009866654817048561
gtja_gtja_109,0.001962264714012646,-0.012019657955788729,-0.013981922669801375,0.007387559967767646
alpha_alpha047,0.0019499695892699377,-0.0179729294477812,-0.019922899037051137,0.002884942953895163
gtja_gtja_077,0.0019432240084518507,-0.018489638666047248,-0.0204328626744991,-0.0044740274069728836
gtja_gtja_185,0.001939315742502003,-0.012447972790163747,-0.01438728853266575,0.01762347165649223
alpha_alpha050,0.0019273382301414343,-0.012818503470213544,-0.014745841700354978,0.013566547345566046
gtja_gtja_016,0.0019273382301414343,-0.012818503470213544,-0.014745841700354978,0.013566547345566046
gtja_gtja_170,0.0018781640140820982,-0.0179464927289975,-0.019824656743079597,0.0026304714549365603
alpha_alpha019,0.001850330143230999,-0.010586873812700515,-0.012437203955931514,-0.000535211350877344
gtja_gtja_119,0.0018483110404938462,-0.014010018737849201,-0.015858329778343047,0.0025333398170854504
gtja_gtja_137,0.0018384722830823916,-0.018858690493113353,-0.020697162776195745,0.005835983474754462
gtja_gtja_057,0.0018280487710184128,-0.013176194318425065,-0.015004243089443477,0.0037238340678127945
alpha_alpha077,0.001826641571682018,-0.01857062761390079,-0.02039726918558281,-0.0047780401984914905
alpha_alpha044,0.001789215260122299,-0.013023818922223948,-0.014813034182346247,0.012476591982366832
alpha_alpha101,0.0017414118860852121,-0.013796109131880063,-0.015537521017965275,0.005696870716332418
gtja_gtja_083,0.0017005484315193598,-0.012520818483549936,-0.014221366915069296,0.011837339284801785
alpha_alpha016,0.0017005484315193598,-0.012520818483549936,-0.014221366915069296,0.011837339284801785
gtja_gtja_082,0.0016422436198163057,-0.01240787026891951,-0.014050113888735815,0.0033462231091419725
gtja_gtja_046,0.0015363592665680551,-0.014375264543133976,-0.01591162380970203,0.005135763835408342
alpha_alpha091,0.0014723271831373584,-0.012957189038759196,-0.014429516221896555,0.0025611652040242387
gtja_gtja_090,0.0014629173374633275,-0.012718531725419379,-0.014181449062882706,0.009714461710545082
gtja_gtja_002,0.0013532271601281731,-0.013981094077183513,-0.015334321237311686,0.0022928996219363455
alpha_alpha012,0.0013440544692793766,-0.019933654593437995,-0.021277709062717372,0.007874396349038032
gtja_gtja_072,0.0013167097362603245,-0.012473642141497088,-0.013790351877757413,0.002965507378953191
gtja_gtja_138,0.0012522570755105766,-0.01418846735900629,-0.015440724434516866,0.00516614159353121
alpha_alpha011,0.0012331955475191943,-0.013123624163512744,-0.014356819711031938,0.0035048071859826602
gtja_gtja_007,0.0012331955475191943,-0.013123624163512744,-0.014356819711031938,0.0035048071859826602
gtja_gtja_080,0.0012235387112971303,-0.013017623131314856,-0.014241161842611986,0.007078150661404506
gtja_gtja_114,0.001208996391571352,-0.017541434810506205,-0.018750431202077558,0.005301605995240556
alpha_alpha083,0.001208996391571352,-0.017541434810506205,-0.018750431202077558,0.005301619790334263
alpha_alpha085,0.0011881757028838532,-0.013562195767507597,-0.01475037147039145,0.007613982457828593
gtja_gtja_034,0.001177531293990156,-0.014921434496942306,-0.01609896579093246,0.005236227776190976
gtja_gtja_144,0.0011056533841036055,-0.007778746365262234,-0.00888439974936584,-0.003250294221062489
gtja_gtja_049,0.0010409073784188282,-0.013696997636217222,-0.01473790501463605,0.004770816963303648
gtja_gtja_124,0.001009004549544324,-0.016532686341095077,-0.0175416908906394,0.003755236603772449
gtja_gtja_115,0.0009243383517911086,-0.013658113277182584,-0.014582451628973692,0.007359860506406311
alpha_alpha089,0.0009001484740276643,-0.013853869952802616,-0.01475401842683028,0.00014959536866046387
gtja_gtja_078,0.0008859717570887885,-0.014413111957336782,-0.01529908371442557,0.0024187633633227412
alpha_alpha_custom_kurt_filter,0.0008749128483435883,-0.01429180919921073,-0.015166722047554319,0.0018755574612340238
gtja_gtja_003,0.0008026252995524188,-0.02004505150339623,-0.020847676802948648,-0.0015630548208271115
gtja_gtja_074,0.0007981642205603517,-0.0139226624147161,-0.014720826635276452,-0.006472174064556845
alpha_alpha097,0.0007846087857973985,-0.015010066418710891,-0.01579467520450829,0.0017977145718716023
gtja_gtja_014,0.0007643773559171327,-0.020155432946129138,-0.02091981030204627,0.0031374917505458755
gtja_gtja_146,0.0007445435823463312,-0.01438857566690942,-0.015133119249255752,0.004851119309201611
alpha_alpha073,0.0007332216350152375,-0.01414515015851999,-0.014878371793535227,0.020998334828091807
gtja_gtja_112,0.0007257984769366115,-0.014309827041507388,-0.015035625518444,-0.0012326653138374482
gtja_gtja_079,0.0006418478682717992,-0.014351718910763148,-0.014993566779034948,-0.0024302395105482016
gtja_gtja_178,0.0006327416299938375,-0.01266917973576458,-0.013301921365758418,-0.0022428958383033347
gtja_gtja_063,0.0006317773453213965,-0.014044085231085166,-0.014675862576406563,0.0007564114171303068
gtja_gtja_022,0.0006300756137855024,-0.015606845800933987,-0.01623692141471949,0.006984243821561503
gtja_gtja_102,0.0005968707301977402,-0.012861650434698425,-0.013458521164896165,0.0032666790964322023
gtja_gtja_009,0.0005625152753283708,-0.019955360970672468,-0.02051787624600084,0.008370546346740206
alpha_alpha078,0.0005553294367484345,-0.01270148888345463,-0.013256818320203064,-0.000652832631208937
alpha_alpha010,0.0005148133886355294,-0.01949119907421918,-0.02000601246285471,0.0019144305187584372
alpha_alpha003,0.00043544733743050047,-0.013685383305835429,-0.01412083064326593,0.00922887787073666
gtja_gtja_105,0.00043544733743050047,-0.013685383305835429,-0.01412083064326593,0.00922887787073666
gtja_gtja_047,0.0004191030112191147,-0.013313355636679144,-0.013732458647898259,0.0002676110705299826
gtja_gtja_110,0.0003879395262744948,-0.014717097317875304,-0.0151050368441498,-0.006909109207871225
gtja_gtja_179,0.0003161185139870029,-0.013229190234896281,-0.013545308748883284,-0.0038212846850016217
gtja_gtja_065,0.00030932428607163484,-0.015621136884138055,-0.01593046117020969,-0.0014090298302041205
gtja_gtja_008,0.0003017922509938806,-0.020465958905583406,-0.020767751156577287,0.005023963858914129
gtja_gtja_103,0.0002567431289418609,-0.017500175307149087,-0.017756918436090948,0.016732036727978242
alpha_alpha002,0.00013703132902895612,-0.015447026550202103,-0.01558405787923106,0.0041235467273087745
alpha_alpha057,0.00012855494186232372,-0.018431081528820774,-0.018559636470683098,-0.0032046487687555363
gtja_gtja_118,0.00010817195376421757,-0.01450793343060741,-0.014616105384371627,-0.008982534630926294
alpha_alpha066,3.4760075831091405e-05,-0.015241460591908037,-0.015276220667739128,-0.0012550871149077558
alpha_alpha052,4.927525739287231e-06,-0.01609279796805011,-0.0160977254937894,-0.002432322504063086
alpha_alpha033,-1.295043721045823e-05,-0.015159941390127593,-0.015146990952917135,-0.0017393824129564158
gtja_gtja_069,-4.5854026974658305e-05,-0.014362920700193727,-0.014317066673219069,-0.008611472627183614
alpha_alpha098,-5.331042690742867e-05,-0.014253117451949168,-0.01419980702504174,0.0035568123746111653
ocf_yoy,-8.694110683707748e-05,-0.01602816420620492,-0.01594122309936784,0.007003708851384649
gtja_gtja_020,-9.657406335371668e-05,-0.01595783082297916,-0.015861256759625443,-0.0032003541855727493
gtja_gtja_019,-9.657406335371668e-05,-0.01595783082297916,-0.015861256759625443,-0.003587943335984843
gtja_gtja_021,-0.00021745071123734777,-0.020768829264696493,-0.020551378553459145,-1.7747320213130362e-05
gtja_gtja_087,-0.00024206594239559176,-0.015039208568959073,-0.014797142626563481,-0.006661918102460877
gtja_gtja_162,-0.0002666038195141933,-0.013335795342750282,-0.013069191523236089,0.01172383725094208
gtja_gtja_018,-0.0002691286120312039,-0.016201792878582498,-0.015932664266551294,-0.0006880150750137831
gtja_gtja_141,-0.0003466625244853364,-0.012593251166335596,-0.01224658864185026,-0.0028790061472613367
alpha_alpha060,-0.0003581504357985897,-0.013530465019879211,-0.013172314584080622,-0.004873653897454714
alpha_alpha035,-0.00036059048757301586,-0.014670637273998812,-0.014310046786425796,-0.003116475866656387
gtja_gtja_128,-0.0003804895280544642,-0.014811857174073276,-0.014431367646018812,-0.005060003129147016
gtja_gtja_066,-0.00038267226688332157,-0.015979159098256878,-0.015596486831373556,0.0018432187230643551
alpha_alpha009,-0.000422111930904686,-0.01983109601779686,-0.019408984086892175,0.0014581199436757184
gtja_gtja_096,-0.0004610824847297839,-0.013693197709043347,-0.013232115224313563,-0.001421819413079595
gtja_gtja_001,-0.0004730639463160196,-0.014731142684917917,-0.014258078738601897,0.0005177513760379051
alpha_alpha013,-0.0005380373770212284,-0.013675215751641616,-0.013137178374620388,0.006767624038680571
gtja_gtja_099,-0.0005380373770212284,-0.013675215751641616,-0.013137178374620388,0.006767624038680571
gtja_gtja_171,-0.0006615165473025236,-0.014952780046953919,-0.014291263499651395,0.003568782276052957
gtja_gtja_029,-0.0007020576719810115,-0.015791706996617322,-0.015089649324636311,-0.003558922272783975
alpha_alpha048,-0.0007626340323626437,-0.012280301600665748,-0.011517667568303105,0.004592916225689533
alpha_alpha022,-0.0007718348048324185,-0.019263326738769102,-0.018491491933936684,-0.0024726002423270887
gtja_gtja_104,-0.0007718348048324185,-0.019263326738769102,-0.018491491933936684,-0.0024726002423270887
alpha_alpha034,-0.0007718580017858322,-0.016455994990049797,-0.015684136988263965,-0.006254328424424796
gtja_gtja_181,-0.0007951534262690824,-0.014533909042817664,-0.013738755616548581,-0.014682951926735683
alpha_alpha072,-0.0008330384625081007,-0.013071555157303315,-0.012238516694795214,0.0016005418891763806
alpha_alpha_custom_decaylinear_mom,-0.0008570450171500894,-0.01572988433419251,-0.01487283931704242,-0.003635988469259056
alpha_alpha025,-0.0008947364589339292,-0.021099308595763738,-0.02020457213682981,-0.004909956514896767
gtja_gtja_163,-0.0009160686809803996,-0.021092426380749603,-0.020176357699769203,-0.00481567519293173
alpha_alpha038,-0.000933515077686695,-0.015569100105663987,-0.014635585027977292,-0.0005940944002650975
gtja_gtja_067,-0.000994707846780964,-0.014925212556638236,-0.013930504709857272,-0.005878653464907372
gtja_gtja_015,-0.0010344511726293713,-0.015415693820755217,-0.014381242648125845,0.003990921020929224
fcff,-0.0010378455993011217,-0.016970953939547624,-0.015933108340246502,-0.00923088275713883
alpha_alpha087,-0.0010627463556283773,-0.016222812267041514,-0.015160065911413136,0.00193537866081956
gtja_gtja_017,-0.0011225192638937218,-0.020935843195543567,-0.019813323931649845,-0.014039593060382115
gtja_gtja_130,-0.001149121856247626,-0.012979792042337209,-0.011830670186089583,-0.00013967951115644912
gtja_gtja_031,-0.0011603200183189326,-0.01609320597851767,-0.014932885960198736,-0.004589948861014303
gtja_gtja_168,-0.001160853480576967,-0.013473566990842302,-0.012312713510265335,-0.0071103228844699
gtja_gtja_036,-0.0012025476935432645,-0.013649164181311069,-0.012446616487767804,-0.011203845671115728
alpha_alpha100,-0.0012606625002766717,-0.0027000531705203474,-0.0014393906702436757,-0.00986434996087326
gtja_gtja_050,-0.001291439238346747,-0.014807324204168687,-0.01351588496582194,-0.005606225297234315
gtja_gtja_051,-0.0012999470411875162,-0.014807324204168687,-0.013507377162981171,-0.00560624352128251
alpha_alpha028,-0.0013592346939796489,-0.016298092831393524,-0.014938858137413875,-0.0057315751717545264
gtja_gtja_068,-0.0013844708001092831,-0.01977749565779358,-0.018393024857684296,0.015913675536647572
alpha_alpha_custom_argmin_recent,-0.001388167728198414,-0.021251685920062737,-0.019863518191864323,0.020852576316383348
gtja_gtja_026,-0.0014302100103631976,-0.021763331682260842,-0.020333121671897644,-0.005341189916483765
gtja_gtja_145,-0.001483567296458592,-0.013378730620379935,-0.011895163323921343,-0.004791999552600048
gtja_gtja_191,-0.0016044184518150782,-0.01767202770750526,-0.01606760925569018,-0.00749458837006425
cfps,-0.0016994055383839288,-0.01819963404057134,-0.016500228502187412,-0.017576933301671142
gtja_gtja_064,-0.0017091814122805818,-0.015075575511480165,-0.013366394099199583,-0.010299556191589272
alpha_alpha088,-0.0017354516815202593,-0.015729340315453776,-0.013993888633933516,0.0031100950287038685
gtja_gtja_085,-0.0017674807861800413,-0.015738302142434945,-0.013970821356254904,-0.0005175946112333482
alpha_alpha014,-0.0018904384755543194,-0.01431361045488612,-0.0124231719793318,0.003405197924818073
ocfps,-0.0018926659573597331,-0.017355177861508045,-0.015462511904148312,-0.009076632040832552
gtja_gtja_136,-0.0018936418034379565,-0.014315244523030228,-0.012421602719592272,0.0034029553709082534
gtja_gtja_040,-0.0018953956840028676,-0.014504392426706874,-0.012608996742704007,-0.010474079788058777
alpha_alpha036,-0.0019386784695217731,-0.015389053290414926,-0.013450374820893153,-0.0015987061653464597
gtja_gtja_089,-0.001993636467182633,-0.0213350625196639,-0.019341426052481268,-0.004640372313912424
alpha_alpha031,-0.0021098396142723765,-0.015217961695115382,-0.013108122080843006,-0.009118696255558419
gtja_gtja_151,-0.0021124443727994976,-0.020776817883358615,-0.018664373510559117,0.010942408743595236
alpha_alpha053,-0.0021312011682264407,-0.014578286019515893,-0.012447084851289453,-0.0037654983821771826
gtja_gtja_125,-0.0021853920407481266,-0.016167503492117485,-0.013982111451369359,-0.023503977394994997
alpha_alpha030,-0.002192232282749314,-0.015909780801700267,-0.013717548518950953,-0.010001160028156507
gtja_gtja_182,-0.0021950077607223797,-0.012280986303808063,-0.010085978543085683,-0.025774289658205028
gtja_gtja_024,-0.002207750840211846,-0.02129366049767305,-0.019085909657461205,0.0013960860127888114
gtja_gtja_071,-0.002333997457598635,-0.016074652967423084,-0.01374065550982445,-0.010231187579789726
gtja_gtja_032,-0.0023367368673286194,-0.015103160339786547,-0.012766423472457928,-0.0021590753478582265
alpha_alpha015,-0.002372005834237228,-0.015245941704932056,-0.012873935870694828,-0.0016998050663717917
gtja_gtja_134,-0.0023731124472076894,-0.014698125713145953,-0.012325013265938264,-0.008710138948920223
gtja_gtja_075,-0.0023871206351502496,-0.013157988746233584,-0.010770868111083335,-0.022600495931091334
gtja_gtja_037,-0.002390940588473188,-0.020403108619092364,-0.018012168030619176,-0.004241895568957352
alpha_alpha063,-0.0024127361832202276,-0.017037270989236547,-0.01462453480601632,-0.009802954595530582
quick_ratio,-0.0024885077244664374,-0.01564906524113638,-0.013160557516669941,0.004078880578863667
gtja_gtja_127,-0.002498331589378044,-0.0120534920596611,-0.009555160470283056,-0.00417960519197682
gtja_gtja_059,-0.0025149877874335383,-0.02169464125804996,-0.019179653470616422,0.0023379128748734213
alpha_alpha055,-0.0025365458480206687,-0.015100755260572212,-0.012564209412551543,-0.004255826460935242
alpha_alpha_custom_zscore_5d,-0.0026096881878476114,-0.015997566031044057,-0.013387877843196446,-0.006940385691659445
alpha_alpha041,-0.002625767581481052,-0.02199172793704351,-0.01936596035556246,-0.00450888864920111
gtja_gtja_013,-0.002625767581481052,-0.02199172793704351,-0.01936596035556246,-0.00450888864920111
gtja_gtja_052,-0.002692907088083186,-0.01511500935493499,-0.012422102266851804,-0.014241459217922532
alpha_alpha008,-0.002839328758878809,-0.0207239970425084,-0.01788466828362959,-0.004656968623824417
gtja_gtja_133,-0.002887597000871855,-0.014497281273888468,-0.011609684273016613,-0.014034723722395934
gtja_gtja_117,-0.00294282022826569,-0.01627086423263372,-0.013328044004368031,-0.003319534796608983
turnover_rate,-0.0030300513785916144,-0.009747696486780639,-0.006717645108189024,0.005151120742772501
alpha_alpha004,-0.003089166283677728,-0.014648616650549874,-0.011559450366872146,0.0036067472748720244
current_ratio,-0.00309445736468039,-0.014107790255021213,-0.011013332890340823,0.0001097382068087926
gtja_gtja_139,-0.003108741699034445,-0.014393401145780183,-0.011284659446745738,0.00315324666317809
alpha_alpha006,-0.003108741699034445,-0.014393401145780183,-0.011284659446745738,0.00315324666317809
alpha_alpha020,-0.003138668931372544,-0.017616859449349556,-0.014478190517977012,-0.005264171558951148
gtja_gtja_107,-0.003138668931372544,-0.017616859449349556,-0.014478190517977012,-0.005264171558951148
alpha_alpha054,-0.0032211097521864848,-0.016594150530525865,-0.01337304077833938,-0.010453488818632346
gtja_gtja_135,-0.0032358758238181465,-0.017310646852841585,-0.014074771029023438,-0.020547929003231463
gtja_gtja_142,-0.0033213333649176335,-0.017200626933335253,-0.01387929356841762,7.414674515731514e-05
gtja_gtja_166,-0.0033512426411616437,-0.015819880079445195,-0.012468637438283551,-0.0008962200977781911
alpha_alpha017,-0.0033619446885027396,-0.01725268729216718,-0.013890742603664439,0.00010263792000219159
gtja_gtja_152,-0.0033952763911566774,-0.016489508853900988,-0.01309423246274431,-0.018338221157996853
gtja_gtja_132,-0.0034412023601904738,-0.005822163668978449,-0.0023809613087879752,-0.07240651657148327
gtja_gtja_027,-0.00356432994917494,-0.01710788159589086,-0.01354355164671592,-0.017954182347582493
grossprofit_margin,-0.0036629654776155797,-0.01593852033612079,-0.012275554858505209,-0.017338939790520237
netprofit_margin,-0.0038389415133218557,-0.012469848296698685,-0.00863090678337683,-0.005979256528657268
gtja_gtja_084,-0.003842977236879026,-0.012547407207994531,-0.008704429971115505,-0.0037731944511201804
alpha_alpha056,-0.003848532073237744,-0.017153840673708023,-0.01330530860047028,-0.007962660315573914
gtja_gtja_025,-0.004044252362618355,-0.017649262051608747,-0.013605009688990392,-0.006969028537117528
gtja_gtja_180,-0.0040890625943234005,-0.015558372604041361,-0.01146931000971796,-0.011498433736480901
gtja_gtja_106,-0.004097181566061411,-0.022056510172194087,-0.017959328606132675,0.005668466974626985
gtja_gtja_045,-0.004267513817888058,-0.015561274100374051,-0.011293760282485993,-0.01436780903483099
gtja_gtja_088,-0.004297594532371085,-0.01685738382962834,-0.012559789297257254,-0.014487574773788947
gtja_gtja_140,-0.004384102744747412,-0.016655402572055982,-0.01227129982730857,0.0012669773194341316
gtja_gtja_039,-0.0044948202662389615,-0.01844311150141624,-0.013948291235177279,-0.016603115864592805
gtja_gtja_116,-0.004513866774153736,-0.022548603572122506,-0.01803473679796877,0.004085064112200121
gtja_gtja_122,-0.004669948341219719,-0.014928041383748421,-0.010258093042528702,-0.010004439624819755
alpha_alpha076,-0.004678390175472743,-0.018618670452144288,-0.013940280276671544,0.004181110372808129
gtja_gtja_147,-0.004705608408989287,-0.022615444743591204,-0.017909836334601918,0.004779993876281542
gtja_gtja_177,-0.005008933110945413,-0.013785718427133312,-0.0087767853161879,-0.0054869945589251295
gtja_gtja_158,-0.005335959540372031,-0.013372230715996644,-0.008036271175624613,-0.018079130905222063
alpha_alpha005,-0.0055839621796155165,-0.020415396457588053,-0.014831434277972537,-0.007955604687414393
gtja_gtja_092,-0.005689830966540946,-0.019652418572623488,-0.013962587606082542,0.008177898812306933
gtja_gtja_035,-0.0057546675972344995,-0.01932061514282173,-0.01356594754558723,-0.008954409577483445
netprofit_yoy,-0.005857261083427772,-0.0174838354150865,-0.011626574331658727,-0.006623348977913782
gtja_gtja_061,-0.005941790989168078,-0.019625113462579225,-0.013683322473411147,-0.020835819955679756
alpha_alpha084,-0.006212077879254527,-0.015762227731215193,-0.009550149851960666,0.0033996804120891193
alpha_alpha039,-0.006236773257723736,-0.02195717033156591,-0.015720397073842176,-0.018086487676435913
gtja_gtja_111,-0.0062430534524760585,-0.009796854333021496,-0.0035538008805454384,-0.014757335013110903
alpha_alpha032,-0.006249542958369714,-0.02055906766094426,-0.014309524702574548,-0.017641835615886108
gtja_gtja_184,-0.006284664039358817,-0.020350909551418675,-0.014066245512059858,-0.01914114124022379
alpha_alpha037,-0.006284664039358817,-0.020350909551418675,-0.014066245512059858,-0.01914114124022379
gtja_gtja_169,-0.0064189499023656685,-0.022627144705635774,-0.016208194803270105,-0.008773762020866301
alpha_alpha069,-0.006462036802240872,-0.018059402679712202,-0.01159736587747133,0.02434732403060119
alpha_alpha070,-0.006754155003769356,-0.01944829947016344,-0.012694144466394086,-0.01039986553349213
gtja_gtja_091,-0.008225055187116208,-0.019210310467019584,-0.010985255279903376,-0.02757415995674573
pe,-0.008328376562141672,-0.01586297871586186,-0.007534602153720186,0.0056096872769574304
alpha_alpha080,-0.0083352142205685,-0.019857612299680853,-0.011522398079112353,0.0005482052803582564
gtja_gtja_149,-0.008515522343386725,-0.012013183936716562,-0.003497661593329837,-0.05194558519235818
alpha_alpha049,-0.00852357942515363,-0.023280479413115816,-0.014756899987962186,-0.009244379162039464
or_yoy,-0.008914716873944599,-0.018949273232356272,-0.010034556358411674,-0.039939102023076246
gtja_gtja_159,-0.008975050201280033,-0.01372761714154753,-0.004752566940267496,-0.06044024126236395
gtja_gtja_060,-0.009545905478417702,-0.01840892273501049,-0.00886301725659279,0.00013112925846820887
alpha_alpha_custom_argmax_recent,-0.01131731372632415,-0.02305166575127209,-0.011734352024947938,0.0032715208199243268
gtja_gtja_183,-0.013070598565413647,-0.022599119496578807,-0.00952852093116516,-0.03182459961526853
circ_cap,-0.015575916204982776,-0.018010581812598393,-0.0024346656076156175,-0.0010623149850582136
assets_turn,-0.015677893874783584,-0.019399273091644173,-0.003721379216860587,-0.04097795348991752
bps,-0.01572079473206123,-0.025119783075312634,-0.009398988343251403,-0.03475924708442194
gtja_gtja_165,-0.016446502548317636,-0.024285864159141635,-0.007839361610823999,-0.03907005845712693
roe,-0.01783092376345899,-0.025244441334276706,-0.007413517570817719,-0.044643963728927274
gtja_gtja_070,-0.017842483193685095,-0.02286940353391335,-0.005026920340228258,-0.05799943731872485
gtja_gtja_164,-0.017939129608730422,-0.01878643709950507,-0.000847307490774649,-0.06622256167616777
roa,-0.018149744016557244,-0.025181408668472963,-0.00703166465191572,-0.041844596359384596
alpha_alpha051,-0.018374711059812757,-0.032216904826524256,-0.013842193766711499,-0.008970827033828446
roe_waa,-0.018567936325229063,-0.02593356952523891,-0.007365633200009848,-0.042452260773625905
cap,-0.01928396291553597,-0.016043266876198094,0.003240696039337877,0.016795339324004854
gtja_gtja_010,-0.01974056548914338,-0.03052422141658092,-0.010783655927437541,-0.02252483110580177
gtja_gtja_095,-0.02044231484323101,-0.024606288141256503,-0.0041639732980254945,-0.06355278467926656
gtja_gtja_189,-0.021163931246383487,-0.022585960578815595,-0.001422029332432107,-0.039761157852474534
pb,-0.02125629581891101,-0.022896137947680077,-0.0016398421287690658,-0.044201035912347225
gtja_gtja_086,-0.021658606120712954,-0.038599790988823754,-0.0169411848681108,0.017517447690774974
alpha_alpha046,-0.021658606120712954,-0.038599790988823754,-0.0169411848681108,0.017517447690774974
gtja_gtja_175,-0.021680296204127102,-0.023213379731177576,-0.0015330835270504744,-0.050843790448129464
gtja_gtja_187,-0.021716717561640064,-0.023802739578344122,-0.0020860220167040564,-0.05031790411248949
gtja_gtja_167,-0.021836644565059536,-0.0242426900810679,-0.0024060455160083622,-0.04605517166474552
gtja_gtja_129,-0.02197499313533753,-0.023091327930153054,-0.001116334794815523,-0.0453393729780729
gtja_gtja_174,-0.02217029541859498,-0.022828708316336335,-0.0006584128977413524,-0.04837506133443542
gtja_gtja_161,-0.022439791691279395,-0.023402607744248526,-0.0009628160529691294,-0.05153055941313354
gtja_gtja_160,-0.022792890365796247,-0.02320216216096395,-0.0004092717951677017,-0.04679318868482581
gtja_gtja_093,-0.024141374410499374,-0.024396100894904925,-0.0002547264844055496,-0.054146212528726624
gtja_gtja_173,-0.025587087511262548,-0.02668769703004653,-0.0011006095187839832,-0.04986763805005861
gtja_gtja_126,-0.02583587559429383,-0.02698579861397181,-0.0011499230196779793,-0.048849273841905703
gtja_gtja_153,-0.025908408832122233,-0.02724760707503096,-0.0013391982429087291,-0.048606710779814835
gtja_gtja_150,-0.02659143967423589,-0.02725095751667355,-0.00065951784243766,-0.0511025120968398
gtja_gtja_094,-0.027103160550744364,-0.03521123501014257,-0.008108074459398203,-0.006789491980078106
alpha_alpha001,-0.03874685087978272,-0.050885663921045855,-0.012138813041263139,0.003089723589321414
