factor,lift,top_q_mean,bot_q_mean,n_samples
alpha_alpha065,0.0993844713840395,0.06677357239170717,-0.03261089899233232,252015
alpha_alpha068,0.014939734482997286,-0.0005260680850270709,-0.015465802568024357,252015
alpha_alpha042,0.01481472173355549,0.00553924279224953,-0.00927547894130596,252015
gtja_gtja_120,0.01481472173355549,0.00553924279224953,-0.00927547894130596,252015
gtja_gtja_054,0.013704401163138997,0.002288975940758815,-0.011415425222380182,251860
gtja_gtja_121,0.011323687296726233,-9.871731280042675e-05,-0.011422404609526659,250606
gtja_gtja_041,0.011218499908835455,-0.0001502181806714428,-0.011368718089506897,251894
gtja_gtja_098,0.010951821696965005,-0.001632323006381589,-0.012584144703346595,251962
alpha_alpha024,0.010951821696965005,-0.001632323006381589,-0.012584144703346595,251962
talib_ADX,0.010559709331459834,0.0029951626083692486,-0.007564546723090586,251554
gtja_gtja_082,0.008702251438965426,0.0014867220073108227,-0.007215529431654604,251928
gtja_gtja_012,0.008592304475740734,-0.001804380187488738,-0.010396684663229471,251860
gtja_gtja_157,0.00851231059101486,-0.00013373258923571237,-0.008646043180250572,251826
gtja_gtja_072,0.008103488446619124,0.0012683626380457327,-0.0068351258085733915,251928
alpha_alpha_custom_skew_reversal,0.007919799031653869,-0.0009391279069237227,-0.008858926938577592,251690
alpha_alpha040,0.00746878741130691,-0.0007891920254776162,-0.008257979436784526,251860
gtja_gtja_042,0.00746878741130691,-0.0007891920254776162,-0.008257979436784526,251860
alpha_alpha029,0.007442083239353903,-0.0003484966567554326,-0.007790579896109336,251843
talib_DX,0.007324196023968965,0.0010147379937674747,-0.00630945803020149,251775
gtja_gtja_186,0.007309523358778929,0.0009602976489913233,-0.006349225709787606,251605
gtja_gtja_156,0.006965047045592544,-0.000970989536796018,-0.007936036582388561,251945
gtja_gtja_103,0.006641178408199674,-0.0018842316113121006,-0.008525410019511775,251690
gtja_gtja_138,0.0063928590394069906,-0.00037120921138514534,-0.006764068250792136,249761
gtja_gtja_172,0.006382982405879308,5.799481624413441e-05,-0.006324987589635174,251707
gtja_gtja_047,0.0063386361233953,0.0003357285630035072,-0.006002907560391793,251928
gtja_gtja_190,0.0061679250782726005,-0.0007496389379950554,-0.006917564016267656,251361
talib_ADXR,0.00603845558651928,0.0013421820254916116,-0.004696273561027669,251307
alpha_alpha018,0.005816223125455511,-0.004053464965417924,-0.009869688090873435,251860
gtja_gtja_046,0.005668789197003678,-0.0010025239519767808,-0.006671313148980459,251622
gtja_gtja_144,0.005590874015804038,0.0035654337869652332,-0.002025440228838804,251673
alpha_alpha073,0.005427626432213718,-0.0013617440451989286,-0.006789370477412646,251894
gtja_gtja_033,0.005409645776311794,-0.0037997478130355963,-0.00920939358934739,246574
gtja_gtja_170,0.005268936704268044,-0.004802812673649479,-0.010071749377917523,251690
alpha_alpha047,0.005267645252593117,-0.0047818484027072295,-0.010049493655300347,251928
alpha_alpha094,0.0052593221587941144,0.0003675479224958788,-0.004891774236298236,251361
alpha_alpha096,0.00514501863653429,-0.0015374855975290747,-0.006682504234063365,251792
talib_OBV,0.0050690220718144245,-0.0006529975628376022,-0.005722019634652026,252015
gtja_gtja_049,0.00498137827668395,-0.0008750529936809397,-0.00585643127036489,251826
gtja_gtja_034,0.00490753786903674,-0.0017026543242199392,-0.006610192193256679,251826
talib_AROON_0,0.00482232208875426,-0.002915084937931762,-0.007737407026686022,251792
gtja_gtja_113,0.0043766155439475315,-0.00248076407322121,-0.006857379617168741,251361
alpha_alpha092,0.004374888704873741,-0.0037713390929887693,-0.008146227797862511,251690
gtja_gtja_077,0.004318169335014546,-0.005408443220803652,-0.009726612555818198,251690
alpha_alpha_custom_argmin_recent,0.0042049591903775925,-0.0037913130126484467,-0.00799627220302604,251690
alpha_alpha_custom_argmax_recent,0.004182772020064442,-0.001778396077594116,-0.005961168097658558,251690
alpha_alpha045,0.004175900364780738,-0.0036642551821272546,-0.007840155546907993,251590
alpha_alpha077,0.004138724550500403,-0.005464034824119202,-0.009602759374619605,251894
talib_MINUS_DI,0.004115715449169629,-0.001926186412401863,-0.006041901861571493,251775
alpha_alpha052,0.0038713827528064834,-0.004233068822132067,-0.00810445157493855,246574
alpha_alpha019,0.0038181544329717373,5.43612259164984e-05,-0.003763793207055239,246284
gtja_gtja_162,0.003761214406755712,-0.001997360597206692,-0.005758575003962404,251809
alpha_alpha088,0.0036717144212618505,-0.003158129304158163,-0.0068298437254200135,251894
talib_LINEARREG_R2,0.0035588095238308784,-0.0022033740769049123,-0.005762183600735791,251792
gtja_gtja_181,0.0034503765219633838,-0.0015278457250710563,-0.00497822224703444,251343
gtja_gtja_182,0.003352330788048423,-0.000641743815107938,-0.003994074603156361,251690
gtja_gtja_108,0.0032673690003560477,-0.0030538297731022507,-0.006321198773458298,249623
alpha_alpha067,0.003212978465056193,-0.0028139091659674354,-0.006026887631023628,239577
gtja_gtja_087,0.003196788692907109,-0.002169903811057871,-0.00536669250396498,251741
alpha_alpha066,0.003139440965342055,-0.002229070017527586,-0.005368510982869641,251741
alpha_alpha043,0.0030919581791480767,-0.0033069459662830665,-0.006398904145431143,251690
gtja_gtja_155,0.003055608806974349,-0.0006827189805536035,-0.0037383277875279526,252015
gtja_gtja_125,0.00298676487233155,-0.0015831547375957681,-0.004569919609927318,249853
gtja_gtja_127,0.002913023340018557,-0.00010189982211995159,-0.0030149231621385084,251635
gtja_gtja_005,0.002756357276575544,-0.0026928393763675897,-0.0054491966529431335,234146
gtja_gtja_131,0.002735625126765757,-0.004404161359555605,-0.007139786486321362,250526
alpha_alpha026,0.0026782163328300623,-0.002786203009372636,-0.005464419342202698,228528
alpha_alpha012,0.002657252112903208,-0.006515525928993448,-0.009172778041896656,251997
gtja_gtja_119,0.0026461435769312355,-0.002385190328967555,-0.005031333905898791,251055
alpha_alpha084,0.002569026101343984,-0.0014584755554864234,-0.004027501656830407,251433
gtja_gtja_062,0.00235932818063244,-0.001997105008675467,-0.004356433189307907,251664
alpha_alpha046,0.002326393646242618,-0.00729193745150241,-0.009618331097745028,251997
gtja_gtja_086,0.002326393646242618,-0.00729193745150241,-0.009618331097745028,251997
gtja_gtja_090,0.0023141219500762973,-0.0013735951370216085,-0.003687717087097906,248824
gtja_gtja_065,0.0022768868332400417,-0.0034258022758884782,-0.00570268910912852,251928
alpha_alpha069,0.0022434607625869346,-0.0017269036359244677,-0.003970364398511402,251809
gtja_gtja_016,0.002241215132986648,-0.0015241853781091928,-0.003765400511095841,241472
alpha_alpha050,0.002241215132986648,-0.0015241853781091928,-0.003765400511095841,241472
gtja_gtja_026,0.0021369565768623606,-0.007623502045021751,-0.009760458621884112,247583
gtja_gtja_083,0.0021121978358192364,-0.0013993182992849617,-0.003511516135104198,251945
alpha_alpha016,0.0021121978358192364,-0.0013993182992849617,-0.003511516135104198,251945
gtja_gtja_073,0.0020797985126562108,-0.0021773534766102243,-0.004257151989266435,251433
volume,0.0020792688620838635,-0.0032444649186653333,-0.005323733780749197,252015
gtja_gtja_025,0.00207101778660492,-0.0030846200412315643,-0.0051556378278364845,249038
debt_to_assets,0.0019387658447383947,-0.0003505411403627574,-0.002289306985101152,251676
alpha_alpha080,0.001901160178203726,-0.002077182411760867,-0.003978342589964593,251860
gtja_gtja_149,0.0018144139998039262,0.0028204470139174083,0.001006033014113482,246195
gtja_gtja_176,0.0017938552352646177,-0.0021722404830966965,-0.003966095718361314,251645
gtja_gtja_080,0.0017834650267712924,-0.0019056586843556877,-0.00368912371112698,251928
gtja_gtja_007,0.0017496990502674074,-0.0025640130798452224,-0.00431371213011263,251962
alpha_alpha011,0.0017496990502674074,-0.0025640130798452224,-0.00431371213011263,251962
talib_CORREL,0.0016289918653158487,-0.001370144295051627,-0.0029991361603674757,251690
turnover_rate,0.0016114019250491353,0.0010859844883715948,-0.0005254174366775405,252015
alpha_alpha044,0.0016034043953091904,-0.0020256385642046315,-0.003629042959513822,251733
gtja_gtja_100,0.0015776922961306013,-0.004480794171900765,-0.006058486468031366,251690
gtja_gtja_001,0.0015702155555064696,-0.0024052150778925904,-0.00397543063339906,251911
gtja_gtja_188,0.001515907325089372,-0.0030397674996905702,-0.004555674824779942,252015
alpha_alpha004,0.001512755214397414,-0.0009791415016963336,-0.0024918967160937476,251877
alpha_alpha031,0.0014515547202702405,-0.0027871283526425266,-0.004238683072912767,251690
alpha_alpha078,0.0013907092401365575,-0.001521272728700052,-0.0029119819688366096,248336
gtja_gtja_180,0.0013722388422866849,-0.0022522618271429763,-0.003624500669429661,251778
gtja_gtja_097,0.0013630904005041845,-0.004108652164311643,-0.005471742564815828,251860
alpha_alpha089,0.0013619372607667321,-0.002818427117088173,-0.004180364377854905,251571
gtja_gtja_081,0.0013469274478364246,-0.0039754013485589585,-0.005322328796395383,252015
gtja_gtja_035,0.0013205403388302514,-0.004498269473500151,-0.005818809812330402,251997
alpha_alpha038,0.0012777700793560405,-0.0032242142751744986,-0.004501984354530539,251860
alpha_alpha002,0.001260743564266609,-0.00324781661322334,-0.004508560177489949,251894
gtja_gtja_076,0.0012375667949379432,-0.0011202149359920133,-0.0023577817309299565,251673
gtja_gtja_171,0.001122971825474728,-0.002858907768308088,-0.003981879593782816,252015
gtja_gtja_048,0.0011111162096373531,-0.0028135447985978054,-0.0039246610082351585,251690
alpha_alpha091,0.00105364172244956,-0.0019284851386929041,-0.002982126861142464,251486
gtja_gtja_085,0.0010135557051412056,-0.0030903065722725624,-0.004103862277413768,251361
gtja_gtja_102,0.0009491179621333957,-0.0020789494771355863,-0.003028067439268982,251997
gtja_gtja_074,0.000934726556779173,-0.0030010787947534917,-0.003935805351532665,247644
gtja_gtja_044,0.0008913972578705712,-0.00309383220172098,-0.003985229459591551,251571
gtja_gtja_092,0.0008759336568154685,-0.0032582608989955527,-0.004134194555811021,251945
alpha_alpha086,0.0008714549667291696,0.010058273839304762,0.009186818872575593,251361
gtja_gtja_114,0.0008393386957240064,-0.006803215172494354,-0.007642553868218361,251840
alpha_alpha083,0.0008393386957240064,-0.006803215172494354,-0.007642553868218361,251840
alpha_alpha098,0.0008265786690559783,-0.0026367283769790717,-0.00346330704603505,247928
alpha_alpha101,0.0008064212849272596,-0.0032673926371372527,-0.004073813922064512,252015
alpha_alpha097,0.0007515242591825543,-0.0033038538710851704,-0.004055378130267725,250983
gtja_gtja_099,0.0007285750890501188,-0.001932945573987317,-0.002661520663037436,251945
alpha_alpha013,0.0007285750890501188,-0.001932945573987317,-0.002661520663037436,251945
gtja_gtja_011,0.0007216134621047011,-0.0020426871999285256,-0.0027643006620332268,251611
talib_BOP,0.0007086925860523828,-0.0032208848825795024,-0.003929577468631885,252015
gtja_gtja_109,0.0007011388014400862,-0.002501334871658774,-0.00320247367309886,252015
alpha_alpha014,0.0006740364852576165,-0.0021962229010651134,-0.00287025938632273,251860
gtja_gtja_136,0.0006714411257064028,-0.002197452434571975,-0.002868893560278378,251860
gtja_gtja_137,0.0006699372787185359,-0.007255850115397005,-0.00792578739411554,251997
gtja_gtja_017,0.000665413267440856,-0.0075177452155951036,-0.00818315848303596,251775
alpha_alpha082,0.0006259162851982554,-0.00408967084820398,-0.004715587133402236,251758
gtja_gtja_146,0.0006226657228324906,-0.004141156171239487,-0.004763821894071978,251673
alpha_alpha036,0.0005613177839244175,-0.0031903297297163386,-0.003751647513640756,247723
gtja_gtja_002,0.0004986336031916195,-0.0035259251646750033,-0.004024558767866623,251868
gtja_gtja_185,0.00045635514014139315,-0.00260049097492732,-0.003056846115068713,252015
gtja_gtja_028,0.0004481585519903828,-0.003405304899755075,-0.003853463451745458,251877
alpha_alpha030,0.0004325427313874265,-0.0034457809343161777,-0.003878323665703604,251690
alpha_alpha_custom_zscore_5d,0.0004124716722635111,-0.003457446655294928,-0.003869918327558439,251933
alpha_alpha022,0.0003579566809010703,-0.006335032130740281,-0.006692988811641351,251560
gtja_gtja_104,0.0003579566809010703,-0.006335032130740281,-0.006692988811641351,251560
alpha_alpha010,0.00028842271536506404,-0.007564322843835949,-0.007852745559201013,251997
alpha_alpha085,0.00027123761606322053,-0.0022560997331951835,-0.002527337349258404,251481
gtja_gtja_115,0.0002436378211339591,-0.0022231040059173548,-0.002466741827051314,250757
alpha_alpha033,0.00023110904742228633,-0.003812994105449465,-0.004044103152871751,252015
alpha_alpha057,0.0001431968154330084,-0.0059449934281813,-0.006088190243614309,251503
alpha_alpha048,0.00012605702943959633,-0.002467303386327644,-0.0025933604157672404,246225
alpha_alpha060,0.00012408606177658236,-0.003487885013991065,-0.003611971075767647,251789
gtja_gtja_139,0.00011696963799643061,-0.002166246716263846,-0.0022832163542602767,251860
alpha_alpha006,0.00011696963799643061,-0.002166246716263846,-0.0022832163542602767,251860
gtja_gtja_163,8.600668972394074e-05,-0.008808302417221895,-0.008894309106945835,251690
alpha_alpha054,5.765984975507517e-05,-0.0036688104315852313,-0.0037264702813403065,251935
alpha_alpha025,5.64490248752339e-05,-0.008696363653363213,-0.008752812678238447,252015
gtja_gtja_105,3.919648430973817e-05,-0.002841965565848837,-0.0028811620501585753,248019
alpha_alpha003,3.919648430973817e-05,-0.002841965565848837,-0.0028811620501585753,248019
alpha_alpha039,-3.7838515340875116e-05,-0.007470261015370991,-0.0074324225000301156,246284
gtja_gtja_124,-0.00014432933204606199,-0.00616230453852848,-0.006017975206482418,251503
gtja_gtja_178,-0.00027627012760809413,-0.003386174741010371,-0.003109904613402277,251997
alpha_alpha087,-0.0002854565332473559,-0.003373437876062262,-0.0030879813428149063,251945
alpha_alpha001,-0.0003019995433345109,-0.006247275178591809,-0.005945275635257298,251662
alpha_alpha063,-0.00031896690614950565,-0.004049646617936561,-0.0037306797117870553,250965
alpha_alpha_custom_kurt_filter,-0.0003256082440900353,-0.00402099429402967,-0.003695386049939635,251690
alpha_alpha035,-0.00037526179314059703,-0.003927422614848079,-0.0035521608217074824,251486
alpha_alpha009,-0.0003986456278925474,-0.007866757360373703,-0.007468111732481156,251997
gtja_gtja_022,-0.0004241944197419618,-0.00517101546415605,-0.004746821044414088,251877
gtja_gtja_117,-0.00044629605166894093,-0.0039039445663794615,-0.0034576485147105205,251469
alpha_alpha072,-0.0004995094493457813,-0.0017802997582896558,-0.0012807903089438746,250818
alpha_alpha034,-0.0005103880964112805,-0.00474237667259766,-0.00423198857618638,251997
gtja_gtja_039,-0.0005112249272877616,-0.004484720662675489,-0.003973495735387728,246574
gtja_gtja_038,-0.0005427767789706398,-0.009789947052572478,-0.009247170273601838,252015
alpha_alpha023,-0.0005429558368174499,-0.00979358677927644,-0.00925063094245899,252015
alpha_alpha076,-0.0005651331985406789,-0.0015827865332686234,-0.0010176533347279445,251809
gtja_gtja_130,-0.0005712181495828059,-0.0014988758898828143,-0.0009276577403000085,243897
alpha_alpha059,-0.0005757409047271438,-0.002808986213767522,-0.0022332453090403784,251588
gtja_gtja_015,-0.0005962599213819916,-0.00361151730808416,-0.0030152573867021685,251997
gtja_gtja_075,-0.000655223349663058,-0.0024189023745806175,-0.0017636790249175595,251163
talib_STOCH_0,-0.0006588431224931277,-0.004163992958535326,-0.003505149836042198,251877
alpha_alpha028,-0.0006759176330587008,-0.004920762430027118,-0.004244844796968417,241142
gtja_gtja_179,-0.0008864781369602418,-0.0031058513740976337,-0.002219373237137392,247863
gtja_gtja_191,-0.0010509141989266755,-0.005981703213032558,-0.004930789014105883,251543
gtja_gtja_023,-0.001136681918098219,-0.0037449528458779386,-0.0026082709277797196,251690
alpha_alpha041,-0.0013565096245010053,-0.009367205801577613,-0.008010696177076608,252015
gtja_gtja_013,-0.0013565096245010053,-0.009367205801577613,-0.008010696177076608,252015
gtja_gtja_043,-0.0013620876540810915,-0.0037748207110210965,-0.002412733056940005,251928
alpha_alpha005,-0.001363664876057497,-0.0069106463915374885,-0.0055469815154799915,251860
alpha_alpha071,-0.0014300405888885708,-0.004522697548524773,-0.0030926569596362026,251707
gtja_gtja_032,-0.0015000950411587373,-0.0035725290712584545,-0.002072434030099717,244755
gtja_gtja_168,-0.0015775104616089469,-0.0028530093482756575,-0.0012754988866667107,251690
gtja_gtja_037,-0.001580785595343079,-0.008519382652733337,-0.006938597057390258,251758
alpha_alpha015,-0.0015915887276287182,-0.0038789100214349755,-0.0022873212938062572,251979
gtja_gtja_142,-0.0015994881114366187,-0.005294593178034234,-0.0036951050665976156,251622
alpha_alpha017,-0.001618221512103302,-0.005294781328603285,-0.0036765598164999833,251860
talib_BETA,-0.0016810331136308861,-0.004483321631943504,-0.0028022885183126177,251690
gtja_gtja_141,-0.0017115811644200674,-0.0021931776859915255,-0.00048159652157145805,248902
gtja_gtja_158,-0.00171531255604475,-0.0021543009173098622,-0.00043898836126511214,252015
gtja_gtja_140,-0.0017275904634967338,-0.0039519192149821865,-0.0022243287514854527,251894
alpha_alpha056,-0.0017381568717858365,-0.005824420343916562,-0.004086263472130726,251860
alpha_alpha093,-0.0017457846013137046,-0.002408951705648712,-0.0006631671043350075,251289
alpha_alpha055,-0.0017474328746427906,-0.00399086837332507,-0.0022434354986822797,251645
talib_WILLR,-0.0017496528226404154,-0.0040691587374394825,-0.002319505914799067,251792
gtja_gtja_064,-0.0018057027696214195,-0.0035739610120287483,-0.0017682582424073288,236332
talib_ADOSC,-0.0018063165020642288,-0.003570135627728938,-0.0017638191256647093,251860
talib_AROON_1,-0.0018193314119409074,-0.002171037665940302,-0.0003517062539993944,251792
talib_STOCH_1,-0.0018544623155765274,-0.004485218489787878,-0.0026307561742113504,251877
gtja_gtja_014,-0.0019802231141405275,-0.009673796068579269,-0.007693572954438742,251928
alpha_alpha008,-0.001988054565943074,-0.008599547118594654,-0.00661149255265158,251775
alpha_alpha051,-0.002024173939230491,-0.005636366443772327,-0.0036121925045418364,251997
gtja_gtja_036,-0.002031071412525306,-0.0030750012448916295,-0.0010439298323663233,245902
gtja_gtja_145,-0.0020589780653563986,-0.0025495799996676327,-0.0004906019343112339,251588
gtja_gtja_066,-0.0020837279201576715,-0.005591385257971549,-0.003507657337813877,251928
alpha_alpha058,-0.002190282758298622,-0.004087125898197867,-0.0018968431398992452,251758
gtja_gtja_166,-0.00231423750266529,-0.004259448557255844,-0.0019452110545905542,251343
ocf_yoy,-0.0023491436864397633,-0.006392903642687945,-0.004043759956248181,251693
gtja_gtja_008,-0.0023491877238170323,-0.009665928102094462,-0.00731674037827743,251945
talib_AD,-0.0023683837116247135,-0.001569169788016359,0.0007992139236083544,252015
alpha_alpha032,-0.002385696394144381,-0.007071606756918225,-0.0046859103627738445,246719
talib_MACD_2,-0.002430496698840507,-0.009388226094687585,-0.006957729395847078,252015
alpha_alpha020,-0.0024482134725485345,-0.005734317621447227,-0.0032861041488986926,251997
gtja_gtja_107,-0.0024482134725485345,-0.005734317621447227,-0.0032861041488986926,251997
talib_MFI,-0.0025130019259279133,-0.004977294640007861,-0.002464292714079948,251775
gtja_gtja_110,-0.002557534745380498,-0.005227382536878752,-0.0026698477914982545,251690
gtja_gtja_089,-0.0025585914283616923,-0.00937362498373754,-0.006815033555375848,252015
alpha_alpha053,-0.002592709086441291,-0.0037516189475138005,-0.0011589098610725096,251860
gtja_gtja_057,-0.0026488990956990057,-0.0045850489391706575,-0.001936149843471652,251877
gtja_gtja_003,-0.0027135465770762156,-0.00983174025395759,-0.007118193676881374,251928
gtja_gtja_009,-0.002792414031565542,-0.009256903159390028,-0.006464489127824486,251997
gtja_gtja_128,-0.0028374791893696163,-0.005183449997812115,-0.0023459708084424984,251775
gtja_gtja_018,-0.0029228797430743427,-0.006438358695826655,-0.003515478952752312,251928
gtja_gtja_078,-0.0029860174610672626,-0.00533144021106027,-0.002345422749993007,251639
gtja_gtja_118,-0.0030351902183348625,-0.005773184941300973,-0.0027379947229661103,251690
gtja_gtja_058,-0.0031405881543488494,-0.00501588398959716,-0.0018752958352483107,251673
talib_MAXINDEX,-0.003248508605750547,-0.003994765180753764,-0.0007462565750032172,251520
gtja_gtja_053,-0.003301813884155813,-0.005438308092034321,-0.0021364942078785083,251809
alpha_alpha070,-0.00330222251959775,-0.006072842126036185,-0.0027706196064384353,251433
current_ratio,-0.0033952792727840937,-0.0038232763935472144,-0.00042799712076312086,219413
alpha_alpha100,-0.00341822592018552,-0.0006576314114776241,0.0027605945087078956,15813
talib_CCI,-0.0034593353328933206,-0.005647927627493193,-0.0021885922945998728,251792
cfps,-0.0034689501190660723,-0.008344015739901272,-0.0048750656208352,251426
gtja_gtja_019,-0.003500811789364439,-0.00637728792435647,-0.002876476134992031,251911
gtja_gtja_020,-0.003500811789364439,-0.00637728792435647,-0.002876476134992031,251911
gtja_gtja_112,-0.0035341768173481865,-0.005456315667809715,-0.0019221388504615288,251826
gtja_gtja_029,-0.0035422674205527723,-0.006243340689295286,-0.0027010732687425135,251911
gtja_gtja_111,-0.003564129278599501,-0.0018877826409520986,0.0016763466376474025,63129
talib_CMO,-0.003638378715425603,-0.00545123191035287,-0.0018128531949272672,251775
gtja_gtja_063,-0.003731216830266469,-0.005231127158197373,-0.001499910327930904,251997
quick_ratio,-0.0038203010806291773,-0.004696582095178462,-0.0008762810145492845,219333
talib_MININDEX,-0.003820958942103096,-0.004355980322901051,-0.0005350213807979555,251520
talib_NATR,-0.003943408512204659,-0.0021610310273870435,0.0017823774848176154,251792
gtja_gtja_159,-0.00396930699221498,-0.0026475945869530574,0.0013217124052619226,251622
gtja_gtja_055,-0.004032968492409205,-0.009473362614220184,-0.005440394121810979,251673
ocfps,-0.0041010541523561345,-0.0074952102680034115,-0.003394156115647277,251426
talib_AROONOSC,-0.004159984721363743,-0.005432030375572528,-0.0012720456542087842,251792
gtja_gtja_045,-0.004224657669356275,-0.00490826133660816,-0.0006836036672518852,248688
alpha_alpha049,-0.004247745812596668,-0.008489934240883968,-0.004242188428287301,251997
pe,-0.004272888937183708,-0.004767244333603927,-0.0004943553964202187,239188
fcff,-0.004281981290852456,-0.00863149965534274,-0.004349518364490284,215178
gtja_gtja_084,-0.004293381684530832,-0.0053509933882310845,-0.0010576117037002523,251690
gtja_gtja_134,-0.004299714711849042,-0.005456328834336819,-0.001156614122487777,251809
grossprofit_margin,-0.004306112630423041,-0.0047819385298689746,-0.00047582589944593394,216288
alpha_alpha_custom_decaylinear_mom,-0.004346991176878272,-0.006127380797358815,-0.0017803896204805429,251860
gtja_gtja_096,-0.004530905729737788,-0.005062515248561756,-0.0005316095188239678,251877
gtja_gtja_021,-0.004610265052183674,-0.010988495959586708,-0.006378230907403034,251843
talib_MOM,-0.004667002543290811,-0.010251287884462962,-0.005584285341172152,251843
alpha_alpha090,-0.004737952121005192,-0.007237967224537244,-0.002500015103532052,251911
gtja_gtja_079,-0.004758709420424748,-0.0058890372174345545,-0.0011303277970098069,251997
talib_ULTOSC,-0.0047747066314787175,-0.005447356092902277,-0.000672649461423559,251554
gtja_gtja_031,-0.004897025291328749,-0.006588723494538096,-0.0016916982032093466,251826
alpha_alpha037,-0.004919944150776925,-0.007903466660967409,-0.0029835225101904838,247695
gtja_gtja_184,-0.004919944150776925,-0.007903466660967409,-0.0029835225101904838,247695
talib_RSI,-0.004985128401372506,-0.006159481508192408,-0.001174353106819902,251775
gtja_gtja_051,-0.005032435284197431,-0.005832000180739082,-0.000799564896541651,251826
gtja_gtja_050,-0.005041681529664739,-0.005832000180739082,-0.0007903186510743429,251826
gtja_gtja_091,-0.0055016676234369635,-0.006653385723307408,-0.0011517180998704443,251229
talib_PLUS_DI,-0.005599889151715317,-0.006374872249673688,-0.0007749830979583715,251775
talib_ROC,-0.00587518037335614,-0.007201521110647734,-0.0013263407372915933,251843
talib_ROCP,-0.00587518037335614,-0.007201521110647734,-0.0013263407372915933,251843
talib_ROCR,-0.005875649655761567,-0.0072019903930531605,-0.0013263407372915933,251843
talib_ROCR100,-0.005875649655761567,-0.0072019903930531605,-0.0013263407372915933,251843
gtja_gtja_177,-0.005904448394334037,-0.004221489450822864,0.0016829589435111724,251690
gtja_gtja_060,-0.005952185654516736,-0.005257123393081491,0.0006950622614352453,250710
gtja_gtja_006,-0.006056172008318617,-0.008841502069364465,-0.002785330061045848,251945
gtja_gtja_133,-0.0061382723656822425,-0.006305815661858059,-0.00016754329617581616,251690
gtja_gtja_069,-0.006240180177079139,-0.00637842734656232,-0.00013824716948318105,251690
gtja_gtja_067,-0.006295698458416483,-0.007053472598233261,-0.0007577741398167779,251997
gtja_gtja_094,-0.0064197476128860466,-0.005125056303369584,0.0012946913095164627,251520
gtja_gtja_061,-0.006474464105013069,-0.007897433216275784,-0.0014229691112627152,251809
talib_LINEARREG_ANGLE,-0.006650325663452058,-0.01158934850991283,-0.004939022846460772,251792
talib_LINEARREG_SLOPE,-0.006650325663452058,-0.01158934850991283,-0.004939022846460772,251792
gtja_gtja_024,-0.006834367556694496,-0.011365895871779707,-0.0045315283150852105,251928
gtja_gtja_010,-0.006889445510676481,-0.010477942614603495,-0.0035884971039270137,252015
gtja_gtja_068,-0.0072209689975868945,-0.010335300121570327,-0.003114331123983433,251997
gtja_gtja_071,-0.007342421578324293,-0.0073766920741568515,-3.4270495832558404e-05,251622
gtja_gtja_040,-0.007771610930503154,-0.006826586812570037,0.0009450241179331165,251588
talib_MACD_0,-0.007833655226596842,-0.011725431637614732,-0.00389177641101789,252015
talib_APO,-0.007921526543892807,-0.011870189075145133,-0.003948662531252326,251588
talib_MACD_1,-0.00794142755726288,-0.012109088198673207,-0.004167660641410326,252015
gtja_gtja_151,-0.008297833617221135,-0.013089728151873323,-0.0047918945346521885,251673
gtja_gtja_059,-0.008688414197254796,-0.012293120037243832,-0.003604705839989037,251690
gtja_gtja_122,-0.00881531248397261,-0.006462451643131335,0.002352860840841277,251997
netprofit_margin,-0.008879014579584128,-0.0042652725134075704,0.004613742066176558,251932
gtja_gtja_052,-0.00894034334559554,-0.007478334090352817,0.001462009255242723,251588
gtja_gtja_106,-0.00915775916018257,-0.012176150875994425,-0.003018391715811855,251673
gtja_gtja_116,-0.009238786822023707,-0.012398823751000841,-0.003160036928977135,251690
gtja_gtja_088,-0.009354726113285453,-0.008279489687155701,0.0010752364261297517,251673
gtja_gtja_147,-0.009465981118010721,-0.012682418094062365,-0.0032164369760516428,251639
gtja_gtja_027,-0.009586508765849369,-0.008869971852065707,0.0007165369137836612,251911
assets_turn,-0.009671127602768474,-0.007298480154895101,0.0023726474478733732,251676
gtja_gtja_135,-0.009805862730708919,-0.009801865297229808,3.997433479109955e-06,251656
gtja_gtja_164,-0.009934510242603336,-0.00637735596883905,0.003557154273764286,82520
gtja_gtja_169,-0.010021740217242862,-0.01186101081008694,-0.0018392705928440775,251554
talib_PPO,-0.010301305155055212,-0.009309198890481452,0.0009921062645737607,251588
netprofit_yoy,-0.010404768708109262,-0.0074901448407655785,0.0029146238673436833,251732
talib_TRIX,-0.010754137400184036,-0.00966149678140137,0.0010926406187826657,251997
gtja_gtja_152,-0.01105544100121948,-0.009135833353629963,0.001919607647589517,251397
or_yoy,-0.011508546545684057,-0.007763933050668059,0.0037446134950159977,251732
talib_COVAR,-0.01308780796638932,-0.00825039660138872,0.004837411365000598,251690
talib_AVGDEV,-0.013407246144256067,-0.008256762690208856,0.005150483454047211,251690
talib_STDDEV,-0.013442892831629027,-0.008401512499882106,0.005041380331746921,251690
talib_VAR,-0.013442892831629027,-0.008401512499882106,0.005041380331746921,251690
pb,-0.014187713585202584,-0.0103914354665442,0.003796278118658383,251785
gtja_gtja_189,-0.014217930708236655,-0.00938119852020287,0.0048367321880337846,251843
gtja_gtja_129,-0.014228177616386678,-0.00948916042697408,0.004739017189412598,251826
gtja_gtja_183,-0.014287740994641827,-0.011999792134693349,0.0022879488599484776,250798
gtja_gtja_175,-0.014783504512379735,-0.010285431897063468,0.004498072615316266,251928
gtja_gtja_174,-0.014802638305906102,-0.00976897684613136,0.005033661459774742,251690
gtja_gtja_160,-0.014898864397989747,-0.009784693695118096,0.005114170702871652,251690
talib_TRANGE,-0.01490317370511695,-0.0102731713816292,0.00463000232348775,252015
gtja_gtja_093,-0.015141603883347562,-0.0099891653289046,0.0051524385544429625,251690
gtja_gtja_161,-0.015213196268119874,-0.010400838348263379,0.0048123579198564945,251826
talib_ATR,-0.016086746791184693,-0.010672980182046076,0.005413766609138618,251792
gtja_gtja_167,-0.016134684252355636,-0.011778117180422907,0.00435656707193273,251826
bps,-0.016388706099869928,-0.012572438259943345,0.0038162678399265813,251465
gtja_gtja_165,-0.016445388396847165,-0.011987987442024913,0.00445740095482225,249230
talib_MAMA_1,-0.016474152172443787,-0.012730571922801847,0.0037435802496419398,251997
gtja_gtja_187,-0.016588537740069555,-0.011560078361125608,0.005028459378943948,251690
gtja_gtja_070,-0.017137229543190045,-0.01014009426632154,0.0069971352768685045,251928
talib_LINEARREG_INTERCEPT,-0.017255623461449165,-0.013007806459506156,0.004247817001943008,251792
talib_BBANDS_0,-0.017308454277489248,-0.012876650393071322,0.004431803884417924,251690
talib_MINMAX_1,-0.017356908159235143,-0.012947661482053284,0.004409246677181859,251520
talib_MAMA_0,-0.017587617486116112,-0.013232150076598243,0.0043554674095178676,251997
talib_T3,-0.01779492164561009,-0.013288323728597768,0.004506597917012325,252015
talib_TRIMA,-0.01784914602755454,-0.013366891704214172,0.004482254323340366,251690
talib_EMA,-0.017850244186730882,-0.013217219034405009,0.004633025152325872,252015
talib_SUM,-0.017941340066512268,-0.013379757833032494,0.004561582233479772,251690
talib_SMA,-0.017941340066512268,-0.013379757833032494,0.004561582233479772,251690
talib_KAMA,-0.017956677159897984,-0.013425924793985109,0.004530752365912876,251673
talib_MIDPRICE,-0.01804976361289295,-0.013437730610242962,0.00461203300264999,251690
talib_MIDPOINT,-0.018122857407920162,-0.013523647680899671,0.00459920972702049,251690
talib_WMA,-0.018201626959891047,-0.013468447172375178,0.004733179787515867,251690
talib_HT_TRENDLINE,-0.018306036154893974,-0.013407123228579664,0.004898912926314309,251911
talib_DEMA,-0.018365650191311797,-0.013472412052201841,0.0048932381391099565,252015
gtja_gtja_153,-0.0184031449998776,-0.013565398422268839,0.004837746577608763,251622
talib_TEMA,-0.018455615219707455,-0.01337076836039829,0.005084846859309165,252015
talib_MEDPRICE,-0.018511434466131873,-0.01342038355340343,0.005091050912728443,252015
talib_AVGPRICE,-0.018540266566884317,-0.013438890545404744,0.005101376021479573,252015
gtja_gtja_126,-0.01855029859882793,-0.013410570828951874,0.0051397277698760555,252015
talib_TYPPRICE,-0.01855798618272514,-0.013416773976057868,0.00514121220666727,252015
amount,-0.018558865605276954,-0.009946482367085877,0.008612383238191076,252015
talib_WCLPRICE,-0.018559238711437682,-0.013424677791760549,0.005134560919677132,252015
talib_SAR,-0.018583502475883737,-0.01351761119929518,0.005065891276588557,251997
gtja_gtja_173,-0.01860118185917307,-0.01334211093273914,0.0052590709264339315,252015
talib_LINEARREG,-0.018645145395631953,-0.013503365964278787,0.005141779431353165,251792
talib_TSF,-0.01871049639594321,-0.013540361660534763,0.005170134735408446,251792
talib_MINMAX_0,-0.018730783356002947,-0.013766305499936462,0.004964477856066486,251520
gtja_gtja_095,-0.01893329352549765,-0.010905616467075854,0.008027677058421796,251690
roe,-0.01896718296827571,-0.014329393128529275,0.004637789839746434,251821
talib_BBANDS_2,-0.01901747052881166,-0.014008942199123164,0.005008528329688494,251690
gtja_gtja_150,-0.01973521756751849,-0.013824064675278877,0.005911152892239613,252015
roa,-0.019742204531543597,-0.014199395345342196,0.005542809186201401,216288
roe_waa,-0.019753663425939188,-0.015068476342214364,0.004685187083724825,242050
circ_cap,-0.020071993152191034,-0.008405132501008487,0.011666860651182547,252015
gtja_gtja_004,-0.021072535972591212,-0.013165190208534981,0.007907345764056233,252015
alpha_alpha021,-0.021294204388406374,-0.013391267081596717,0.007902937306809658,252015
gtja_gtja_132,-0.023332520140974068,-0.013808025785117764,0.009524494355856306,251690
cap,-0.023585975714576424,-0.007345986317089301,0.016239989397487123,252015
alpha_alpha007,-0.028069215454983306,-0.0023298080501783875,0.025739407404804918,251744
gtja_gtja_154,-0.046984491939312534,-0.002018546014796594,0.04496594592451594,247807
