id,symbol,side,order_type,quantity,filled_quantity,limit_price,stop_price,avg_price,commission,status,time_in_force,created_at,updated_at,tag,reject_reason,position_effect,reduce_only,created_at_iso,updated_at_iso,owner_strategy_id,filled_value,duration
d7e04914-2505-4f54-ac94-52765d90b823,000617.SZ,buy,market,394500.0,394500.0,,,14.86485,14660.4583125,filled,gtc,2018-01-02 00:00:00+08:00,2018-01-03 00:00:00+08:00,,,open,False,2018-01-01T16:00:00Z,2018-01-02T16:00:00Z,_default,5864183.325,1 days
7dd1c7fb-bfef-47b1-9bc1-ddd61d3df014,603806.SH,buy,market,169500.0,169500.0,,,34.28425,14527.9509375,filled,gtc,2018-01-02 00:00:00+08:00,2018-01-03 00:00:00+08:00,,,open,False,2018-01-01T16:00:00Z,2018-01-02T16:00:00Z,_default,5811180.375,1 days
05f57fb0-ccfc-41fa-82fd-f7f4fa1f41a4,603501.SH,buy,market,137000.0,137000.0,,,42.32228,14495.3809,filled,gtc,2018-01-02 00:00:00+08:00,2018-01-03 00:00:00+08:00,,,open,False,2018-01-01T16:00:00Z,2018-01-02T16:00:00Z,_default,5798152.36,1 days
dbed050f-dc11-401e-9deb-6c4d7959c475,601360.SH,buy,market,115100.0,115100.0,,,53.053,15266.00075,filled,gtc,2018-01-02 00:00:00+08:00,2018-01-03 00:00:00+08:00,,,open,False,2018-01-01T16:00:00Z,2018-01-02T16:00:00Z,_default,6106400.3,1 days
f87cb8dc-e935-4a2c-bae1-46c5e7302aa2,600732.SH,buy,market,766200.0,766200.0,,,7.63763,14629.880265,filled,gtc,2018-01-02 00:00:00+08:00,2018-01-03 00:00:00+08:00,,,open,False,2018-01-01T16:00:00Z,2018-01-02T16:00:00Z,_default,5851952.106,1 days
b72f50d6-6ecc-4145-b03d-f0508b3ee9ec,600233.SH,buy,market,343500.0,343500.0,,,17.00699,14604.7526625,filled,gtc,2018-01-02 00:00:00+08:00,2018-01-03 00:00:00+08:00,,,open,False,2018-01-01T16:00:00Z,2018-01-02T16:00:00Z,_default,5841901.0649999995,1 days
08af83c6-d9e2-4d33-a394-759e7499de47,600039.SH,buy,market,1420300.0,1420300.0,,,4.12412,14643.71909,filled,gtc,2018-01-02 00:00:00+08:00,2018-01-03 00:00:00+08:00,,,open,False,2018-01-01T16:00:00Z,2018-01-02T16:00:00Z,_default,5857487.635999999,1 days
d4144674-c563-4313-9e01-59933f8ff4f8,302132.SZ,buy,market,565300.0,565300.0,,,10.32031,14585.1781075,filled,gtc,2018-01-02 00:00:00+08:00,2018-01-03 00:00:00+08:00,,,open,False,2018-01-01T16:00:00Z,2018-01-02T16:00:00Z,_default,5834071.243,1 days
484a2e14-2fe1-413c-81cf-2b5245e6e059,600438.SH,buy,market,458100.0,458100.0,,,12.74273,14593.6115325,filled,gtc,2018-01-02 00:00:00+08:00,2018-01-03 00:00:00+08:00,,,open,False,2018-01-01T16:00:00Z,2018-01-02T16:00:00Z,_default,5837444.613,1 days
00e324dc-47f4-42a1-8f80-dc0e8dd9f86d,300394.SZ,buy,market,257300.0,257300.0,,,22.66264,14577.74318,filled,gtc,2018-01-02 00:00:00+08:00,2018-01-03 00:00:00+08:00,,,open,False,2018-01-01T16:00:00Z,2018-01-02T16:00:00Z,_default,5831097.272,1 days
008cb18c-28df-44ec-84db-52919724b537,300223.SZ,buy,market,162800.0,162800.0,,,35.40537,14409.98559,filled,gtc,2018-01-02 00:00:00+08:00,2018-01-03 00:00:00+08:00,,,open,False,2018-01-01T16:00:00Z,2018-01-02T16:00:00Z,_default,5763994.236,1 days
f8a2a7e5-c7de-4a57-9248-04dbcc41bf5c,002841.SZ,buy,market,79900.0,79900.0,,,72.95288,14572.33778,filled,gtc,2018-01-02 00:00:00+08:00,2018-01-03 00:00:00+08:00,,,open,False,2018-01-01T16:00:00Z,2018-01-02T16:00:00Z,_default,5828935.112,1 days
ad5140c2-6e04-4504-a00b-27b56f9278f9,002837.SZ,buy,market,285700.0,285700.0,,,20.35033,14535.2232025,filled,gtc,2018-01-02 00:00:00+08:00,2018-01-03 00:00:00+08:00,,,open,False,2018-01-01T16:00:00Z,2018-01-02T16:00:00Z,_default,5814089.2809999995,1 days
91d09ffe-c30d-47b4-8427-79804bf5d331,002532.SZ,buy,market,919900.0,919900.0,,,6.34634,14594.995415,filled,gtc,2018-01-02 00:00:00+08:00,2018-01-03 00:00:00+08:00,,,open,False,2018-01-01T16:00:00Z,2018-01-02T16:00:00Z,_default,5837998.165999999,1 days
e48394e1-785c-4b6e-b930-486b13e72ba7,002459.SZ,buy,market,490100.0,490100.0,,,11.94193,14631.8497325,filled,gtc,2018-01-02 00:00:00+08:00,2018-01-03 00:00:00+08:00,,,open,False,2018-01-01T16:00:00Z,2018-01-02T16:00:00Z,_default,5852739.892999999,1 days
3ae9c0a0-11aa-4f5a-bc59-29e0d274a724,000657.SZ,buy,market,464000.0,464000.0,,,12.52251,14526.1116,filled,gtc,2018-01-02 00:00:00+08:00,2018-01-03 00:00:00+08:00,,,open,False,2018-01-01T16:00:00Z,2018-01-02T16:00:00Z,_default,5810444.640000001,1 days
b40d3def-c1f7-4412-8511-97a4375e92c9,300442.SZ,buy,market,271200.0,271200.0,,,21.63161,14666.23158,filled,gtc,2018-01-02 00:00:00+08:00,2018-01-03 00:00:00+08:00,,,open,False,2018-01-01T16:00:00Z,2018-01-02T16:00:00Z,_default,5866492.631999999,1 days
3d122b97-b26a-4792-bb1a-1812f08bfda6,300223.SZ,buy,market,47800.0,47800.0,,,29.07905,3474.946475,filled,gtc,2018-01-30 00:00:00+08:00,2018-01-31 00:00:00+08:00,,,open,False,2018-01-29T16:00:00Z,2018-01-30T16:00:00Z,_default,1389978.5899999999,1 days
23682aa9-5c04-4024-867d-296941a51351,300394.SZ,buy,market,63900.0,63900.0,,,19.38937,3097.4518575,filled,gtc,2018-01-30 00:00:00+08:00,2018-01-31 00:00:00+08:00,,,open,False,2018-01-29T16:00:00Z,2018-01-30T16:00:00Z,_default,1238980.743,1 days
855ad822-0edc-43d9-aecb-0105934f09c9,302132.SZ,buy,market,78200.0,78200.0,,,9.66966,1890.41853,filled,gtc,2018-01-30 00:00:00+08:00,2018-01-31 00:00:00+08:00,,,open,False,2018-01-29T16:00:00Z,2018-01-30T16:00:00Z,_default,756167.412,1 days
dcee6005-82a8-4aa2-af54-b8ec3f4e3f5a,002532.SZ,buy,market,56000.0,56000.0,,,6.37637,892.6918,filled,gtc,2018-01-30 00:00:00+08:00,2018-01-31 00:00:00+08:00,,,open,False,2018-01-29T16:00:00Z,2018-01-30T16:00:00Z,_default,357076.72,1 days
1a63e37b-509e-4386-b410-e46984986601,002841.SZ,buy,market,10200.0,10200.0,,,69.069,1761.2595,filled,gtc,2018-01-30 00:00:00+08:00,2018-01-31 00:00:00+08:00,,,open,False,2018-01-29T16:00:00Z,2018-01-30T16:00:00Z,_default,704503.8,1 days
4be20469-b981-47b3-ae55-e6a399ef8305,002459.SZ,buy,market,43800.0,43800.0,,,11.69168,1280.23896,filled,gtc,2018-01-30 00:00:00+08:00,2018-01-31 00:00:00+08:00,,,open,False,2018-01-29T16:00:00Z,2018-01-30T16:00:00Z,_default,512095.584,1 days
6c8244ef-4da0-4a12-aea2-9d48291e2b0e,300661.SZ,buy,market,78600.0,78600.0,,,78.44837,15415.104705,filled,gtc,2018-01-30 00:00:00+08:00,2018-01-31 00:00:00+08:00,,,open,False,2018-01-29T16:00:00Z,2018-01-30T16:00:00Z,_default,6166041.882,1 days
73e69f71-ad64-405c-b1a4-0e10d9032ae9,002837.SZ,buy,market,37500.0,37500.0,,,19.30929,1810.2459375,filled,gtc,2018-01-30 00:00:00+08:00,2018-01-31 00:00:00+08:00,,,open,False,2018-01-29T16:00:00Z,2018-01-30T16:00:00Z,_default,724098.375,1 days
20f8bfdd-a5b1-4878-8577-17cb8223b00b,300502.SZ,buy,market,265700.0,265700.0,,,23.8238,15824.95915,filled,gtc,2018-01-30 00:00:00+08:00,2018-01-31 00:00:00+08:00,,,open,False,2018-01-29T16:00:00Z,2018-01-30T16:00:00Z,_default,6329983.659999999,1 days
c877c7d1-ac51-482e-9f7a-c4e60b97551f,300442.SZ,buy,market,32100.0,32100.0,,,20.45043,1641.1470075,filled,gtc,2018-01-30 00:00:00+08:00,2018-01-31 00:00:00+08:00,,,open,False,2018-01-29T16:00:00Z,2018-01-30T16:00:00Z,_default,656458.8030000001,1 days
afef574d-a23e-4a0e-849c-5b9a9ba4dcb4,603501.SH,buy,market,38500.0,38500.0,,,34.92489,3361.5206625,filled,gtc,2018-01-30 00:00:00+08:00,2018-01-31 00:00:00+08:00,,,open,False,2018-01-29T16:00:00Z,2018-01-30T16:00:00Z,_default,1344608.265,1 days
992952b1-652e-43c8-b741-f399ce893dac,000617.SZ,sell,market,394500.0,394500.0,,,14.70528,14503.0824,filled,gtc,2018-01-30 00:00:00+08:00,2018-01-31 00:00:00+08:00,,,close,False,2018-01-29T16:00:00Z,2018-01-30T16:00:00Z,_default,5801232.96,1 days
63854076-28fd-4b15-943e-0da7bb7739e9,000657.SZ,sell,market,464000.0,464000.0,,,12.63735,14659.326,filled,gtc,2018-01-30 00:00:00+08:00,2018-01-31 00:00:00+08:00,,,close,False,2018-01-29T16:00:00Z,2018-01-30T16:00:00Z,_default,5863730.399999999,1 days
d8c06a64-4896-400d-832b-8e4b1b9af140,600039.SH,sell,market,1420300.0,1420300.0,,,4.08591,14508.0449325,filled,gtc,2018-01-30 00:00:00+08:00,2018-01-31 00:00:00+08:00,,,close,False,2018-01-29T16:00:00Z,2018-01-30T16:00:00Z,_default,5803217.973,1 days
e676db3a-e8f1-4db3-a589-9efdf93df7b0,600233.SH,sell,market,343500.0,343500.0,,,16.57341,14232.4158375,filled,gtc,2018-01-30 00:00:00+08:00,2018-01-31 00:00:00+08:00,,,close,False,2018-01-29T16:00:00Z,2018-01-30T16:00:00Z,_default,5692966.335,1 days
9579eed9-a4aa-426e-b551-550a20e53dfc,603806.SH,buy,market,16800.0,16800.0,,,33.1331,1391.5902,filled,gtc,2018-01-30 00:00:00+08:00,2018-01-31 00:00:00+08:00,,,open,False,2018-01-29T16:00:00Z,2018-01-30T16:00:00Z,_default,556636.08,1 days
b5693c95-ae6b-4880-8c0e-2851e77fd168,600732.SH,buy,market,160400.0,160400.0,,,6.77677,2717.48477,filled,gtc,2018-01-30 00:00:00+08:00,2018-01-31 00:00:00+08:00,,,open,False,2018-01-29T16:00:00Z,2018-01-30T16:00:00Z,_default,1086993.908,1 days
17d19b7b-f7af-4065-99c9-9f4e167a2171,601058.SH,buy,market,1839500.0,1839500.0,,,3.39339,15605.3522625,filled,gtc,2018-01-30 00:00:00+08:00,2018-01-31 00:00:00+08:00,,,open,False,2018-01-29T16:00:00Z,2018-01-30T16:00:00Z,_default,6242140.905,1 days
98acfee8-8f5e-410e-84f7-ce7a97da49d8,601360.SH,buy,market,1400.0,1400.0,,,55.055,192.6925,filled,gtc,2018-01-30 00:00:00+08:00,2018-01-31 00:00:00+08:00,,,open,False,2018-01-29T16:00:00Z,2018-01-30T16:00:00Z,_default,77077.0,1 days
e48767bc-91f4-45e6-b7cf-802a0d7d6d90,600438.SH,sell,market,458100.0,458100.0,,,12.00798,13752.139095,filled,gtc,2018-01-30 00:00:00+08:00,2018-01-31 00:00:00+08:00,,,close,False,2018-01-29T16:00:00Z,2018-01-30T16:00:00Z,_default,5500855.638,1 days
c544da71-c560-4610-be1f-89c109a6d751,601872.SH,buy,market,1290100.0,0.0,,,,0.0,rejected,gtc,2018-03-06 00:00:00+08:00,2018-03-07 00:00:00+08:00,,"Risk: Insufficient margin at execution. Required: 5282043.787020000, Available: 3527596.121660000",open,False,2018-03-05T16:00:00Z,2018-03-06T16:00:00Z,_default,0.0,1 days
c23ab44f-10d5-4533-8afc-3ae0c54a4665,603501.SH,sell,market,29200.0,29200.0,,,35.4645,2588.9085,filled,gtc,2018-03-06 00:00:00+08:00,2018-03-07 00:00:00+08:00,,,close,False,2018-03-05T16:00:00Z,2018-03-06T16:00:00Z,_default,1035563.4,1 days
51e35bfc-7eaa-470c-8c6d-376a3f2edd61,601600.SH,buy,market,953600.0,0.0,,,,0.0,rejected,gtc,2018-03-06 00:00:00+08:00,2018-03-07 00:00:00+08:00,,"Risk: Insufficient margin at execution. Required: 5167475.91360000, Available: 3527596.121660000",open,False,2018-03-05T16:00:00Z,2018-03-06T16:00:00Z,_default,0.0,1 days
87c1d8b1-7a55-4c4d-be4e-24aa580f7602,601127.SH,buy,market,288400.0,288400.0,,,18.26825,13171.40825,filled,gtc,2018-03-06 00:00:00+08:00,2018-03-07 00:00:00+08:00,,,open,False,2018-03-05T16:00:00Z,2018-03-06T16:00:00Z,_default,5268563.3,1 days
22c8c7c6-2fca-4c7b-be2f-74cf9d95fe20,600039.SH,buy,market,1360100.0,1360100.0,,,3.86386,13138.089965,filled,gtc,2018-03-06 00:00:00+08:00,2018-03-07 00:00:00+08:00,,,open,False,2018-03-05T16:00:00Z,2018-03-06T16:00:00Z,_default,5255235.986,1 days
afae6074-1fc8-4a80-8f3b-ade370c73c6c,000657.SZ,buy,market,448700.0,448700.0,,,11.73172,13160.05691,filled,gtc,2018-03-06 00:00:00+08:00,2018-03-07 00:00:00+08:00,,,open,False,2018-03-05T16:00:00Z,2018-03-06T16:00:00Z,_default,5264022.7639999995,1 days
e3f6f519-a708-4e2b-a77f-1ca2c9c06e14,000617.SZ,buy,market,373300.0,373300.0,,,14.1141,13171.983825,filled,gtc,2018-03-06 00:00:00+08:00,2018-03-07 00:00:00+08:00,,,open,False,2018-03-05T16:00:00Z,2018-03-06T16:00:00Z,_default,5268793.53,1 days
d909cc5f-e992-4fab-bf4b-a159e9059940,002532.SZ,sell,market,975900.0,0.0,,,,0.0,rejected,gtc,2018-03-06 00:00:00+08:00,2018-03-07 00:00:00+08:00,,Missing market data for symbol 002532.SZ at execution timestamp 1520352000000000000,close,False,2018-03-05T16:00:00Z,2018-03-06T16:00:00Z,_default,0.0,1 days
2e676753-770e-493f-8559-5a5147b12161,002837.SZ,sell,market,323200.0,0.0,,,,0.0,rejected,gtc,2018-03-06 00:00:00+08:00,2018-03-07 00:00:00+08:00,,Missing market data for symbol 002837.SZ at execution timestamp 1520352000000000000,close,False,2018-03-05T16:00:00Z,2018-03-06T16:00:00Z,_default,0.0,1 days
c27f0d6d-fe69-42c5-87bd-202ef590ed96,603806.SH,sell,market,30000.0,30000.0,,,33.65631,2524.22325,filled,gtc,2018-03-06 00:00:00+08:00,2018-03-07 00:00:00+08:00,,,close,False,2018-03-05T16:00:00Z,2018-03-06T16:00:00Z,_default,1009689.2999999999,1 days
1e7a9902-b3d2-45fa-84a0-5bd3705d7d04,601799.SH,buy,market,100700.0,0.0,,,,0.0,rejected,gtc,2018-03-06 00:00:00+08:00,2018-03-07 00:00:00+08:00,,"Risk: Insufficient margin at execution. Required: 5303245.787840000, Available: 3527596.121660000",open,False,2018-03-05T16:00:00Z,2018-03-06T16:00:00Z,_default,0.0,1 days
a51df155-90a0-4144-b8db-8e2451ff2f52,601360.SH,sell,market,12000.0,12000.0,,,50.42952,1512.8856,filled,gtc,2018-03-06 00:00:00+08:00,2018-03-07 00:00:00+08:00,,,close,False,2018-03-05T16:00:00Z,2018-03-06T16:00:00Z,_default,605154.24,1 days
8a3effda-d813-4086-bd64-c60b9aa8ea06,600732.SH,sell,market,132600.0,132600.0,,,6.57342,2179.08873,filled,gtc,2018-03-06 00:00:00+08:00,2018-03-07 00:00:00+08:00,,,close,False,2018-03-05T16:00:00Z,2018-03-06T16:00:00Z,_default,871635.492,1 days
c0e546c3-60c1-40ba-9555-771e0bedbf4b,302132.SZ,sell,market,81700.0,81700.0,,,9.35064,1909.86822,filled,gtc,2018-03-06 00:00:00+08:00,2018-03-07 00:00:00+08:00,,,close,False,2018-03-05T16:00:00Z,2018-03-06T16:00:00Z,_default,763947.2880000001,1 days
3e613b05-3fbf-4f67-b1a8-6e768d927aca,300661.SZ,sell,market,21300.0,21300.0,,,92.4075,4920.699375,filled,gtc,2018-03-06 00:00:00+08:00,2018-03-07 00:00:00+08:00,,,close,False,2018-03-05T16:00:00Z,2018-03-06T16:00:00Z,_default,1968279.75,1 days
87161cea-7f67-49ce-ab4a-df1d5e36742a,300502.SZ,sell,market,265700.0,265700.0,,,26.2737,17452.305225,filled,gtc,2018-03-06 00:00:00+08:00,2018-03-07 00:00:00+08:00,,,close,False,2018-03-05T16:00:00Z,2018-03-06T16:00:00Z,_default,6980922.090000001,1 days
9b1e15cf-7766-4071-9460-27db83b5546b,300442.SZ,sell,market,22400.0,22400.0,,,18.85113,1055.66328,filled,gtc,2018-03-06 00:00:00+08:00,2018-03-07 00:00:00+08:00,,,close,False,2018-03-05T16:00:00Z,2018-03-06T16:00:00Z,_default,422265.31200000003,1 days
1f412061-a0ae-419b-9c93-bd616a0dc718,300394.SZ,sell,market,40000.0,40000.0,,,18.65133,1865.133,filled,gtc,2018-03-06 00:00:00+08:00,2018-03-07 00:00:00+08:00,,,close,False,2018-03-05T16:00:00Z,2018-03-06T16:00:00Z,_default,746053.2000000001,1 days
668e34e8-e13d-4d7b-aee6-fe7d64d1e08f,300223.SZ,sell,market,22300.0,22300.0,,,27.81216,1550.52792,filled,gtc,2018-03-06 00:00:00+08:00,2018-03-07 00:00:00+08:00,,,close,False,2018-03-05T16:00:00Z,2018-03-06T16:00:00Z,_default,620211.168,1 days
d6c1777a-e274-4ddb-a8af-b5e044f1829f,002841.SZ,sell,market,20100.0,20100.0,,,75.7242,3805.14105,filled,gtc,2018-03-06 00:00:00+08:00,2018-03-07 00:00:00+08:00,,,close,False,2018-03-05T16:00:00Z,2018-03-06T16:00:00Z,_default,1522056.42,1 days
16829289-087a-4214-8e65-69efeeb147e8,002459.SZ,sell,market,118700.0,118700.0,,,12.59739,3738.2754825,filled,gtc,2018-03-06 00:00:00+08:00,2018-03-07 00:00:00+08:00,,,close,False,2018-03-05T16:00:00Z,2018-03-06T16:00:00Z,_default,1495310.1930000002,1 days
ab031c67-2694-4371-889b-a850a52705b9,601058.SH,sell,market,1839500.0,1839500.0,,,3.22677,14839.1085375,filled,gtc,2018-03-06 00:00:00+08:00,2018-03-07 00:00:00+08:00,,,close,False,2018-03-05T16:00:00Z,2018-03-06T16:00:00Z,_default,5935643.415,1 days
0a438cf0-02fc-4e3b-8325-2cb7a10bcc9a,000617.SZ,buy,market,106400.0,106400.0,,,13.04303,3469.44598,filled,gtc,2018-04-03 00:00:00+08:00,2018-04-04 00:00:00+08:00,,,open,False,2018-04-02T16:00:00Z,2018-04-03T16:00:00Z,_default,1387778.392,1 days
b0311282-dc93-41ae-ba98-2f9ceefebb4c,600732.SH,buy,market,213400.0,213400.0,,,6.21621,3316.348035,filled,gtc,2018-04-03 00:00:00+08:00,2018-04-04 00:00:00+08:00,,,open,False,2018-04-02T16:00:00Z,2018-04-03T16:00:00Z,_default,1326539.2140000002,1 days
6c46e826-c367-4ebf-b50a-ec846544616a,600039.SH,buy,market,319000.0,319000.0,,,3.72372,2969.6667,filled,gtc,2018-04-03 00:00:00+08:00,2018-04-04 00:00:00+08:00,,,open,False,2018-04-02T16:00:00Z,2018-04-03T16:00:00Z,_default,1187866.68,1 days
1dd4ea8a-0088-4843-acdd-b58bc1bea16d,002459.SZ,buy,market,95100.0,95100.0,,,12.32231,2929.6292025,filled,gtc,2018-04-03 00:00:00+08:00,2018-04-04 00:00:00+08:00,,,open,False,2018-04-02T16:00:00Z,2018-04-03T16:00:00Z,_default,1171851.681,1 days
f4bf1522-cd78-4154-bf5e-0e45e1524b1f,601360.SH,buy,market,52400.0,52400.0,,,41.9419,5494.3889,filled,gtc,2018-04-03 00:00:00+08:00,2018-04-04 00:00:00+08:00,,,open,False,2018-04-02T16:00:00Z,2018-04-03T16:00:00Z,_default,2197755.56,1 days
bcd1725c-3511-4aa0-b00b-6b3e8abaae86,300394.SZ,buy,market,45100.0,45100.0,,,19.10909,2154.5498975,filled,gtc,2018-04-03 00:00:00+08:00,2018-04-04 00:00:00+08:00,,,open,False,2018-04-02T16:00:00Z,2018-04-03T16:00:00Z,_default,861819.9589999999,1 days
e6392867-4bee-42b5-926e-ddb1e4885c69,300442.SZ,buy,market,31200.0,31200.0,,,20.06004,1564.68312,filled,gtc,2018-04-03 00:00:00+08:00,2018-04-04 00:00:00+08:00,,,open,False,2018-04-02T16:00:00Z,2018-04-03T16:00:00Z,_default,625873.248,1 days
521b091f-7b23-4579-94c8-5d64d7ece0ed,603501.SH,buy,market,14500.0,14500.0,,,39.5395,1433.306875,filled,gtc,2018-04-03 00:00:00+08:00,2018-04-04 00:00:00+08:00,,,open,False,2018-04-02T16:00:00Z,2018-04-03T16:00:00Z,_default,573322.75,1 days
06582a55-ed0d-44b0-a661-b3b64feda2ec,000657.SZ,buy,market,92500.0,92500.0,,,11.57156,2675.92325,filled,gtc,2018-04-03 00:00:00+08:00,2018-04-04 00:00:00+08:00,,,open,False,2018-04-02T16:00:00Z,2018-04-03T16:00:00Z,_default,1070369.3,1 days
4ceb05ec-996e-4f9d-a52f-cbdf706d7f9c,601872.SH,buy,market,1716000.0,0.0,,,,0.0,rejected,gtc,2018-04-03 00:00:00+08:00,2018-04-04 00:00:00+08:00,,"Risk: Insufficient margin at execution. Required: 6268117.455600000, Available: 1671749.930160000",open,False,2018-04-02T16:00:00Z,2018-04-03T16:00:00Z,_default,0.0,1 days
256c9dc3-beb6-44d5-9caf-d16a7843b386,603799.SH,buy,market,55400.0,0.0,,,,0.0,rejected,gtc,2018-04-03 00:00:00+08:00,2018-04-04 00:00:00+08:00,,"Risk: Insufficient margin at execution. Required: 6264336.258180000, Available: 1096993.873285000",open,False,2018-04-02T16:00:00Z,2018-04-03T16:00:00Z,_default,0.0,1 days
f8320a10-a2da-4aa0-a154-a1c7df809a2a,600377.SH,buy,market,659500.0,659500.0,,,9.46946,15612.772175,filled,gtc,2018-04-03 00:00:00+08:00,2018-04-04 00:00:00+08:00,,,open,False,2018-04-02T16:00:00Z,2018-04-03T16:00:00Z,_default,6245108.87,1 days
d9e8270e-0edb-46f1-aea8-6a5fe873f858,002841.SZ,sell,market,70000.0,70000.0,,,86.913,15209.775,filled,gtc,2018-04-03 00:00:00+08:00,2018-04-04 00:00:00+08:00,,,close,False,2018-04-02T16:00:00Z,2018-04-03T16:00:00Z,_default,6083910.0,1 days
236c4313-4b3d-4b13-b2fa-77fbcb3fa970,300223.SZ,sell,market,188300.0,188300.0,,,33.84612,15933.06099,filled,gtc,2018-04-03 00:00:00+08:00,2018-04-04 00:00:00+08:00,,,close,False,2018-04-02T16:00:00Z,2018-04-03T16:00:00Z,_default,6373224.396,1 days
e4c9a12b-7437-4a93-97ad-b50c4a17d219,300661.SZ,sell,market,8600.0,8600.0,,,131.25861,2822.060115,filled,gtc,2018-04-03 00:00:00+08:00,2018-04-04 00:00:00+08:00,,,close,False,2018-04-02T16:00:00Z,2018-04-03T16:00:00Z,_default,1128824.046,1 days
81c514b0-30a8-4c7c-a4d3-0590874d6b5a,302132.SZ,sell,market,561800.0,561800.0,,,11.72826,16472.34117,filled,gtc,2018-04-03 00:00:00+08:00,2018-04-04 00:00:00+08:00,,,close,False,2018-04-02T16:00:00Z,2018-04-03T16:00:00Z,_default,6588936.468,1 days
7454f5c6-3589-4df6-9e7c-a757ffdbe1c5,002837.SZ,sell,market,39600.0,39600.0,,,22.06791,2184.72309,filled,gtc,2018-04-03 00:00:00+08:00,2018-04-04 00:00:00+08:00,,,close,False,2018-04-02T16:00:00Z,2018-04-03T16:00:00Z,_default,873889.236,1 days
7428be2a-b956-4939-9c87-9dbba8133bdb,002532.SZ,sell,market,975900.0,0.0,,,,0.0,rejected,gtc,2018-04-03 00:00:00+08:00,2018-04-04 00:00:00+08:00,,Missing market data for symbol 002532.SZ at execution timestamp 1522771200000000000,close,False,2018-04-02T16:00:00Z,2018-04-03T16:00:00Z,_default,0.0,1 days
8c0d9691-c705-45bc-bb42-dee0c2a69d29,601127.SH,sell,market,288400.0,0.0,,,,0.0,rejected,gtc,2018-04-03 00:00:00+08:00,2018-04-04 00:00:00+08:00,,Missing market data for symbol 601127.SH at execution timestamp 1522771200000000000,close,False,2018-04-02T16:00:00Z,2018-04-03T16:00:00Z,_default,0.0,1 days
99b0f989-6262-4f30-bdd0-cf04c31e9059,300476.SZ,buy,market,398600.0,398600.0,,,15.77576,15720.54484,filled,gtc,2018-04-03 00:00:00+08:00,2018-04-04 00:00:00+08:00,,,open,False,2018-04-02T16:00:00Z,2018-04-03T16:00:00Z,_default,6288217.936,1 days
cc97f252-3e67-49b7-b4ff-1609e667c51b,601058.SH,buy,market,2110200.0,2110200.0,,,2.97297,15683.903235,filled,gtc,2018-04-03 00:00:00+08:00,2018-04-04 00:00:00+08:00,,,open,False,2018-04-02T16:00:00Z,2018-04-03T16:00:00Z,_default,6273561.294000001,1 days
01169308-f632-4a25-85ac-2aad8c402bd8,603806.SH,sell,market,156300.0,156300.0,,,37.5624,14677.5078,filled,gtc,2018-04-03 00:00:00+08:00,2018-04-04 00:00:00+08:00,,,close,False,2018-04-02T16:00:00Z,2018-04-03T16:00:00Z,_default,5871003.119999999,1 days
991b212a-3731-41b1-a8f5-767b646c0c2a,002532.SZ,sell,market,975900.0,0.0,,,,0.0,rejected,gtc,2018-05-07 00:00:00+08:00,2018-05-08 00:00:00+08:00,,Missing market data for symbol 002532.SZ at execution timestamp 1525708800000000000,close,False,2018-05-06T16:00:00Z,2018-05-07T16:00:00Z,_default,0.0,1 days
51538417-9b87-4a4d-b754-008f6306a6ef,002837.SZ,buy,market,22600.0,22600.0,,,18.95894,1071.18011,filled,gtc,2018-05-07 00:00:00+08:00,2018-05-08 00:00:00+08:00,,,open,False,2018-05-06T16:00:00Z,2018-05-07T16:00:00Z,_default,428472.04399999994,1 days
46460503-455a-4d74-89f5-7df35aa8312a,603806.SH,buy,market,151300.0,0.0,,,,0.0,rejected,gtc,2018-05-07 00:00:00+08:00,2018-05-08 00:00:00+08:00,,"Risk: Insufficient margin at execution. Required: 5693622.30937500, Available: 221618.917882500",open,False,2018-05-06T16:00:00Z,2018-05-07T16:00:00Z,_default,0.0,1 days
a442e808-0e3e-4868-b9c3-7e3a3d2406c7,600588.SH,buy,market,192100.0,0.0,,,,0.0,rejected,gtc,2018-05-07 00:00:00+08:00,2018-05-08 00:00:00+08:00,,"Risk: Insufficient margin at execution. Required: 5715714.416912500, Available: 221618.917882500",open,False,2018-05-06T16:00:00Z,2018-05-07T16:00:00Z,_default,0.0,1 days
8427bd44-3b52-4164-a3d7-b5dedb9548ba,600233.SH,buy,market,376600.0,376600.0,,,15.29528,14400.50612,filled,gtc,2018-05-07 00:00:00+08:00,2018-05-08 00:00:00+08:00,,,open,False,2018-05-06T16:00:00Z,2018-05-07T16:00:00Z,_default,5760202.448,1 days
44e65792-0d11-4e5e-90ae-394d2a87c27e,300502.SZ,buy,market,279400.0,279400.0,,,20.64062,14417.47307,filled,gtc,2018-05-07 00:00:00+08:00,2018-05-08 00:00:00+08:00,,,open,False,2018-05-06T16:00:00Z,2018-05-07T16:00:00Z,_default,5766989.227999999,1 days
199eac6e-ff9b-4bc6-87e5-1750e237f386,300223.SZ,buy,market,187600.0,187600.0,,,30.8308,14459.6452,filled,gtc,2018-05-07 00:00:00+08:00,2018-05-08 00:00:00+08:00,,,open,False,2018-05-06T16:00:00Z,2018-05-07T16:00:00Z,_default,5783858.08,1 days
4238a186-7461-48dd-9092-c89b31e4c16a,002812.SZ,buy,market,99200.0,99200.0,,,58.00795,14385.9716,filled,gtc,2018-05-07 00:00:00+08:00,2018-05-08 00:00:00+08:00,,,open,False,2018-05-06T16:00:00Z,2018-05-07T16:00:00Z,_default,5754388.64,1 days
9dfbf228-da77-431d-9822-b57f6464fb06,000708.SZ,buy,market,566300.0,566300.0,,,10.17016,14398.40402,filled,gtc,2018-05-07 00:00:00+08:00,2018-05-08 00:00:00+08:00,,,open,False,2018-05-06T16:00:00Z,2018-05-07T16:00:00Z,_default,5759361.608,1 days
dc288824-51bc-483a-8bdd-4986ace236f4,601360.SH,sell,market,156900.0,0.0,,,,0.0,rejected,gtc,2018-05-07 00:00:00+08:00,2018-05-08 00:00:00+08:00,,Missing market data for symbol 601360.SH at execution timestamp 1525708800000000000,close,False,2018-05-06T16:00:00Z,2018-05-07T16:00:00Z,_default,0.0,1 days
2fcc3644-c324-4469-8e53-26d530d28b16,601127.SH,sell,market,288400.0,288400.0,,,17.83215,12856.98015,filled,gtc,2018-05-07 00:00:00+08:00,2018-05-08 00:00:00+08:00,,,close,False,2018-05-06T16:00:00Z,2018-05-07T16:00:00Z,_default,5142792.06,1 days
b12db690-2428-4aa7-a0ce-8179631fd066,603501.SH,sell,market,160800.0,160800.0,,,38.62134,15525.77868,filled,gtc,2018-05-07 00:00:00+08:00,2018-05-08 00:00:00+08:00,,,close,False,2018-05-06T16:00:00Z,2018-05-07T16:00:00Z,_default,6210311.471999999,1 days
ea5836f8-24e4-4fad-be39-64bb9662355f,002459.SZ,sell,market,49600.0,49600.0,,,12.53745,1554.6438,filled,gtc,2018-05-07 00:00:00+08:00,2018-05-08 00:00:00+08:00,,,close,False,2018-05-06T16:00:00Z,2018-05-07T16:00:00Z,_default,621857.52,1 days
9e6b28df-4a4b-4397-a4b3-6b0fe875cf19,600732.SH,sell,market,50900.0,50900.0,,,6.00399,764.0077275,filled,gtc,2018-05-07 00:00:00+08:00,2018-05-08 00:00:00+08:00,,,close,False,2018-05-06T16:00:00Z,2018-05-07T16:00:00Z,_default,305603.091,1 days
7e5b86dc-b87e-489a-9c3c-a65c9ec63b4e,600377.SH,sell,market,53100.0,53100.0,,,9.47052,1257.21153,filled,gtc,2018-05-07 00:00:00+08:00,2018-05-08 00:00:00+08:00,,,close,False,2018-05-06T16:00:00Z,2018-05-07T16:00:00Z,_default,502884.612,1 days
60c92583-c49d-4ce3-8e72-8b4934554b34,600039.SH,sell,market,142100.0,142100.0,,,3.73626,1327.306365,filled,gtc,2018-05-07 00:00:00+08:00,2018-05-08 00:00:00+08:00,,,close,False,2018-05-06T16:00:00Z,2018-05-07T16:00:00Z,_default,530922.546,1 days
768836d5-e8ad-4d2a-81ba-7f5a78d9db31,300661.SZ,sell,market,2100.0,2100.0,,,123.52635,648.5133375,filled,gtc,2018-05-07 00:00:00+08:00,2018-05-08 00:00:00+08:00,,,close,False,2018-05-06T16:00:00Z,2018-05-07T16:00:00Z,_default,259405.335,1 days
81d0270a-6802-40c5-8b7e-2b00a261484f,300476.SZ,sell,market,398600.0,398600.0,,,17.3826,17321.7609,filled,gtc,2018-05-07 00:00:00+08:00,2018-05-08 00:00:00+08:00,,,close,False,2018-05-06T16:00:00Z,2018-05-07T16:00:00Z,_default,6928704.36,1 days
7e6281a8-cf4e-4029-9638-7903b3b7c4cd,300442.SZ,sell,market,14200.0,14200.0,,,19.19079,681.273045,filled,gtc,2018-05-07 00:00:00+08:00,2018-05-08 00:00:00+08:00,,,close,False,2018-05-06T16:00:00Z,2018-05-07T16:00:00Z,_default,272509.218,1 days
13a02cb6-cf67-4628-af5e-b1d3f1044d88,300394.SZ,sell,market,30700.0,30700.0,,,19.44054,1492.061445,filled,gtc,2018-05-07 00:00:00+08:00,2018-05-08 00:00:00+08:00,,,close,False,2018-05-06T16:00:00Z,2018-05-07T16:00:00Z,_default,596824.578,1 days
3bc06d70-4ab1-4131-9198-7d5aa7768a5f,000657.SZ,sell,market,541200.0,541200.0,,,11.19879,15151.96287,filled,gtc,2018-05-07 00:00:00+08:00,2018-05-08 00:00:00+08:00,,,close,False,2018-05-06T16:00:00Z,2018-05-07T16:00:00Z,_default,6060785.148,1 days
8e60f956-293c-4b26-9012-770db71222b1,000617.SZ,sell,market,43200.0,43200.0,,,13.22676,1428.49008,filled,gtc,2018-05-07 00:00:00+08:00,2018-05-08 00:00:00+08:00,,,close,False,2018-05-06T16:00:00Z,2018-05-07T16:00:00Z,_default,571396.032,1 days
b66d0eb5-11ac-401c-befe-f396779f03b1,601058.SH,sell,market,174700.0,174700.0,,,2.96703,1295.8503525,filled,gtc,2018-05-07 00:00:00+08:00,2018-05-08 00:00:00+08:00,,,close,False,2018-05-06T16:00:00Z,2018-05-07T16:00:00Z,_default,518340.14099999995,1 days
d8b8a417-41c5-487e-a240-ea024501d239,002001.SZ,buy,market,255700.0,255700.0,,,19.00899,12151.4968575,filled,gtc,2018-06-04 00:00:00+08:00,2018-06-05 00:00:00+08:00,,,open,False,2018-06-03T16:00:00Z,2018-06-04T16:00:00Z,_default,4860598.743,1 days
15954101-4c78-4299-9ac8-612ec1d8be6b,002532.SZ,sell,market,975900.0,0.0,,,,0.0,rejected,gtc,2018-06-04 00:00:00+08:00,2018-06-05 00:00:00+08:00,,Missing market data for symbol 002532.SZ at execution timestamp 1528128000000000000,close,False,2018-06-03T16:00:00Z,2018-06-04T16:00:00Z,_default,0.0,1 days
7b8a5e99-51f0-4dd3-b997-2db2b73ba1b4,601058.SH,sell,market,189900.0,189900.0,,,2.77722,1318.485195,filled,gtc,2018-06-04 00:00:00+08:00,2018-06-05 00:00:00+08:00,,,close,False,2018-06-03T16:00:00Z,2018-06-04T16:00:00Z,_default,527394.078,1 days
c8c7d805-71ef-40e0-8471-13811938694a,002460.SZ,buy,market,118200.0,118200.0,,,40.92088,12092.12004,filled,gtc,2018-06-04 00:00:00+08:00,2018-06-05 00:00:00+08:00,,,open,False,2018-06-03T16:00:00Z,2018-06-04T16:00:00Z,_default,4836848.016,1 days
4c8fd624-679f-4b95-a518-7c3216e490f7,601360.SH,sell,market,156900.0,156900.0,,,34.41555,13499.4994875,filled,gtc,2018-06-04 00:00:00+08:00,2018-06-05 00:00:00+08:00,,,close,False,2018-06-03T16:00:00Z,2018-06-04T16:00:00Z,_default,5399799.795000001,1 days
e448d690-b7b5-4964-968f-5345729591b0,002625.SZ,buy,market,209300.0,209300.0,,,23.33331,12209.1544575,filled,gtc,2018-06-04 00:00:00+08:00,2018-06-05 00:00:00+08:00,,,open,False,2018-06-03T16:00:00Z,2018-06-04T16:00:00Z,_default,4883661.783,1 days
c47a828e-7190-48f7-8eb0-b79195589eaa,601127.SH,buy,market,253400.0,0.0,,,,0.0,rejected,gtc,2018-06-04 00:00:00+08:00,2018-06-05 00:00:00+08:00,,"Risk: Insufficient margin at execution. Required: 4859434.765185000, Available: 4185484.573510000",open,False,2018-06-03T16:00:00Z,2018-06-04T16:00:00Z,_default,0.0,1 days
4cca786a-cd40-4f82-9e6a-f9a74b3a9057,300450.SZ,buy,market,160400.0,160400.0,,,30.25022,12130.33822,filled,gtc,2018-06-04 00:00:00+08:00,2018-06-05 00:00:00+08:00,,,open,False,2018-06-03T16:00:00Z,2018-06-04T16:00:00Z,_default,4852135.288,1 days
8a613291-fc98-401e-af7d-523cb6b1b74b,300628.SZ,buy,market,72700.0,72700.0,,,66.43637,12074.8102475,filled,gtc,2018-06-04 00:00:00+08:00,2018-06-05 00:00:00+08:00,,,open,False,2018-06-03T16:00:00Z,2018-06-04T16:00:00Z,_default,4829924.098999999,1 days
762b0d99-7a25-4263-baeb-102e10bb50be,603806.SH,buy,market,193700.0,0.0,,,,0.0,rejected,gtc,2018-06-04 00:00:00+08:00,2018-06-05 00:00:00+08:00,,"Risk: Insufficient margin at execution. Required: 4721452.167932500, Available: 4185484.573510000",open,False,2018-06-03T16:00:00Z,2018-06-04T16:00:00Z,_default,0.0,1 days
2f8d2dee-4d22-42bb-b745-192c2d6bd26a,600183.SH,buy,market,545100.0,545100.0,,,8.89889,12126.9623475,filled,gtc,2018-06-04 00:00:00+08:00,2018-06-05 00:00:00+08:00,,,open,False,2018-06-03T16:00:00Z,2018-06-04T16:00:00Z,_default,4850784.939,1 days
99e5b111-2b39-41d9-95d5-a0da9edf8145,002841.SZ,buy,market,84500.0,84500.0,,,57.27722,12099.812725,filled,gtc,2018-06-04 00:00:00+08:00,2018-06-05 00:00:00+08:00,,,open,False,2018-06-03T16:00:00Z,2018-06-04T16:00:00Z,_default,4839925.09,1 days
791a70cf-bdbf-476c-a9b4-9886cad06f2c,600732.SH,sell,market,51000.0,51000.0,,,5.34465,681.442875,filled,gtc,2018-06-04 00:00:00+08:00,2018-06-05 00:00:00+08:00,,,close,False,2018-06-03T16:00:00Z,2018-06-04T16:00:00Z,_default,272577.14999999997,1 days
ef8e70de-2f81-4330-a51b-3d622f3bd3b4,002459.SZ,sell,market,77200.0,77200.0,,,12.70728,2452.50504,filled,gtc,2018-06-04 00:00:00+08:00,2018-06-05 00:00:00+08:00,,,close,False,2018-06-03T16:00:00Z,2018-06-04T16:00:00Z,_default,981002.0160000001,1 days
c2cc411c-824a-4718-bb35-4b2aaa325d12,600233.SH,sell,market,376600.0,376600.0,,,15.4845,14578.65675,filled,gtc,2018-06-04 00:00:00+08:00,2018-06-05 00:00:00+08:00,,,close,False,2018-06-03T16:00:00Z,2018-06-04T16:00:00Z,_default,5831462.7,1 days
21789092-73ae-4738-b1d0-b8e1d4e64315,600377.SH,sell,market,109900.0,109900.0,,,9.71028,2667.89943,filled,gtc,2018-06-04 00:00:00+08:00,2018-06-05 00:00:00+08:00,,,close,False,2018-06-03T16:00:00Z,2018-06-04T16:00:00Z,_default,1067159.7719999999,1 days
bc23eeca-0835-44f2-922e-6f6d19ffebe4,000617.SZ,sell,market,49600.0,49600.0,,,12.51747,1552.16628,filled,gtc,2018-06-04 00:00:00+08:00,2018-06-05 00:00:00+08:00,,,close,False,2018-06-03T16:00:00Z,2018-06-04T16:00:00Z,_default,620866.512,1 days
ec766b74-d3fc-4e87-b2b9-f22498285bab,000708.SZ,sell,market,80800.0,80800.0,,,9.96003,2011.92606,filled,gtc,2018-06-04 00:00:00+08:00,2018-06-05 00:00:00+08:00,,,close,False,2018-06-03T16:00:00Z,2018-06-04T16:00:00Z,_default,804770.424,1 days
27525159-babc-4fbe-9a30-1ccbc71295c1,002837.SZ,sell,market,55600.0,55600.0,,,19.2807,2680.0173,filled,gtc,2018-06-04 00:00:00+08:00,2018-06-05 00:00:00+08:00,,,close,False,2018-06-03T16:00:00Z,2018-06-04T16:00:00Z,_default,1072006.92,1 days
a9d3d4f5-2621-4b34-9e7a-c05d6474ef20,300223.SZ,sell,market,187600.0,187600.0,,,27.39258,12847.12002,filled,gtc,2018-06-04 00:00:00+08:00,2018-06-05 00:00:00+08:00,,,close,False,2018-06-03T16:00:00Z,2018-06-04T16:00:00Z,_default,5138848.007999999,1 days
c87ca6e3-81de-4881-8c82-5f75f7593d8b,002812.SZ,sell,market,99200.0,99200.0,,,48.42153,12008.53944,filled,gtc,2018-06-04 00:00:00+08:00,2018-06-05 00:00:00+08:00,,,close,False,2018-06-03T16:00:00Z,2018-06-04T16:00:00Z,_default,4803415.776,1 days
e988646f-bcfc-48a9-a2f6-3a9c131ead62,300442.SZ,sell,market,35600.0,35600.0,,,18.39159,1636.85151,filled,gtc,2018-06-04 00:00:00+08:00,2018-06-05 00:00:00+08:00,,,close,False,2018-06-03T16:00:00Z,2018-06-04T16:00:00Z,_default,654740.604,1 days
20085fcf-6be5-4515-b9af-a4a0fa7948d7,300502.SZ,sell,market,279400.0,279400.0,,,17.69229,12358.064565,filled,gtc,2018-06-04 00:00:00+08:00,2018-06-05 00:00:00+08:00,,,close,False,2018-06-03T16:00:00Z,2018-06-04T16:00:00Z,_default,4943225.826,1 days
3a3c478e-e52c-406e-ad0c-5d762a7d9c94,300661.SZ,sell,market,46600.0,46600.0,,,101.898,11871.117,filled,gtc,2018-06-04 00:00:00+08:00,2018-06-05 00:00:00+08:00,,,close,False,2018-06-03T16:00:00Z,2018-06-04T16:00:00Z,_default,4748446.8,1 days
f97c5166-1ecd-425d-a107-2b547b9d3c79,600039.SH,sell,market,147500.0,147500.0,,,3.47652,1281.96675,filled,gtc,2018-06-04 00:00:00+08:00,2018-06-05 00:00:00+08:00,,,close,False,2018-06-03T16:00:00Z,2018-06-04T16:00:00Z,_default,512786.69999999995,1 days
a07b7151-9f63-47c8-bb63-5b28bc533710,300394.SZ,sell,market,38100.0,38100.0,,,18.8811,1798.424775,filled,gtc,2018-06-04 00:00:00+08:00,2018-06-05 00:00:00+08:00,,,close,False,2018-06-03T16:00:00Z,2018-06-04T16:00:00Z,_default,719369.91,1 days
b7e712b5-a69f-401d-a735-2300815d5814,002625.SZ,buy,market,251400.0,251400.0,,,11.3113,7109.15205,filled,gtc,2018-07-03 00:00:00+08:00,2018-07-04 00:00:00+08:00,,,open,False,2018-07-02T16:00:00Z,2018-07-03T16:00:00Z,_default,2843660.82,1 days
d0de9471-4b05-4f1f-babb-b15d4ab14f58,300433.SZ,buy,market,379700.0,379700.0,,,13.7137,13017.729725,filled,gtc,2018-07-03 00:00:00+08:00,2018-07-04 00:00:00+08:00,,,open,False,2018-07-02T16:00:00Z,2018-07-03T16:00:00Z,_default,5207091.89,1 days
74f3df58-5c65-41ad-a3b5-686830d59d07,300502.SZ,buy,market,338900.0,338900.0,,,15.7157,13315.126825,filled,gtc,2018-07-03 00:00:00+08:00,2018-07-04 00:00:00+08:00,,,open,False,2018-07-02T16:00:00Z,2018-07-03T16:00:00Z,_default,5326050.73,1 days
103b73aa-268d-454a-9c43-dafb4ddeec41,302132.SZ,buy,market,565400.0,565400.0,,,9.18918,12988.90593,filled,gtc,2018-07-03 00:00:00+08:00,2018-07-04 00:00:00+08:00,,,open,False,2018-07-02T16:00:00Z,2018-07-03T16:00:00Z,_default,5195562.372,1 days
fd21c432-8f66-45f3-9bb5-c6acc9567ccf,000617.SZ,buy,market,93900.0,93900.0,,,10.89088,2556.63408,filled,gtc,2018-07-03 00:00:00+08:00,2018-07-04 00:00:00+08:00,,,open,False,2018-07-02T16:00:00Z,2018-07-03T16:00:00Z,_default,1022653.632,1 days
cb4acd0f-9905-4bc8-ab39-0d8d8bd34617,600732.SH,buy,market,76000.0,76000.0,,,5.3053,1008.007,filled,gtc,2018-07-03 00:00:00+08:00,2018-07-04 00:00:00+08:00,,,open,False,2018-07-02T16:00:00Z,2018-07-03T16:00:00Z,_default,403202.8,1 days
9c8c191b-8fae-4ada-a4df-96c899725f62,600377.SH,buy,market,83400.0,83400.0,,,8.94894,1865.85399,filled,gtc,2018-07-03 00:00:00+08:00,2018-07-04 00:00:00+08:00,,,open,False,2018-07-02T16:00:00Z,2018-07-03T16:00:00Z,_default,746341.596,1 days
944e0417-30dd-470f-a421-018f0282d3a7,300394.SZ,buy,market,31500.0,31500.0,,,17.85784,1406.3049,filled,gtc,2018-07-03 00:00:00+08:00,2018-07-04 00:00:00+08:00,,,open,False,2018-07-02T16:00:00Z,2018-07-03T16:00:00Z,_default,562521.96,1 days
5776bc3e-0a0d-4923-90f4-3a619f01ac43,002459.SZ,buy,market,44600.0,44600.0,,,12.13212,1352.73138,filled,gtc,2018-07-03 00:00:00+08:00,2018-07-04 00:00:00+08:00,,,open,False,2018-07-02T16:00:00Z,2018-07-03T16:00:00Z,_default,541092.552,1 days
10def09a-d5e3-4249-9dc2-c193064628eb,002532.SZ,buy,market,94500.0,94500.0,,,4.83483,1142.2285875,filled,gtc,2018-07-03 00:00:00+08:00,2018-07-04 00:00:00+08:00,,,open,False,2018-07-02T16:00:00Z,2018-07-03T16:00:00Z,_default,456891.435,1 days
9dd9c13e-293b-4500-a90c-8defa57e1333,002714.SZ,buy,market,222600.0,222600.0,,,23.39337,13018.410405,filled,gtc,2018-07-03 00:00:00+08:00,2018-07-04 00:00:00+08:00,,,open,False,2018-07-02T16:00:00Z,2018-07-03T16:00:00Z,_default,5207364.1620000005,1 days
7eaf2225-d579-48d8-aedb-dd6f8f932b2a,300442.SZ,buy,market,49900.0,49900.0,,,16.67666,2080.413335,filled,gtc,2018-07-03 00:00:00+08:00,2018-07-04 00:00:00+08:00,,,open,False,2018-07-02T16:00:00Z,2018-07-03T16:00:00Z,_default,832165.3339999999,1 days
0e4317d2-79ad-4623-bdc5-6b2530746a09,002271.SZ,buy,market,330000.0,330000.0,,,15.74573,12990.22725,filled,gtc,2018-07-03 00:00:00+08:00,2018-07-04 00:00:00+08:00,,,open,False,2018-07-02T16:00:00Z,2018-07-03T16:00:00Z,_default,5196090.9,1 days
8cb332d5-6ef1-4f8c-8091-77462840fe4d,601058.SH,sell,market,1745600.0,1745600.0,,,2.42757,10593.91548,filled,gtc,2018-07-03 00:00:00+08:00,2018-07-04 00:00:00+08:00,,,close,False,2018-07-02T16:00:00Z,2018-07-03T16:00:00Z,_default,4237566.192,1 days
8d2a7578-a7be-4b31-accf-4a4b553804ac,000063.SZ,buy,market,386700.0,386700.0,,,13.46345,13015.7902875,filled,gtc,2018-07-03 00:00:00+08:00,2018-07-04 00:00:00+08:00,,,open,False,2018-07-02T16:00:00Z,2018-07-03T16:00:00Z,_default,5206316.115,1 days
58ab3b85-2de6-4072-b10b-4febb4579dfa,000708.SZ,sell,market,485500.0,485500.0,,,8.78121,10658.1936375,filled,gtc,2018-07-03 00:00:00+08:00,2018-07-04 00:00:00+08:00,,,close,False,2018-07-02T16:00:00Z,2018-07-03T16:00:00Z,_default,4263277.455,1 days
e24af8cd-2abc-4eed-8405-84e3fd896f07,002460.SZ,sell,market,118200.0,118200.0,,,36.60336,10816.29288,filled,gtc,2018-07-03 00:00:00+08:00,2018-07-04 00:00:00+08:00,,,close,False,2018-07-02T16:00:00Z,2018-07-03T16:00:00Z,_default,4326517.152000001,1 days
da41393b-b58f-45a5-81ae-a2ae48cc3fcc,002837.SZ,sell,market,250600.0,250600.0,,,16.27371,10195.479315,filled,gtc,2018-07-03 00:00:00+08:00,2018-07-04 00:00:00+08:00,,,close,False,2018-07-02T16:00:00Z,2018-07-03T16:00:00Z,_default,4078191.7260000003,1 days
ba074d11-f536-4fb0-981a-69488c72bd79,002841.SZ,sell,market,84500.0,84500.0,,,53.6463,11332.780875,filled,gtc,2018-07-03 00:00:00+08:00,2018-07-04 00:00:00+08:00,,,close,False,2018-07-02T16:00:00Z,2018-07-03T16:00:00Z,_default,4533112.35,1 days
eb633532-e1ed-4a95-9bb5-f1f1c7ec706c,300450.SZ,sell,market,160400.0,160400.0,,,30.4695,12218.2695,filled,gtc,2018-07-03 00:00:00+08:00,2018-07-04 00:00:00+08:00,,,close,False,2018-07-02T16:00:00Z,2018-07-03T16:00:00Z,_default,4887307.8,1 days
d5ec699b-7e43-4eef-a6dc-26fe177bc8ad,002001.SZ,sell,market,255700.0,255700.0,,,18.03195,11526.9240375,filled,gtc,2018-07-03 00:00:00+08:00,2018-07-04 00:00:00+08:00,,,close,False,2018-07-02T16:00:00Z,2018-07-03T16:00:00Z,_default,4610769.614999999,1 days
1e1d9fdc-7007-4656-808c-0b5267f732af,600039.SH,sell,market,1389500.0,1389500.0,,,3.20679,11139.5867625,filled,gtc,2018-07-03 00:00:00+08:00,2018-07-04 00:00:00+08:00,,,close,False,2018-07-02T16:00:00Z,2018-07-03T16:00:00Z,_default,4455834.705,1 days
02c41ad9-c5d3-4909-a4b3-60d5bbfaa63d,600183.SH,sell,market,545100.0,545100.0,,,9.34065,12728.9707875,filled,gtc,2018-07-03 00:00:00+08:00,2018-07-04 00:00:00+08:00,,,close,False,2018-07-02T16:00:00Z,2018-07-03T16:00:00Z,_default,5091588.315,1 days
e105b333-023a-4c8c-b20f-c633fb1a4213,000657.SZ,buy,market,732700.0,732700.0,,,7.09709,13000.0946075,filled,gtc,2018-07-03 00:00:00+08:00,2018-07-04 00:00:00+08:00,,,open,False,2018-07-02T16:00:00Z,2018-07-03T16:00:00Z,_default,5200037.842999999,1 days
adf18669-3a56-438c-a51b-563e6593dd37,601872.SH,buy,market,1477900.0,1477900.0,,,3.53353,13055.5099675,filled,gtc,2018-07-03 00:00:00+08:00,2018-07-04 00:00:00+08:00,,,open,False,2018-07-02T16:00:00Z,2018-07-03T16:00:00Z,_default,5222203.987,1 days
3fccf636-a63e-4555-a2e3-d0352afce7f9,300628.SZ,sell,market,72700.0,72700.0,,,66.6333,12110.602275,filled,gtc,2018-07-03 00:00:00+08:00,2018-07-04 00:00:00+08:00,,,close,False,2018-07-02T16:00:00Z,2018-07-03T16:00:00Z,_default,4844240.91,1 days
58afa91e-5cb0-4064-a1fc-58e4fef9c1c8,300502.SZ,buy,market,116700.0,116700.0,,,14.1141,4117.788675,filled,gtc,2018-07-31 00:00:00+08:00,2018-08-01 00:00:00+08:00,,,open,False,2018-07-30T16:00:00Z,2018-07-31T16:00:00Z,_default,1647115.47,1 days
74f20033-9652-4d82-855b-e6012df9edf7,002532.SZ,buy,market,180000.0,180000.0,,,5.15515,2319.8175,filled,gtc,2018-07-31 00:00:00+08:00,2018-08-01 00:00:00+08:00,,,open,False,2018-07-30T16:00:00Z,2018-07-31T16:00:00Z,_default,927927.0,1 days
f820f07e-bcf0-47d7-b15c-493e4286a5ab,000657.SZ,buy,market,161400.0,161400.0,,,7.08708,2859.63678,filled,gtc,2018-07-31 00:00:00+08:00,2018-08-01 00:00:00+08:00,,,open,False,2018-07-30T16:00:00Z,2018-07-31T16:00:00Z,_default,1143854.712,1 days
36bc979b-b461-4147-9c97-8b1e6bfac6de,300442.SZ,buy,market,75800.0,75800.0,,,17.52751,3321.463145,filled,gtc,2018-07-31 00:00:00+08:00,2018-08-01 00:00:00+08:00,,,open,False,2018-07-30T16:00:00Z,2018-07-31T16:00:00Z,_default,1328585.258,1 days
1ec7e202-d06b-4748-bb98-2ecad081c951,601872.SH,buy,market,361800.0,361800.0,,,3.49349,3159.861705,filled,gtc,2018-07-31 00:00:00+08:00,2018-08-01 00:00:00+08:00,,,open,False,2018-07-30T16:00:00Z,2018-07-31T16:00:00Z,_default,1263944.682,1 days
1e2cc66c-48a0-4469-896d-56c8f3a13caf,600377.SH,buy,market,145900.0,145900.0,,,8.84884,3227.61439,filled,gtc,2018-07-31 00:00:00+08:00,2018-08-01 00:00:00+08:00,,,open,False,2018-07-30T16:00:00Z,2018-07-31T16:00:00Z,_default,1291045.7559999998,1 days
1520045f-bb20-4725-a034-bfe2b0445d39,600732.SH,buy,market,256800.0,256800.0,,,5.15515,3309.6063,filled,gtc,2018-07-31 00:00:00+08:00,2018-08-01 00:00:00+08:00,,,open,False,2018-07-30T16:00:00Z,2018-07-31T16:00:00Z,_default,1323842.52,1 days
04aba6bc-48ef-49a4-b554-1ed56b60a085,300394.SZ,buy,market,84900.0,84900.0,,,17.23722,3658.599945,filled,gtc,2018-07-31 00:00:00+08:00,2018-08-01 00:00:00+08:00,,,open,False,2018-07-30T16:00:00Z,2018-07-31T16:00:00Z,_default,1463439.9780000001,1 days
f6252886-4959-469e-a06f-d836e6b558f4,603806.SH,buy,market,303400.0,0.0,,,,0.0,rejected,gtc,2018-07-31 00:00:00+08:00,2018-08-01 00:00:00+08:00,,"Risk: Insufficient margin at execution. Required: 6436340.600690000, Available: 1876365.717655000",open,False,2018-07-30T16:00:00Z,2018-07-31T16:00:00Z,_default,0.0,1 days
cba66988-a326-447b-bf09-2421ed10b2cf,000617.SZ,buy,market,82700.0,82700.0,,,11.24123,2324.1243025,filled,gtc,2018-07-31 00:00:00+08:00,2018-08-01 00:00:00+08:00,,,open,False,2018-07-30T16:00:00Z,2018-07-31T16:00:00Z,_default,929649.721,1 days
1d4e154c-c02b-4c64-86f3-15de0423559d,002837.SZ,buy,market,407700.0,407700.0,,,15.7157,16018.227225,filled,gtc,2018-07-31 00:00:00+08:00,2018-08-01 00:00:00+08:00,,,open,False,2018-07-30T16:00:00Z,2018-07-31T16:00:00Z,_default,6407290.89,1 days
02db8c8d-5eb0-406b-99bb-951a9df9258f,000063.SZ,sell,market,386700.0,386700.0,,,14.63535,14148.7246125,filled,gtc,2018-07-31 00:00:00+08:00,2018-08-01 00:00:00+08:00,,,close,False,2018-07-30T16:00:00Z,2018-07-31T16:00:00Z,_default,5659489.845000001,1 days
1998e301-4a0f-40cb-ba81-d85323c02b9b,002271.SZ,sell,market,330000.0,330000.0,,,17.13285,14134.60125,filled,gtc,2018-07-31 00:00:00+08:00,2018-08-01 00:00:00+08:00,,,close,False,2018-07-30T16:00:00Z,2018-07-31T16:00:00Z,_default,5653840.5,1 days
9c05024b-c393-4150-8a11-2f604114b61b,002625.SZ,sell,market,460700.0,460700.0,,,10.32966,11897.185905,filled,gtc,2018-07-31 00:00:00+08:00,2018-08-01 00:00:00+08:00,,,close,False,2018-07-30T16:00:00Z,2018-07-31T16:00:00Z,_default,4758874.362000001,1 days
7dc5ec12-b828-434d-8d9f-c9310171ba79,002714.SZ,sell,market,222600.0,222600.0,,,26.70327,14860.369755,filled,gtc,2018-07-31 00:00:00+08:00,2018-08-01 00:00:00+08:00,,,close,False,2018-07-30T16:00:00Z,2018-07-31T16:00:00Z,_default,5944147.902,1 days
ea277a3b-ddcf-477c-9334-3f8a5491f046,601127.SH,buy,market,373300.0,373300.0,,,17.18717,16039.9264025,filled,gtc,2018-07-31 00:00:00+08:00,2018-08-01 00:00:00+08:00,,,open,False,2018-07-30T16:00:00Z,2018-07-31T16:00:00Z,_default,6415970.561,1 days
ddb030e4-d3e4-49ec-88c7-2221c491645e,302132.SZ,sell,market,565400.0,565400.0,,,9.88011,13965.535485,filled,gtc,2018-07-31 00:00:00+08:00,2018-08-01 00:00:00+08:00,,,close,False,2018-07-30T16:00:00Z,2018-07-31T16:00:00Z,_default,5586214.194,1 days
13582ee5-05b9-49d2-93ec-d4e65a2ef5c9,002459.SZ,sell,market,428100.0,0.0,,,,0.0,rejected,gtc,2018-07-31 00:00:00+08:00,2018-08-01 00:00:00+08:00,,Missing market data for symbol 002459.SZ at execution timestamp 1533052800000000000,close,False,2018-07-30T16:00:00Z,2018-07-31T16:00:00Z,_default,0.0,1 days
da361086-f1d6-4a77-ba1a-85dc81b138ef,000708.SZ,buy,market,694300.0,694300.0,,,9.27927,16106.4929025,filled,gtc,2018-07-31 00:00:00+08:00,2018-08-01 00:00:00+08:00,,,open,False,2018-07-30T16:00:00Z,2018-07-31T16:00:00Z,_default,6442597.161,1 days
a0b9181e-6ba4-4147-82dd-39c27e6af70c,300433.SZ,sell,market,379700.0,379700.0,,,12.92706,12271.011705,filled,gtc,2018-07-31 00:00:00+08:00,2018-08-01 00:00:00+08:00,,,close,False,2018-07-30T16:00:00Z,2018-07-31T16:00:00Z,_default,4908404.682,1 days
dc0098fe-028c-4285-ba10-5653a8c1dd66,601689.SH,buy,market,382200.0,0.0,,,,0.0,rejected,gtc,2018-08-28 00:00:00+08:00,2018-08-29 00:00:00+08:00,,"Risk: Insufficient margin at execution. Required: 6550840.235940000, Available: 2195818.438357500",open,False,2018-08-27T16:00:00Z,2018-08-28T16:00:00Z,_default,0.0,1 days
44906021-6f70-4a54-b312-bbf24916858c,601872.SH,buy,market,73500.0,73500.0,,,3.44344,632.7321,filled,gtc,2018-08-28 00:00:00+08:00,2018-08-29 00:00:00+08:00,,,open,False,2018-08-27T16:00:00Z,2018-08-28T16:00:00Z,_default,253092.84,1 days
7bcb1a35-0c65-4da6-bb97-1933b3cd1ab1,000657.SZ,buy,market,38100.0,38100.0,,,7.05705,672.1840125,filled,gtc,2018-08-28 00:00:00+08:00,2018-08-29 00:00:00+08:00,,,open,False,2018-08-27T16:00:00Z,2018-08-28T16:00:00Z,_default,268873.605,1 days
e6ba1902-e133-4bf4-9e87-d4959cca6f49,002532.SZ,buy,market,76500.0,76500.0,,,4.94494,945.719775,filled,gtc,2018-08-28 00:00:00+08:00,2018-08-29 00:00:00+08:00,,,open,False,2018-08-27T16:00:00Z,2018-08-28T16:00:00Z,_default,378287.91,1 days
88bce1a4-6488-45d7-928b-b3654a4871a6,000617.SZ,buy,market,38600.0,38600.0,,,10.95094,1056.76571,filled,gtc,2018-08-28 00:00:00+08:00,2018-08-29 00:00:00+08:00,,,open,False,2018-08-27T16:00:00Z,2018-08-28T16:00:00Z,_default,422706.284,1 days
549aafad-6f27-4c52-9412-1c04d3f20f86,300442.SZ,buy,market,31400.0,31400.0,,,15.80579,1240.754515,filled,gtc,2018-08-28 00:00:00+08:00,2018-08-29 00:00:00+08:00,,,open,False,2018-08-27T16:00:00Z,2018-08-28T16:00:00Z,_default,496301.806,1 days
b1f04d82-f196-4314-b955-30db58b93c0b,600732.SH,buy,market,208200.0,208200.0,,,4.52452,2355.01266,filled,gtc,2018-08-28 00:00:00+08:00,2018-08-29 00:00:00+08:00,,,open,False,2018-08-27T16:00:00Z,2018-08-28T16:00:00Z,_default,942005.064,1 days
7ed9e688-0864-4ca3-a4cf-7573a5399c8e,002837.SZ,buy,market,8300.0,8300.0,,,15.7157,326.100775,filled,gtc,2018-08-28 00:00:00+08:00,2018-08-29 00:00:00+08:00,,,open,False,2018-08-27T16:00:00Z,2018-08-28T16:00:00Z,_default,130440.31,1 days
3c48bf2b-d796-47fc-827a-f75ecedba2c3,600515.SH,buy,market,1064900.0,1064900.0,,,6.2062,16522.45595,filled,gtc,2018-08-28 00:00:00+08:00,2018-08-29 00:00:00+08:00,,,open,False,2018-08-27T16:00:00Z,2018-08-28T16:00:00Z,_default,6608982.38,1 days
5f4c94c9-32c4-47a6-aa10-4b8177be22fd,002625.SZ,buy,market,701600.0,701600.0,,,9.5095,16679.663,filled,gtc,2018-08-28 00:00:00+08:00,2018-08-29 00:00:00+08:00,,,open,False,2018-08-27T16:00:00Z,2018-08-28T16:00:00Z,_default,6671865.199999999,1 days
b90b0dd4-897a-48be-9ec8-62b3b06cd1bf,002384.SZ,buy,market,385500.0,385500.0,,,17.14713,16525.5465375,filled,gtc,2018-08-28 00:00:00+08:00,2018-08-29 00:00:00+08:00,,,open,False,2018-08-27T16:00:00Z,2018-08-28T16:00:00Z,_default,6610218.615,1 days
13317d26-aab7-47af-ae31-4ede00bbd9ad,002459.SZ,sell,market,428100.0,0.0,,,,0.0,rejected,gtc,2018-08-28 00:00:00+08:00,2018-08-29 00:00:00+08:00,,Missing market data for symbol 002459.SZ at execution timestamp 1535472000000000000,close,False,2018-08-27T16:00:00Z,2018-08-28T16:00:00Z,_default,0.0,1 days
b32e3500-0413-409b-aca0-1a6febcb5a47,601127.SH,sell,market,373300.0,373300.0,,,17.13285,15989.2322625,filled,gtc,2018-08-28 00:00:00+08:00,2018-08-29 00:00:00+08:00,,,close,False,2018-08-27T16:00:00Z,2018-08-28T16:00:00Z,_default,6395692.905,1 days
87d6ea35-6567-4fab-9814-9937c93ed45c,600377.SH,sell,market,725800.0,725800.0,,,8.85114,16060.39353,filled,gtc,2018-08-28 00:00:00+08:00,2018-08-29 00:00:00+08:00,,,close,False,2018-08-27T16:00:00Z,2018-08-28T16:00:00Z,_default,6424157.412,1 days
23b9ee00-739a-4b13-a613-a77ed8bcb1d0,300502.SZ,sell,market,106900.0,106900.0,,,18.60138,4971.218805,filled,gtc,2018-08-28 00:00:00+08:00,2018-08-29 00:00:00+08:00,,,close,False,2018-08-27T16:00:00Z,2018-08-28T16:00:00Z,_default,1988487.5219999999,1 days
89a4667d-beb2-4c4b-8aa6-2b1979cf0f4c,300394.SZ,sell,market,373900.0,373900.0,,,21.1788,19796.8833,filled,gtc,2018-08-28 00:00:00+08:00,2018-08-29 00:00:00+08:00,,,close,False,2018-08-27T16:00:00Z,2018-08-28T16:00:00Z,_default,7918753.319999999,1 days
78c5091e-6b1c-43bc-b88f-a85466721f79,000708.SZ,sell,market,694300.0,694300.0,,,9.87012,17132.06079,filled,gtc,2018-08-28 00:00:00+08:00,2018-08-29 00:00:00+08:00,,,close,False,2018-08-27T16:00:00Z,2018-08-28T16:00:00Z,_default,6852824.316,1 days
1a093402-321c-47dc-b81d-2addb50b621c,002714.SZ,buy,market,286600.0,286600.0,,,22.97295,16460.118675,filled,gtc,2018-08-28 00:00:00+08:00,2018-08-29 00:00:00+08:00,,,open,False,2018-08-27T16:00:00Z,2018-08-28T16:00:00Z,_default,6584047.470000001,1 days
2c7b2b70-d990-4660-87d1-ce601ce6a1d7,001965.SZ,buy,market,620500.0,620500.0,,,8.39839,13028.0024875,filled,gtc,2018-09-26 00:00:00+08:00,2018-09-27 00:00:00+08:00,,,open,False,2018-09-25T16:00:00Z,2018-09-26T16:00:00Z,_default,5211200.994999999,1 days
5c98d14b-13fd-4c80-9a90-c3a8d64ad458,002600.SZ,buy,market,1626300.0,1626300.0,,,3.16316,12860.61777,filled,gtc,2018-09-26 00:00:00+08:00,2018-09-27 00:00:00+08:00,,,open,False,2018-09-25T16:00:00Z,2018-09-26T16:00:00Z,_default,5144247.108,1 days
1d36a3cf-7962-4003-8aa1-50f41266348f,300308.SZ,buy,market,117100.0,117100.0,,,44.56452,13046.26323,filled,gtc,2018-09-26 00:00:00+08:00,2018-09-27 00:00:00+08:00,,,open,False,2018-09-25T16:00:00Z,2018-09-26T16:00:00Z,_default,5218505.292,1 days
121546f8-3895-4d3f-953b-17e13ab541bc,300661.SZ,buy,market,54400.0,54400.0,,,94.28419,12822.64984,filled,gtc,2018-09-26 00:00:00+08:00,2018-09-27 00:00:00+08:00,,,open,False,2018-09-25T16:00:00Z,2018-09-26T16:00:00Z,_default,5129059.936,1 days
19b52729-a070-4e9c-99fa-69e15dc5b3b0,603501.SH,buy,market,134400.0,134400.0,,,38.5385,12948.936,filled,gtc,2018-09-26 00:00:00+08:00,2018-09-27 00:00:00+08:00,,,open,False,2018-09-25T16:00:00Z,2018-09-26T16:00:00Z,_default,5179574.399999999,1 days
9f3b047e-3654-4916-b7d3-4e81602b12d0,600415.SH,buy,market,1268400.0,1268400.0,,,4.09409,12982.35939,filled,gtc,2018-09-26 00:00:00+08:00,2018-09-27 00:00:00+08:00,,,open,False,2018-09-25T16:00:00Z,2018-09-26T16:00:00Z,_default,5192943.755999999,1 days
cf890113-ec5f-40e8-b76f-651ff582d3fb,601058.SH,buy,market,2066900.0,2066900.0,,,2.52252,13034.49147,filled,gtc,2018-09-26 00:00:00+08:00,2018-09-27 00:00:00+08:00,,,open,False,2018-09-25T16:00:00Z,2018-09-26T16:00:00Z,_default,5213796.588,1 days
9dae2e0d-7178-4089-9e68-4ce352735363,601127.SH,buy,market,310100.0,310100.0,,,16.7167,12959.621675,filled,gtc,2018-09-26 00:00:00+08:00,2018-09-27 00:00:00+08:00,,,open,False,2018-09-25T16:00:00Z,2018-09-26T16:00:00Z,_default,5183848.67,1 days
66d642dc-9b82-4e7b-9e04-61bff08438ad,002459.SZ,sell,market,428100.0,0.0,,,,0.0,rejected,gtc,2018-09-26 00:00:00+08:00,2018-09-27 00:00:00+08:00,,Missing market data for symbol 002459.SZ at execution timestamp 1537977600000000000,close,False,2018-09-25T16:00:00Z,2018-09-26T16:00:00Z,_default,0.0,1 days
6915e1ca-bf74-4915-8a18-d0754f304f95,603806.SH,buy,market,224300.0,0.0,,,,0.0,rejected,gtc,2018-09-26 00:00:00+08:00,2018-09-27 00:00:00+08:00,,"Risk: Insufficient margin at execution. Required: 5244494.73047500, Available: 591270.796842500",open,False,2018-09-25T16:00:00Z,2018-09-26T16:00:00Z,_default,0.0,1 days
a4b2fa7d-5e16-48d5-8b39-7de43d79ce80,601872.SH,sell,market,1913200.0,1913200.0,,,3.60639,17249.36337,filled,gtc,2018-09-26 00:00:00+08:00,2018-09-27 00:00:00+08:00,,,close,False,2018-09-25T16:00:00Z,2018-09-26T16:00:00Z,_default,6899745.348,1 days
a09c815c-c666-4771-9792-98ec38ce199e,600377.SH,buy,market,571900.0,571900.0,,,9.05905,12952.1767375,filled,gtc,2018-09-26 00:00:00+08:00,2018-09-27 00:00:00+08:00,,,open,False,2018-09-25T16:00:00Z,2018-09-26T16:00:00Z,_default,5180870.694999999,1 days
5415d75b-34f7-4e2e-b6fd-e72f0bbb0ba5,600515.SH,sell,market,1064900.0,1064900.0,,,5.91408,15744.75948,filled,gtc,2018-09-26 00:00:00+08:00,2018-09-27 00:00:00+08:00,,,close,False,2018-09-25T16:00:00Z,2018-09-26T16:00:00Z,_default,6297903.792,1 days
06c01b98-527a-49a8-9b63-4f0879d7447b,000617.SZ,sell,market,135100.0,135100.0,,,11.16882,3772.268955,filled,gtc,2018-09-26 00:00:00+08:00,2018-09-27 00:00:00+08:00,,,close,False,2018-09-25T16:00:00Z,2018-09-26T16:00:00Z,_default,1508907.582,1 days
3f9690be-b070-46ac-95f6-f98712d93737,000657.SZ,sell,market,104700.0,104700.0,,,6.25374,1636.916445,filled,gtc,2018-09-26 00:00:00+08:00,2018-09-27 00:00:00+08:00,,,close,False,2018-09-25T16:00:00Z,2018-09-26T16:00:00Z,_default,654766.578,1 days
9b213417-4256-4460-8324-da5dafd12565,002384.SZ,sell,market,385500.0,385500.0,,,12.65733,12198.5017875,filled,gtc,2018-09-26 00:00:00+08:00,2018-09-27 00:00:00+08:00,,,close,False,2018-09-25T16:00:00Z,2018-09-26T16:00:00Z,_default,4879400.715,1 days
295df154-bd13-4d8a-8882-91ca6d347790,002532.SZ,sell,market,349800.0,349800.0,,,5.31468,4647.68766,filled,gtc,2018-09-26 00:00:00+08:00,2018-09-27 00:00:00+08:00,,,close,False,2018-09-25T16:00:00Z,2018-09-26T16:00:00Z,_default,1859075.064,1 days
a883a7c7-18ae-4af5-8715-f452413ec3c8,600732.SH,sell,market,239900.0,239900.0,,,4.30569,2582.3375775,filled,gtc,2018-09-26 00:00:00+08:00,2018-09-27 00:00:00+08:00,,,close,False,2018-09-25T16:00:00Z,2018-09-26T16:00:00Z,_default,1032935.0310000001,1 days
ed76c4a8-d23f-4eb6-a5d1-7e976fc94ef6,002714.SZ,sell,market,286600.0,286600.0,,,24.80517,17772.904305,filled,gtc,2018-09-26 00:00:00+08:00,2018-09-27 00:00:00+08:00,,,close,False,2018-09-25T16:00:00Z,2018-09-26T16:00:00Z,_default,7109161.722,1 days
7ce6c0e9-e5c1-4a89-8bb6-b5ffae03fb05,002837.SZ,sell,market,416000.0,416000.0,,,14.985,15584.4,filled,gtc,2018-09-26 00:00:00+08:00,2018-09-27 00:00:00+08:00,,,close,False,2018-09-25T16:00:00Z,2018-09-26T16:00:00Z,_default,6233760.0,1 days
aa72972d-da38-4330-9860-df521d6102b8,300442.SZ,sell,market,72100.0,72100.0,,,14.96502,2697.444855,filled,gtc,2018-09-26 00:00:00+08:00,2018-09-27 00:00:00+08:00,,,close,False,2018-09-25T16:00:00Z,2018-09-26T16:00:00Z,_default,1078977.942,1 days
720bc8c6-5c0b-4457-91a9-07c3b69e2f49,300502.SZ,sell,market,77200.0,77200.0,,,18.92106,3651.76458,filled,gtc,2018-09-26 00:00:00+08:00,2018-09-27 00:00:00+08:00,,,close,False,2018-09-25T16:00:00Z,2018-09-26T16:00:00Z,_default,1460705.832,1 days
422595a0-0146-4708-b3bf-822183534786,002625.SZ,sell,market,701600.0,701600.0,,,9.2907,16295.8878,filled,gtc,2018-09-26 00:00:00+08:00,2018-09-27 00:00:00+08:00,,,close,False,2018-09-25T16:00:00Z,2018-09-26T16:00:00Z,_default,6518355.119999999,1 days
c8154213-8138-4c70-806a-b70deae6b9a3,002920.SZ,buy,market,287300.0,287300.0,,,17.83782,12812.014215,filled,gtc,2018-10-31 00:00:00+08:00,2018-11-01 00:00:00+08:00,,,open,False,2018-10-30T16:00:00Z,2018-10-31T16:00:00Z,_default,5124805.686,1 days
f22ff12a-5c30-46a5-9cfc-b98a597eed91,600732.SH,buy,market,12000.0,12000.0,,,4.19419,125.8257,filled,gtc,2018-10-31 00:00:00+08:00,2018-11-01 00:00:00+08:00,,,open,False,2018-10-30T16:00:00Z,2018-10-31T16:00:00Z,_default,50330.28,1 days
850242af-ffa7-47a6-966a-6c9c24511a91,002532.SZ,buy,market,19700.0,19700.0,,,5.1051,251.426175,filled,gtc,2018-10-31 00:00:00+08:00,2018-11-01 00:00:00+08:00,,,open,False,2018-10-30T16:00:00Z,2018-10-31T16:00:00Z,_default,100570.47,1 days
ef37d776-b234-4875-b550-8cf3f63d9dd3,300442.SZ,buy,market,32200.0,32200.0,,,13.35334,1074.94387,filled,gtc,2018-10-31 00:00:00+08:00,2018-11-01 00:00:00+08:00,,,open,False,2018-10-30T16:00:00Z,2018-10-31T16:00:00Z,_default,429977.54799999995,1 days
098062e0-652d-42ca-a759-c9bc246d00f5,000657.SZ,buy,market,102000.0,102000.0,,,5.43543,1386.03465,filled,gtc,2018-10-31 00:00:00+08:00,2018-11-01 00:00:00+08:00,,,open,False,2018-10-30T16:00:00Z,2018-10-31T16:00:00Z,_default,554413.86,1 days
ddbdfeb1-a10a-4b9a-88e4-45eadeb03e7f,603501.SH,buy,market,38800.0,38800.0,,,30.03,2912.91,filled,gtc,2018-10-31 00:00:00+08:00,2018-11-01 00:00:00+08:00,,,open,False,2018-10-30T16:00:00Z,2018-10-31T16:00:00Z,_default,1165164.0,1 days
25336eee-5923-4e76-b5e6-bd7210e4be26,300661.SZ,buy,market,18900.0,18900.0,,,71.9719,3400.672275,filled,gtc,2018-10-31 00:00:00+08:00,2018-11-01 00:00:00+08:00,,,open,False,2018-10-30T16:00:00Z,2018-10-31T16:00:00Z,_default,1360268.9100000001,1 days
f22778b9-2a30-4b68-a1b7-c797b53121fe,603806.SH,buy,market,215700.0,0.0,,,,0.0,rejected,gtc,2018-10-31 00:00:00+08:00,2018-11-01 00:00:00+08:00,,"Risk: Insufficient margin at execution. Required: 5039083.789740000, Available: 169572.432762500",open,False,2018-10-30T16:00:00Z,2018-10-31T16:00:00Z,_default,0.0,1 days
cc7b4434-56a8-4bd1-bb9a-11e4ca9abb61,601689.SH,buy,market,347900.0,347900.0,,,14.70469,12789.4041275,filled,gtc,2018-10-31 00:00:00+08:00,2018-11-01 00:00:00+08:00,,,open,False,2018-10-30T16:00:00Z,2018-10-31T16:00:00Z,_default,5115761.651,1 days
681ca962-9a8c-43ef-82d5-0e3551b5cec3,002837.SZ,buy,market,389400.0,389400.0,,,13.10309,12755.858115,filled,gtc,2018-10-31 00:00:00+08:00,2018-11-01 00:00:00+08:00,,,open,False,2018-10-30T16:00:00Z,2018-10-31T16:00:00Z,_default,5102343.246,1 days
c5f8881a-8cf3-4d01-92e8-55ae22e5553b,000661.SZ,buy,market,28700.0,28700.0,,,180.66048,12962.38944,filled,gtc,2018-10-31 00:00:00+08:00,2018-11-01 00:00:00+08:00,,,open,False,2018-10-30T16:00:00Z,2018-10-31T16:00:00Z,_default,5184955.776000001,1 days
c16eb444-bf3d-4643-b9aa-d5e32ce12379,001965.SZ,sell,market,6000.0,6000.0,,,8.2917,124.3755,filled,gtc,2018-10-31 00:00:00+08:00,2018-11-01 00:00:00+08:00,,,close,False,2018-10-30T16:00:00Z,2018-10-31T16:00:00Z,_default,49750.200000000004,1 days
0e1d7a35-bc57-44f2-bd81-11ceb4e709a2,002459.SZ,sell,market,428100.0,0.0,,,,0.0,rejected,gtc,2018-10-31 00:00:00+08:00,2018-11-01 00:00:00+08:00,,Missing market data for symbol 002459.SZ at execution timestamp 1541001600000000000,close,False,2018-10-30T16:00:00Z,2018-10-31T16:00:00Z,_default,0.0,1 days
5ee89b8e-17f6-4b99-97e1-0cbbed235e89,601127.SH,sell,market,310100.0,310100.0,,,15.984,12391.596,filled,gtc,2018-10-31 00:00:00+08:00,2018-11-01 00:00:00+08:00,,,close,False,2018-10-30T16:00:00Z,2018-10-31T16:00:00Z,_default,4956638.4,1 days
f26897c3-fdea-4279-baf1-5c73130436e9,601058.SH,sell,market,2066900.0,2066900.0,,,2.33766,12079.273635,filled,gtc,2018-10-31 00:00:00+08:00,2018-11-01 00:00:00+08:00,,,close,False,2018-10-30T16:00:00Z,2018-10-31T16:00:00Z,_default,4831709.454,1 days
5dc12084-7c31-4fd4-8f24-290eb15917a0,600415.SH,sell,market,1268400.0,1268400.0,,,3.66633,11625.93243,filled,gtc,2018-10-31 00:00:00+08:00,2018-11-01 00:00:00+08:00,,,close,False,2018-10-30T16:00:00Z,2018-10-31T16:00:00Z,_default,4650372.972,1 days
40ef2f4c-ddbb-47ae-9c3a-b0f6b658cc8c,600377.SH,sell,market,571900.0,571900.0,,,9.27072,13254.81192,filled,gtc,2018-10-31 00:00:00+08:00,2018-11-01 00:00:00+08:00,,,close,False,2018-10-30T16:00:00Z,2018-10-31T16:00:00Z,_default,5301924.768,1 days
5ea3915d-6d45-42d2-af7a-fcaae6803c0a,300502.SZ,sell,market,10200.0,10200.0,,,19.62036,500.31918,filled,gtc,2018-10-31 00:00:00+08:00,2018-11-01 00:00:00+08:00,,,close,False,2018-10-30T16:00:00Z,2018-10-31T16:00:00Z,_default,200127.67200000002,1 days
9e548d5f-5617-4a56-a3be-b87b040f2d4f,300308.SZ,sell,market,117100.0,117100.0,,,38.08188,11148.47037,filled,gtc,2018-10-31 00:00:00+08:00,2018-11-01 00:00:00+08:00,,,close,False,2018-10-30T16:00:00Z,2018-10-31T16:00:00Z,_default,4459388.148,1 days
e9391bda-bbdf-43a5-b772-038348d19d0a,002600.SZ,sell,market,1626300.0,1626300.0,,,2.87712,11697.65064,filled,gtc,2018-10-31 00:00:00+08:00,2018-11-01 00:00:00+08:00,,,close,False,2018-10-30T16:00:00Z,2018-10-31T16:00:00Z,_default,4679060.256,1 days
ffe411d8-70ac-4334-a0d7-65cf20d0de2f,002625.SZ,buy,market,686500.0,686500.0,,,7.59759,13039.3638375,filled,gtc,2018-10-31 00:00:00+08:00,2018-11-01 00:00:00+08:00,,,open,False,2018-10-30T16:00:00Z,2018-10-31T16:00:00Z,_default,5215745.535,1 days
7d01509e-1f95-4800-882a-c86fc73f98bc,002459.SZ,buy,market,146800.0,146800.0,,,10.06005,3692.03835,filled,gtc,2018-11-28 00:00:00+08:00,2018-11-29 00:00:00+08:00,,,open,False,2018-11-27T16:00:00Z,2018-11-28T16:00:00Z,_default,1476815.34,1 days
f31e9564-2d6c-4022-b287-62339651a174,300502.SZ,buy,market,65000.0,65000.0,,,17.8178,2895.3925,filled,gtc,2018-11-28 00:00:00+08:00,2018-11-29 00:00:00+08:00,,,open,False,2018-11-27T16:00:00Z,2018-11-28T16:00:00Z,_default,1158157.0,1 days
6caef30a-4c3b-4ecb-9042-abfd7f07f50c,000617.SZ,buy,market,58700.0,58700.0,,,10.97096,1609.98838,filled,gtc,2018-11-28 00:00:00+08:00,2018-11-29 00:00:00+08:00,,,open,False,2018-11-27T16:00:00Z,2018-11-28T16:00:00Z,_default,643995.352,1 days
15f26afd-763b-4fea-9d52-2935bf8e1c21,300442.SZ,buy,market,24200.0,24200.0,,,14.40439,871.465595,filled,gtc,2018-11-28 00:00:00+08:00,2018-11-29 00:00:00+08:00,,,open,False,2018-11-27T16:00:00Z,2018-11-28T16:00:00Z,_default,348586.238,1 days
5e295305-ec33-49c0-9231-f844c508afd3,601127.SH,buy,market,343200.0,343200.0,,,16.8168,14428.8144,filled,gtc,2018-11-28 00:00:00+08:00,2018-11-29 00:00:00+08:00,,,open,False,2018-11-27T16:00:00Z,2018-11-28T16:00:00Z,_default,5771525.76,1 days
16716f14-6c0e-47b6-a9f3-d2936f89b03c,002532.SZ,buy,market,113300.0,113300.0,,,5.2052,1474.3729,filled,gtc,2018-11-28 00:00:00+08:00,2018-11-29 00:00:00+08:00,,,open,False,2018-11-27T16:00:00Z,2018-11-28T16:00:00Z,_default,589749.1599999999,1 days
a001f3ad-f754-46c7-9e5f-87df5728f73e,600732.SH,buy,market,105400.0,105400.0,,,4.39439,1157.921765,filled,gtc,2018-11-28 00:00:00+08:00,2018-11-29 00:00:00+08:00,,,open,False,2018-11-27T16:00:00Z,2018-11-28T16:00:00Z,_default,463168.70599999995,1 days
c0cbb7f4-9bb7-4988-8369-d146475e887a,000657.SZ,buy,market,64100.0,64100.0,,,5.81581,931.9835525,filled,gtc,2018-11-28 00:00:00+08:00,2018-11-29 00:00:00+08:00,,,open,False,2018-11-27T16:00:00Z,2018-11-28T16:00:00Z,_default,372793.421,1 days
6e0fb50d-1646-4340-ba41-ddbcf28bf396,001965.SZ,buy,market,75200.0,75200.0,,,8.42842,1584.54296,filled,gtc,2018-11-28 00:00:00+08:00,2018-11-29 00:00:00+08:00,,,open,False,2018-11-27T16:00:00Z,2018-11-28T16:00:00Z,_default,633817.1839999999,1 days
2c81f7ad-0600-4115-8370-f0bfbafe8210,600377.SH,buy,market,609600.0,609600.0,,,9.47947,14446.71228,filled,gtc,2018-11-28 00:00:00+08:00,2018-11-29 00:00:00+08:00,,,open,False,2018-11-27T16:00:00Z,2018-11-28T16:00:00Z,_default,5778684.912,1 days
4908dea9-6ff0-4c44-9a15-649c46402dc6,300661.SZ,sell,market,300.0,300.0,,,79.50042,59.625315,filled,gtc,2018-11-28 00:00:00+08:00,2018-11-29 00:00:00+08:00,,,close,False,2018-11-27T16:00:00Z,2018-11-28T16:00:00Z,_default,23850.126,1 days
88b9d76d-8218-4f2d-b2df-cb4eaeff25ad,000708.SZ,buy,market,630900.0,630900.0,,,9.2092,14525.2107,filled,gtc,2018-11-28 00:00:00+08:00,2018-11-29 00:00:00+08:00,,,open,False,2018-11-27T16:00:00Z,2018-11-28T16:00:00Z,_default,5810084.279999999,1 days
b031f97a-3d19-43af-95da-871bb060510e,603806.SH,buy,market,224600.0,224600.0,,,25.70568,14433.73932,filled,gtc,2018-11-28 00:00:00+08:00,2018-11-29 00:00:00+08:00,,,open,False,2018-11-27T16:00:00Z,2018-11-28T16:00:00Z,_default,5773495.728,1 days
533cf3a5-9515-41fc-a3ec-b0c0f5f37e59,603501.SH,sell,market,173200.0,173200.0,,,35.964,15572.412,filled,gtc,2018-11-28 00:00:00+08:00,2018-11-29 00:00:00+08:00,,,close,False,2018-11-27T16:00:00Z,2018-11-28T16:00:00Z,_default,6228964.8,1 days
96c7e3ac-7e53-4d9d-b76a-0b4b6f0e69dc,601689.SH,sell,market,347900.0,347900.0,,,14.80518,12876.805305,filled,gtc,2018-11-28 00:00:00+08:00,2018-11-29 00:00:00+08:00,,,close,False,2018-11-27T16:00:00Z,2018-11-28T16:00:00Z,_default,5150722.122,1 days
3da8377b-8ecb-49d5-b820-6d17f23cf55c,002920.SZ,sell,market,287300.0,287300.0,,,19.99998,14364.985635,filled,gtc,2018-11-28 00:00:00+08:00,2018-11-29 00:00:00+08:00,,,close,False,2018-11-27T16:00:00Z,2018-11-28T16:00:00Z,_default,5745994.254000001,1 days
bc9dd77e-f87c-42b7-a58d-dfa99aea7707,002837.SZ,sell,market,389400.0,389400.0,,,16.983,16532.9505,filled,gtc,2018-11-28 00:00:00+08:00,2018-11-29 00:00:00+08:00,,,close,False,2018-11-27T16:00:00Z,2018-11-28T16:00:00Z,_default,6613180.2,1 days
187fa9d1-bceb-4f32-933b-25d1e707e42a,002625.SZ,sell,market,686500.0,686500.0,,,8.7912,15087.897,filled,gtc,2018-11-28 00:00:00+08:00,2018-11-29 00:00:00+08:00,,,close,False,2018-11-27T16:00:00Z,2018-11-28T16:00:00Z,_default,6035158.8,1 days
1a1e3c93-33aa-4185-97f6-3cd7219dab91,000661.SZ,sell,market,28700.0,28700.0,,,196.1037,14070.440475,filled,gtc,2018-11-28 00:00:00+08:00,2018-11-29 00:00:00+08:00,,,close,False,2018-11-27T16:00:00Z,2018-11-28T16:00:00Z,_default,5628176.19,1 days
f565f193-3020-4c07-abc8-6e1ef411e677,300751.SZ,buy,market,43900.0,43900.0,,,129.129,14171.90775,filled,gtc,2018-11-28 00:00:00+08:00,2018-11-29 00:00:00+08:00,,,open,False,2018-11-27T16:00:00Z,2018-11-28T16:00:00Z,_default,5668763.1,1 days
454a8089-1c26-44a9-aca8-3752f1019c93,000708.SZ,sell,market,630900.0,0.0,,,,0.0,rejected,gtc,2018-12-26 00:00:00+08:00,2018-12-27 00:00:00+08:00,,Missing market data for symbol 000708.SZ at execution timestamp 1545840000000000000,close,False,2018-12-25T16:00:00Z,2018-12-26T16:00:00Z,_default,0.0,1 days
7f77951c-b8e0-4d5d-9acf-a069c08b1679,000301.SZ,buy,market,924200.0,924200.0,,,5.64564,13044.25122,filled,gtc,2018-12-26 00:00:00+08:00,2018-12-27 00:00:00+08:00,,,open,False,2018-12-25T16:00:00Z,2018-12-26T16:00:00Z,_default,5217700.488,1 days
41a23353-5cb4-4628-97b3-0c4a145ce1d2,002252.SZ,buy,market,659500.0,659500.0,,,8.01801,13219.6939875,filled,gtc,2018-12-26 00:00:00+08:00,2018-12-27 00:00:00+08:00,,,open,False,2018-12-25T16:00:00Z,2018-12-26T16:00:00Z,_default,5287877.595,1 days
294af7cf-07e3-4c71-8b3f-0a7e5a9c0c9d,300223.SZ,buy,market,274900.0,274900.0,,,19.12911,13146.4808475,filled,gtc,2018-12-26 00:00:00+08:00,2018-12-27 00:00:00+08:00,,,open,False,2018-12-25T16:00:00Z,2018-12-26T16:00:00Z,_default,5258592.339000001,1 days
ccdb4ecf-eeb8-4a8f-a30f-cfa7265ccf89,002625.SZ,buy,market,513100.0,513100.0,,,10.23022,13122.814705,filled,gtc,2018-12-26 00:00:00+08:00,2018-12-27 00:00:00+08:00,,,open,False,2018-12-25T16:00:00Z,2018-12-26T16:00:00Z,_default,5249125.881999999,1 days
9c36c148-1d64-4bd7-bf82-021bfceb3cb4,002837.SZ,buy,market,316200.0,316200.0,,,16.7167,13214.55135,filled,gtc,2018-12-26 00:00:00+08:00,2018-12-27 00:00:00+08:00,,,open,False,2018-12-25T16:00:00Z,2018-12-26T16:00:00Z,_default,5285820.54,1 days
b791702c-837c-4997-91a6-5c4db5bd2485,603806.SH,sell,market,28300.0,28300.0,,,26.52345,1876.5340875,filled,gtc,2018-12-26 00:00:00+08:00,2018-12-27 00:00:00+08:00,,,close,False,2018-12-25T16:00:00Z,2018-12-26T16:00:00Z,_default,750613.635,1 days
e645ebcd-2c2c-4e7f-94ff-e28181aa9c5e,002384.SZ,buy,market,441900.0,441900.0,,,11.9119,13159.671525,filled,gtc,2018-12-26 00:00:00+08:00,2018-12-27 00:00:00+08:00,,,open,False,2018-12-25T16:00:00Z,2018-12-26T16:00:00Z,_default,5263868.609999999,1 days
d027a75c-273e-4d57-8d0c-d5139fc7acd4,601127.SH,sell,market,343200.0,343200.0,,,16.7832,14399.9856,filled,gtc,2018-12-26 00:00:00+08:00,2018-12-27 00:00:00+08:00,,,close,False,2018-12-25T16:00:00Z,2018-12-26T16:00:00Z,_default,5759994.24,1 days
aa7f7b98-7af9-4041-a01c-03ae373c5ef1,300442.SZ,sell,market,8400.0,8400.0,,,13.1868,276.9228,filled,gtc,2018-12-26 00:00:00+08:00,2018-12-27 00:00:00+08:00,,,close,False,2018-12-25T16:00:00Z,2018-12-26T16:00:00Z,_default,110769.12,1 days
b400fea1-1b8b-47d8-9719-6e490299c56d,600377.SH,sell,market,609600.0,609600.0,,,9.6903,14768.0172,filled,gtc,2018-12-26 00:00:00+08:00,2018-12-27 00:00:00+08:00,,,close,False,2018-12-25T16:00:00Z,2018-12-26T16:00:00Z,_default,5907206.88,1 days
fc7affbd-32f6-4505-ae00-4c498d90b1c1,300751.SZ,sell,market,43900.0,43900.0,,,117.82206,12930.971085,filled,gtc,2018-12-26 00:00:00+08:00,2018-12-27 00:00:00+08:00,,,close,False,2018-12-25T16:00:00Z,2018-12-26T16:00:00Z,_default,5172388.433999999,1 days
733d1372-d1b7-4745-b59b-e007f4c95cb9,300502.SZ,sell,market,326300.0,326300.0,,,18.82116,15353.36127,filled,gtc,2018-12-26 00:00:00+08:00,2018-12-27 00:00:00+08:00,,,close,False,2018-12-25T16:00:00Z,2018-12-26T16:00:00Z,_default,6141344.507999999,1 days
1f2e7221-fef7-481c-97a1-ed47d6fcbcbe,002532.SZ,sell,market,90800.0,90800.0,,,5.17482,1174.68414,filled,gtc,2018-12-26 00:00:00+08:00,2018-12-27 00:00:00+08:00,,,close,False,2018-12-25T16:00:00Z,2018-12-26T16:00:00Z,_default,469873.656,1 days
a92d87ea-f3c7-4c13-8885-a5202c6db738,002459.SZ,sell,market,574900.0,574900.0,,,8.7912,12635.1522,filled,gtc,2018-12-26 00:00:00+08:00,2018-12-27 00:00:00+08:00,,,close,False,2018-12-25T16:00:00Z,2018-12-26T16:00:00Z,_default,5054060.88,1 days
6bae3a50-16fc-4202-81e4-788dcbc83789,001965.SZ,sell,market,45800.0,45800.0,,,8.0919,926.52255,filled,gtc,2018-12-26 00:00:00+08:00,2018-12-27 00:00:00+08:00,,,close,False,2018-12-25T16:00:00Z,2018-12-26T16:00:00Z,_default,370609.02,1 days
cc2e8170-07d8-47ba-8cdc-4ed74f4b2774,000657.SZ,sell,market,29500.0,29500.0,,,5.42457,400.0620375,filled,gtc,2018-12-26 00:00:00+08:00,2018-12-27 00:00:00+08:00,,,close,False,2018-12-25T16:00:00Z,2018-12-26T16:00:00Z,_default,160024.815,1 days
b6b3bb3d-fae2-4198-ac09-a11b9cba7442,000617.SZ,sell,market,17500.0,17500.0,,,10.29969,450.6114375,filled,gtc,2018-12-26 00:00:00+08:00,2018-12-27 00:00:00+08:00,,,close,False,2018-12-25T16:00:00Z,2018-12-26T16:00:00Z,_default,180244.575,1 days
8337be03-637b-4359-a11b-7e24e10b2de8,600415.SH,buy,market,1503600.0,0.0,,,,0.0,rejected,gtc,2018-12-26 00:00:00+08:00,2018-12-27 00:00:00+08:00,,"Risk: Insufficient margin at execution. Required: 5250854.929320000, Available: 11389.984737500",open,False,2018-12-25T16:00:00Z,2018-12-26T16:00:00Z,_default,0.0,1 days
04a10f2e-d0e4-4e59-ac16-e2bbe222a38b,600732.SH,sell,market,162400.0,162400.0,,,4.44555,1804.8933,filled,gtc,2018-12-26 00:00:00+08:00,2018-12-27 00:00:00+08:00,,,close,False,2018-12-25T16:00:00Z,2018-12-26T16:00:00Z,_default,721957.32,1 days
2a8c442f-c7cb-4851-946a-4a20dfbe9d47,300661.SZ,buy,market,2300.0,0.0,,,,0.0,rejected,gtc,2018-12-26 00:00:00+08:00,2018-12-27 00:00:00+08:00,,"Risk: Insufficient margin at execution. Required: 159786.699572500, Available: 11389.984737500",open,False,2018-12-25T16:00:00Z,2018-12-26T16:00:00Z,_default,0.0,1 days
