symbol,entry_time,exit_time,entry_price,exit_price,quantity,side,pnl,net_pnl,return_pct,commission,duration_bars,duration,mae,mfe,entry_tag,exit_tag,entry_portfolio_value,max_drawdown_pct
000977.SZ,2011-01-05 00:00:00+08:00,2011-02-09 00:00:00+08:00,22.6226,19.02096,339000.0,Long,-1220955.96,-1256248.8771,-15.920539637353798,35292.9171,20,35 days,-24.41187131452617,2.331297021562509,,,99925705.9465,26.133909287257005
002027.SZ,2011-01-05 00:00:00+08:00,2011-02-09 00:00:00+08:00,6.5065,6.03396,221300.0,Long,-104573.102,-111511.11149500002,-7.262583570275878,6938.009495,20,35 days,-10.397295012679626,2.051794359486663,,,100065145.284625,12.198795180722886
002352.SZ,2011-01-05 00:00:00+08:00,2011-02-09 00:00:00+08:00,30.7307,28.74123,48600.0,Long,-96688.242,-103914.081495,-6.473884421767158,7225.839495,20,35 days,-12.237599534016471,0.8763223746937141,,,100086714.672025,13.000000000000004
300014.SZ,2011-01-05 00:00:00+08:00,2011-02-09 00:00:00+08:00,26.06604,22.85712,41800.0,Long,-134132.856,-139245.32622,-12.310730743910469,5112.47022,20,35 days,-18.629757339434757,6.153447167272055,,,100075338.421295,23.346584748825443
302132.SZ,2011-01-05 00:00:00+08:00,2011-02-09 00:00:00+08:00,36.34631,34.0659,40100.0,Long,-91444.441,-98503.2650525,-6.274116959878459,7058.8240525,20,35 days,-10.582394746536862,1.5233733493166046,,,100013593.6612775,11.92411924119241
600233.SH,2011-01-05 00:00:00+08:00,2011-02-09 00:00:00+08:00,14.28427,13.76622,112000.0,Long,-58021.6,-65875.7372,-3.6267166610544326,7854.1372,20,35 days,-10.32093344637142,2.7003830087221856,,,100106235.8803375,12.67893660531697
600377.SH,2011-01-05 00:00:00+08:00,2011-02-09 00:00:00+08:00,6.6066,6.40359,1146800.0,Long,-232811.868,-270112.08273,-3.0728362546544363,37300.21473,20,35 days,-6.4571791844519195,0.9596464141918639,,,100141461.8781375,7.346326836581713
600515.SH,2011-01-05 00:00:00+08:00,2011-02-09 00:00:00+08:00,7.42742,7.04295,200500.0,Long,-77086.235,-84339.5079625,-5.17636002811205,7253.2729625,20,35 days,-9.120529066620707,7.978275094178058,,,100131535.1502675,15.835411471321692
600732.SH,2011-01-05 00:00:00+08:00,2011-02-09 00:00:00+08:00,7.13713,6.97302,247100.0,Long,-40551.581,-49268.1261625,-2.2993836458072083,8716.5451625,20,35 days,-8.226415940300935,3.8232454782244427,,,100073743.71393,10.762942779291555
600745.SH,2011-01-05 00:00:00+08:00,2011-02-09 00:00:00+08:00,9.13913,7.30269,38400.0,Long,-70519.296,-72097.71072,-20.09425404825186,1578.41472,20,35 days,-23.406276089737204,0.4471979280303482,,,100116651.7883475,23.747276688453155
600845.SH,2011-01-05 00:00:00+08:00,2011-02-09 00:00:00+08:00,26.67665,24.4755,49600.0,Long,-109177.04,-115519.9066,-8.251223448221573,6342.8666,20,35 days,-13.744791793572272,6.797517679318804,,,99719139.086085,19.234819234819227
600886.SH,2011-01-05 00:00:00+08:00,2011-02-09 00:00:00+08:00,7.19719,7.03296,1056200.0,Long,-173459.726,-211034.437075,-2.281862782558193,37574.711075,20,35 days,-5.240795365969214,4.207336474374027,,,99710807.82789,9.066666666666663
601872.SH,2011-01-05 00:00:00+08:00,2011-02-09 00:00:00+08:00,4.17417,4.31568,1817500.0,Long,257194.425,218618.6690625,3.3901350448113035,38575.7559375,20,35 days,-2.4955859488233556,7.32672603176201,,,99752298.4679525,6.221198156682018
000617.SZ,2011-02-09 00:00:00+08:00,2011-03-09 00:00:00+08:00,21.54152,22.977,267600.0,Long,384134.448,354351.55812,6.663782314339935,29782.88988,20,28 days,-0.9819177105422466,15.822838871166015,,,92731782.7231,9.819639278557112
002049.SZ,2011-02-09 00:00:00+08:00,2011-03-09 00:00:00+08:00,21.37135,25.22475,266400.0,Long,1026545.76,995512.7574,18.03068126253138,31033.0026,20,28 days,-0.2870665634131719,24.044573693285646,,,93138101.764,11.95652173913044
300059.SZ,2011-02-09 00:00:00+08:00,2011-03-09 00:00:00+08:00,46.046,47.57238,125200.0,Long,191102.776,161800.22306,3.3149024888155325,29302.55294,20,28 days,-2.0327498588368154,9.672935759892283,,,93404225.90272,10.03960396039604
600160.SH,2011-02-09 00:00:00+08:00,2011-03-09 00:00:00+08:00,19.62961,27.7722,291500.0,Long,2373564.985,2339020.9159625,41.48116034908488,34544.0690375,20,28 days,-0.6093345715987124,52.32090703788816,,,93442504.5094325,13.921502851392145
600233.SH,2011-01-05 00:00:00+08:00,2011-03-09 00:00:00+08:00,14.28427,14.94504,416800.0,Long,275408.936,244951.99498,4.625857674210863,30456.94102,40,63 days,-10.32093344637142,7.180835982517841,,,100106235.8803375,12.67893660531697
600732.SH,2011-01-05 00:00:00+08:00,2011-03-09 00:00:00+08:00,7.13713,7.61238,822400.0,Long,390845.6,360520.60744,6.658839057156027,30324.992560000002,40,63 days,-8.226415940300935,13.350884739384036,,,100073743.71393,10.762942779291555
600745.SH,2011-01-05 00:00:00+08:00,2011-03-09 00:00:00+08:00,9.13913,8.71128,785700.0,Long,-336161.745,-371224.4128425,-4.681517825000848,35062.6678425,40,63 days,-23.406276089737204,0.4471979280303482,,,100116651.7883475,23.747276688453155
002027.SZ,2011-01-05 00:00:00+08:00,2011-04-08 00:00:00+08:00,6.5065,6.96303,950200.0,Long,433794.806,401797.93748499994,7.016521939598862,31996.868515,60,93 days,-10.397295012679626,14.961961115807277,,,100065145.284625,12.198795180722886
002027.SZ,2011-03-09 00:00:00+08:00,2011-04-08 00:00:00+08:00,6.78678,6.96303,189200.0,Long,33346.5,26842.83987,2.5969605615623315,6503.66013,20,30 days,-3.488841541938893,10.214269506304907,,,101355195.3473125,9.49197860962568
002050.SZ,2011-03-09 00:00:00+08:00,2011-04-08 00:00:00+08:00,35.51548,34.22574,218500.0,Long,-281808.19,-319904.331425,-3.631486889660509,38096.141425,20,30 days,-4.12631337095824,5.278036506897849,,,101441662.6363625,8.852634394223061
002230.SZ,2011-03-09 00:00:00+08:00,2011-04-08 00:00:00+08:00,47.26722,41.94801,166100.0,Long,-883520.781,-920567.4052575,-11.253486031122627,37046.6242575,20,30 days,-11.54546427735754,16.35970975233999,,,102066964.6812575,23.981818181818177
002311.SZ,2011-02-09 00:00:00+08:00,2011-04-08 00:00:00+08:00,28.26824,27.46251,33700.0,Long,-27153.101,-31848.4166875,-2.850301256816838,4695.3156875,40,58 days,-5.193956185457595,7.116679354639703,,,93205412.23902,11.492734478203435
002352.SZ,2011-01-05 00:00:00+08:00,2011-04-08 00:00:00+08:00,30.7307,28.46151,39900.0,Long,-90540.681,-96445.1039475,-7.384114257078426,5904.4229475,60,93 days,-12.237599534016471,3.935152795087657,,,100086714.672025,14.715090795241084
002371.SZ,2011-03-09 00:00:00+08:00,2011-04-08 00:00:00+08:00,86.8868,85.89402,13100.0,Long,-13005.418,-18663.989855,-1.1426131472214422,5658.571855,20,30 days,-2.7470225626907587,10.005202171100795,,,102077824.776395,11.592383343795772
002532.SZ,2011-02-09 00:00:00+08:00,2011-04-08 00:00:00+08:00,43.96392,38.84112,133300.0,Long,-682869.24,-710464.01958,-11.652282144085424,27594.77958,40,58 days,-14.361594689463548,12.091915370603894,,,93492005.50072,23.599837662337666
002532.SZ,2011-03-09 00:00:00+08:00,2011-04-08 00:00:00+08:00,41.5415,38.84112,52800.0,Long,-142580.064,-153190.56984,-6.500439319716428,10610.505840000002,20,30 days,-9.367740693041899,9.84196526365202,,,102088851.7935275,17.48849441157134
300014.SZ,2011-01-05 00:00:00+08:00,2011-04-08 00:00:00+08:00,26.06604,23.7762,29100.0,Long,-66634.344,-70260.36696,-8.784763623473301,3626.02296,60,93 days,-18.629757339434757,6.153447167272055,,,100075338.421295,23.346584748825443
300122.SZ,2011-03-09 00:00:00+08:00,2011-04-08 00:00:00+08:00,37.5375,33.71625,219700.0,Long,-839528.625,-878664.7471875,-10.17982017982018,39136.1221875,20,30 days,-10.179820179820178,0.0,,,101917914.0392025,10.179820179820178
302132.SZ,2011-01-05 00:00:00+08:00,2011-04-08 00:00:00+08:00,36.34631,32.98698,25700.0,Long,-86334.781,-90789.4448825,-9.242561349418963,4454.6638825,60,93 days,-10.582394746536862,1.5233733493166046,,,100013593.6612775,11.92411924119241
600515.SH,2011-01-05 00:00:00+08:00,2011-04-08 00:00:00+08:00,7.42742,7.34265,818900.0,Long,-69418.153,-99656.17880749998,-1.1413115186700094,30238.025807500002,60,93 days,-9.120529066620707,7.978275094178058,,,100131535.1502675,15.835411471321692
600515.SH,2011-03-09 00:00:00+08:00,2011-04-08 00:00:00+08:00,7.52752,7.34265,213900.0,Long,-39543.693,-47495.5164075,-2.4559217378366314,7951.823407499999,20,30 days,-5.679426956022706,4.549705613535402,,,101921119.0050075,9.783989834815761
600845.SH,2011-01-05 00:00:00+08:00,2011-04-08 00:00:00+08:00,26.67665,25.85412,48900.0,Long,-40221.717,-46643.6036325,-3.0833331771418075,6421.8866325,60,93 days,-13.744791793572272,6.797517679318804,,,99719139.086085,19.234819234819227
000425.SZ,2011-04-08 00:00:00+08:00,2011-05-09 00:00:00+08:00,28.81879,23.86611,223100.0,Long,-1104942.908,-1134327.910975,-17.185593149469497,29385.002975,20,31 days,-20.190958746012583,2.363770304027338,,,97440864.86218,22.033898305084744
002311.SZ,2011-02-09 00:00:00+08:00,2011-05-09 00:00:00+08:00,28.26824,28.79118,169600.0,Long,88690.624,64497.429919999995,1.8499206176260001,24193.19408,60,89 days,-5.193956185457595,8.001064091715659,,,93205412.23902,11.492734478203435
002311.SZ,2011-03-09 00:00:00+08:00,2011-05-09 00:00:00+08:00,28.9289,28.79118,63900.0,Long,-8800.308,-18021.09078,-0.47606372865888436,9220.78278,40,61 days,-7.3590769092499135,5.534603804500007,,,102073276.5794825,8.156271418779983
002352.SZ,2011-01-05 00:00:00+08:00,2011-05-09 00:00:00+08:00,30.7307,25.02495,6600.0,Long,-37657.95,-38577.918225,-18.566937948045442,919.968225,80,124 days,-20.07992007992008,3.935152795087657,,,100086714.672025,23.105823418910465
002371.SZ,2011-03-09 00:00:00+08:00,2011-05-09 00:00:00+08:00,86.8868,81.09882,75600.0,Long,-437571.288,-469320.57018,-6.661518205297008,31749.28218,40,61 days,-11.321397496512702,10.005202171100795,,,102077824.776395,19.386901025319105
002410.SZ,2011-04-08 00:00:00+08:00,2011-05-09 00:00:00+08:00,35.25522,35.83413,182300.0,Long,105535.293,73136.3217375,1.6420547084942319,32398.9712625,20,31 days,-6.396839957316963,11.756500172173077,,,97600676.689665,12.690355329949238
002460.SZ,2011-04-08 00:00:00+08:00,2011-05-09 00:00:00+08:00,48.3483,41.64831,1800.0,Long,-12059.982,-12464.966745,-13.857757149682614,404.984745,20,31 days,-16.212152236996964,0.2723984090443615,,,97549072.648215,16.43976897689769
002463.SZ,2011-02-09 00:00:00+08:00,2011-05-09 00:00:00+08:00,14.89488,14.24574,103100.0,Long,-66926.334,-74437.328805,-4.358141858141859,7510.994805,60,89 days,-5.739421868454135,11.850515076321525,,,93204588.01306,15.72629051620649
002555.SZ,2011-04-08 00:00:00+08:00,2011-05-09 00:00:00+08:00,34.40437,32.42754,16600.0,Long,-32815.378,-35588.902265,-5.745868911420264,2773.524265,20,31 days,-7.42455100907239,2.4869805783393155,,,97604202.558015,9.671015314804302
300014.SZ,2011-01-05 00:00:00+08:00,2011-05-09 00:00:00+08:00,26.06604,22.31766,221400.0,Long,-829891.332,-856671.70995,-14.380320140688804,26780.37795,80,124 days,-18.629757339434757,6.153447167272055,,,100075338.421295,23.346584748825443
300014.SZ,2011-03-09 00:00:00+08:00,2011-05-09 00:00:00+08:00,25.8258,22.31766,48100.0,Long,-168741.534,-174530.785065,-13.583858002462653,5789.251065,40,61 days,-16.71119578096322,0.09370474486753727,,,102071999.2610775,16.789168278529978
300015.SZ,2011-04-08 00:00:00+08:00,2011-05-09 00:00:00+08:00,34.91488,35.48448,184000.0,Long,104806.4,72422.6944,1.6313961268089712,32383.7056,20,31 days,-2.3339046274825956,7.489987077143054,,,97778603.793215,9.13935518252065
302132.SZ,2011-01-05 00:00:00+08:00,2011-05-09 00:00:00+08:00,36.34631,29.94003,11500.0,Long,-73672.22,-75577.952275,-17.625668190250952,1905.732275,80,124 days,-20.54214031630722,1.5233733493166046,,,100013593.6612775,21.73441734417344
600160.SH,2011-04-08 00:00:00+08:00,2011-05-09 00:00:00+08:00,28.40838,33.10686,237800.0,Long,1117298.544,1080727.73382,16.539063473524358,36570.81018,20,31 days,-2.141551190176984,24.118305936487744,,,97864354.247305,20.589903573454336
600406.SH,2011-04-08 00:00:00+08:00,2011-05-09 00:00:00+08:00,33.00297,35.74422,194400.0,Long,532899.0,499487.86566,8.30607063546099,33411.13434,20,31 days,-0.978608894896423,19.686197939155182,,,98195713.435885,11.898734177215196
600845.SH,2011-01-05 00:00:00+08:00,2011-05-09 00:00:00+08:00,26.67665,24.59538,29200.0,Long,-60773.084,-64515.94219,-7.801841685518984,3742.85819,80,124 days,-13.744791793572272,6.797517679318804,,,99719139.086085,19.234819234819227
002353.SZ,2011-05-09 00:00:00+08:00,2011-06-07 00:00:00+08:00,64.85479,59.31063,84800.0,Long,-470144.768,-496467.83704,-8.548574438372247,26323.06904,20,29 days,-13.468226479493648,2.983912213731649,,,93226795.57497,15.975445425961981
002415.SZ,2011-05-09 00:00:00+08:00,2011-06-07 00:00:00+08:00,36.5365,37.19277,148800.0,Long,97652.976,70225.68756,1.7962037962037964,27427.28844,20,29 days,-10.226759541828034,6.742572495997163,,,93430972.79697,15.897435897435905
002422.SZ,2011-05-09 00:00:00+08:00,2011-06-07 00:00:00+08:00,64.97491,55.5444,84300.0,Long,-794991.993,-820391.4375825,-14.514079357709,25399.4445825,20,29 days,-23.755184885981368,0.038614905353475414,,,93370500.4216875,23.784615384615385
002493.SZ,2011-05-09 00:00:00+08:00,2011-06-07 00:00:00+08:00,32.78275,29.97,166400.0,Long,-468041.6,-494146.744,-8.57996964867194,26105.144,20,29 days,-10.928765890597953,4.994242398822556,,,93389685.1976875,15.165601394538067
300033.SZ,2011-05-09 00:00:00+08:00,2011-06-07 00:00:00+08:00,24.48446,23.1768,220200.0,Long,-287946.732,-314184.25563,-5.340775332598718,26237.52363,20,29 days,-11.127302787155596,2.9224250810514127,,,93489491.91703,13.650793650793641
300122.SZ,2011-05-09 00:00:00+08:00,2011-06-07 00:00:00+08:00,33.28325,28.19178,162700.0,Long,-828382.169,-853387.1374525,-15.29739433498832,25004.9684525,20,29 days,-15.873600084126407,8.913642748229206,,,93553521.1800925,22.758620689655174
300124.SZ,2011-05-09 00:00:00+08:00,2011-06-07 00:00:00+08:00,65.5655,69.92001,82800.0,Long,360553.428,332507.92743,6.641465404824184,28045.50057,20,29 days,-0.38968664922863067,14.236908130037909,,,93614013.7215925,10.480640854472641
300142.SZ,2011-05-09 00:00:00+08:00,2011-06-07 00:00:00+08:00,64.7647,56.30364,84200.0,Long,-712421.252,-737906.13757,-13.064308180227806,25484.88557,20,29 days,-19.61670477899226,3.605822307522446,,,93695973.0122425,22.414307004470928
601166.SH,2011-05-09 00:00:00+08:00,2011-06-07 00:00:00+08:00,15.04503,13.36662,358900.0,Long,-602381.349,-627873.7019625,-11.155909958305168,25492.3529625,20,29 days,-11.931049655600559,1.0965082821370264,,,93553908.26133,12.8862590401052
601799.SH,2011-05-09 00:00:00+08:00,2011-06-07 00:00:00+08:00,21.08106,19.1808,259200.0,Long,-492547.392,-518637.07728,-9.014062860216706,26089.68528,20,29 days,-15.706325962736226,0.32702340394647034,,,93427318.98245,15.981087470449168
000100.SZ,2011-06-07 00:00:00+08:00,2011-07-05 00:00:00+08:00,2.66266,3.02697,2292400.0,Long,835144.244,802536.97447,13.682182479174962,32607.26953,20,28 days,-1.226592955916261,19.42944273771343,,,80751996.9860825,12.57861635220127
002304.SZ,2011-06-07 00:00:00+08:00,2011-07-05 00:00:00+08:00,110.96085,128.49138,55300.0,Long,969438.309,936334.0382025,15.79884256474243,33104.2707975,20,28 days,-7.552979271517833,16.996219837897783,,,80738268.64357,9.485573105091326
002311.SZ,2011-06-07 00:00:00+08:00,2011-07-05 00:00:00+08:00,14.25424,16.0839,426600.0,Long,780532.956,748177.32969,12.83590005500118,32355.62631,20,28 days,-1.9239187778513547,14.772867581856348,,,80930291.71261,7.417218543046353
002352.SZ,2011-01-05 00:00:00+08:00,2011-07-05 00:00:00+08:00,30.7307,22.8771,38600.0,Long,-303148.96,-308322.1127,-25.55620275489982,5173.1527,120,181 days,-33.74703472423342,3.935152795087657,,,100086714.672025,36.25547902316845
002459.SZ,2011-06-07 00:00:00+08:00,2011-07-05 00:00:00+08:00,14.83482,18.81117,414800.0,Long,1649389.98,1614499.08837,26.8041674924266,34890.89163,20,28 days,-7.177842400514471,34.21126781450668,,,80935339.62682,11.485774499473129
002460.SZ,2011-04-08 00:00:00+08:00,2011-07-05 00:00:00+08:00,48.3483,38.27169,130800.0,Long,-1318020.588,-1346345.32473,-20.84170487897196,28324.73673,60,88 days,-51.18752882728038,0.2723984090443615,,,97549072.648215,51.32013201320132
002460.SZ,2011-06-07 00:00:00+08:00,2011-07-05 00:00:00+08:00,26.6266,38.27169,98800.0,Long,1150534.892,1134505.01437,43.73479903555092,16029.87763,20,28 days,-3.7804300962195656,45.38093485461907,,,80993318.77662,10.073710073710066
002463.SZ,2011-02-09 00:00:00+08:00,2011-07-05 00:00:00+08:00,14.89488,10.91907,87600.0,Long,-348280.956,-353934.21105,-26.69246076504141,5653.25505,100,146 days,-33.3999333999334,11.850515076321525,,,93204588.01306,40.45618247298919
002466.SZ,2011-06-07 00:00:00+08:00,2011-07-05 00:00:00+08:00,29.5295,42.97698,213700.0,Long,2873726.476,2834989.88906,45.53913882727442,38736.58694,20,28 days,-4.908650671362538,45.68482365092536,,,81138414.81729499,12.167657178604944
002532.SZ,2011-06-07 00:00:00+08:00,2011-07-05 00:00:00+08:00,21.90188,19.86012,14000.0,Long,-28584.64,-30046.31,-9.32230475192084,1461.67,20,28 days,-20.09818335229669,0.0,,,80728663.476185,20.09818335229669
002558.SZ,2011-05-09 00:00:00+08:00,2011-07-05 00:00:00+08:00,28.93891,27.23274,29800.0,Long,-50843.866,-55028.653925,-5.8957645605864215,4184.787925,40,57 days,-16.4446760434308,10.232209851718668,,,93389448.70426,24.200626959247646
302132.SZ,2011-01-05 00:00:00+08:00,2011-07-05 00:00:00+08:00,36.34631,20.16981,70200.0,Long,-1135590.3,-1145508.87906,-44.50658127331221,9918.57906,120,181 days,-52.429834005157616,1.5233733493166046,,,100013593.6612775,53.143631436314365
600845.SH,2011-01-05 00:00:00+08:00,2011-07-05 00:00:00+08:00,26.67665,17.33265,46000.0,Long,-429824.0,-434885.0695,-35.02688680925079,5061.0695,120,181 days,-41.55937870759634,6.797517679318804,,,99719139.086085,45.27904527904528
002050.SZ,2011-07-05 00:00:00+08:00,2011-08-02 00:00:00+08:00,33.31328,34.28568,159100.0,Long,154708.84,127821.35366,2.9189560439560442,26887.48634,20,28 days,-3.9422116345193237,7.824867440252064,,,87403607.812615,8.407572383073505
002074.SZ,2011-07-05 00:00:00+08:00,2011-08-02 00:00:00+08:00,11.13112,10.41957,477200.0,Long,-339551.66,-365261.63317,-6.392438496755043,25709.97317,20,28 days,-7.915825182012226,10.860362658923817,,,87375477.922455,16.936790923824958
002271.SZ,2011-07-05 00:00:00+08:00,2011-08-02 00:00:00+08:00,17.05704,15.30468,311900.0,Long,-546561.084,-571795.13517,-10.273529287613796,25234.05117,20,28 days,-11.473503022798804,1.7175312949960881,,,87413004.919515,12.96829971181557
002352.SZ,2011-01-05 00:00:00+08:00,2011-08-02 00:00:00+08:00,30.7307,24.58539,8000.0,Long,-49162.48,-50268.8018,-19.99729911782029,1106.3218,140,209 days,-33.74703472423342,3.935152795087657,,,100086714.672025,36.25547902316845
002532.SZ,2011-06-07 00:00:00+08:00,2011-08-02 00:00:00+08:00,21.90188,23.26671,29300.0,Long,39989.519,36680.9197825,6.231565509444852,3308.5992175,40,56 days,-20.09818335229669,27.15803392220213,,,80728663.476185,21.723518850987432
002555.SZ,2011-04-08 00:00:00+08:00,2011-08-02 00:00:00+08:00,34.40437,15.4845,19100.0,Long,-361369.517,-363751.7105425,-54.992636109889524,2382.1935425,80,116 days,-63.92900087983009,2.4869805783393155,,,97604202.558015,64.80431083380601
002558.SZ,2011-05-09 00:00:00+08:00,2011-08-02 00:00:00+08:00,28.93891,29.6703,9800.0,Long,7167.622,5731.696355,2.5273584941519913,1435.925645,60,85 days,-16.4446760434308,10.232209851718668,,,93389448.70426,24.200626959247646
300015.SZ,2011-07-05 00:00:00+08:00,2011-08-02 00:00:00+08:00,32.72269,35.55441,162000.0,Long,458738.64,431086.4145,8.6536895346929,27652.2255,20,28 days,-1.9029303519973408,11.390597777872182,,,87505658.0414575,7.520891364902495
300122.SZ,2011-07-05 00:00:00+08:00,2011-08-02 00:00:00+08:00,28.90888,30.01995,182600.0,Long,202881.382,175980.371105,3.843351938919806,26901.010895,20,28 days,-2.1062040452622144,15.881348568329178,,,87507273.6497375,15.52238805970149
302132.SZ,2011-01-05 00:00:00+08:00,2011-08-02 00:00:00+08:00,36.34631,21.56841,8600.0,Long,-127089.94,-128335.10648,-40.65859780538933,1245.16648,140,209 days,-52.429834005157616,1.5233733493166046,,,100013593.6612775,53.143631436314365
600515.SH,2011-07-05 00:00:00+08:00,2011-08-02 00:00:00+08:00,7.4074,6.74325,709100.0,Long,-470948.765,-496034.3297875,-8.966033966033967,25085.5647875,20,28 days,-12.78991278991279,1.925101925101923,,,87453439.8413875,14.437086092715228
600887.SH,2011-07-05 00:00:00+08:00,2011-08-02 00:00:00+08:00,17.83782,18.84114,297500.0,Long,298487.7,271207.7235,5.62467835195108,27279.9765,20,28 days,-2.510508571114632,12.962234174355375,,,87283352.615185,9.181141439205945
600893.SH,2011-07-05 00:00:00+08:00,2011-08-02 00:00:00+08:00,17.4174,17.63235,302700.0,Long,65065.365,38541.4666875,1.2341107168693375,26523.8983125,20,28 days,-3.257661878351529,13.9090794263208,,,87304100.017735,15.070564516129025
002049.SZ,2011-08-02 00:00:00+08:00,2011-08-30 00:00:00+08:00,18.89888,23.02695,291000.0,Long,1201268.37,1170767.328675,21.842934607765116,30501.041325,20,28 days,-6.872788228720417,30.960141553361904,,,88637154.3951625,13.852178169358778
002371.SZ,2011-07-05 00:00:00+08:00,2011-08-30 00:00:00+08:00,57.02697,65.8341,93700.0,Long,825228.081,796447.8753525,15.443797908252884,28780.2056475,40,56 days,-10.270526384270456,18.645616275948026,,,87487071.2627925,18.90649762282092
002371.SZ,2011-08-02 00:00:00+08:00,2011-08-30 00:00:00+08:00,56.84679,65.8341,3300.0,Long,29658.123,28646.0056575,15.809705350117396,1012.1173425,20,28 days,-9.986122347453563,19.021672112004914,,,88634221.002145,11.927710843373493
002463.SZ,2011-02-09 00:00:00+08:00,2011-08-30 00:00:00+08:00,14.89488,9.97002,198600.0,Long,-978077.196,-990422.6188499999,-33.064113306048796,12345.42285,140,202 days,-38.770906512842004,11.850515076321525,,,93204588.01306,45.258103241296524
002463.SZ,2011-03-09 00:00:00+08:00,2011-08-30 00:00:00+08:00,16.02601,9.97002,94700.0,Long,-573502.253,-579656.8131025,-37.788507557402,6154.5601025,120,174 days,-43.092510238044284,3.9560065169059593,,,102061150.4715275,45.258103241296524
002463.SZ,2011-06-07 00:00:00+08:00,2011-08-30 00:00:00+08:00,10.66065,9.97002,193200.0,Long,-133429.716,-143394.32961,-6.478310421972394,9964.61361,60,84 days,-14.45174543766094,9.749405524053401,,,81034412.10267,22.051282051282055
002463.SZ,2011-08-02 00:00:00+08:00,2011-08-30 00:00:00+08:00,10.30029,9.97002,46900.0,Long,-15489.663,-17866.3568475,-3.206414576676967,2376.6938475,20,28 days,-11.458803587083482,5.336840030717574,,,88628309.6921425,15.944700460829498
600085.SH,2011-08-02 00:00:00+08:00,2011-08-30 00:00:00+08:00,17.12711,16.33365,320100.0,Long,-253986.546,-280763.51919,-4.632772254046363,26776.97319,20,28 days,-12.945032758007615,2.46912643172142,,,88653940.811365,15.042735042735044
600438.SH,2011-08-02 00:00:00+08:00,2011-08-30 00:00:00+08:00,7.58758,8.50149,722900.0,Long,660665.539,631588.5672425,12.044815342968377,29076.9717575,20,28 days,-13.0157441503088,15.715419145498293,,,88620290.57541,13.27201051248358
600690.SH,2011-08-02 00:00:00+08:00,2011-08-30 00:00:00+08:00,12.68267,11.30868,435300.0,Long,-598097.847,-624206.4336375,-10.833602072749665,26108.5866375,20,28 days,-12.636692431483274,0.0,,,88492148.4087825,12.636692431483274
601058.SH,2011-08-02 00:00:00+08:00,2011-08-30 00:00:00+08:00,10.83082,10.14984,501700.0,Long,-341647.666,-367962.658805,-6.28742791404529,26314.992805,20,28 days,-18.750380857589718,5.5321757724715255,,,88484267.733195,23.009623797025363
601799.SH,2011-08-02 00:00:00+08:00,2011-08-30 00:00:00+08:00,18.6186,19.98,295400.0,Long,402157.56,373652.4939,7.312042795913763,28505.0661,20,28 days,-2.248289345063546,12.038499135273321,,,88615533.457095,8.91658676893576
601872.SH,2011-08-02 00:00:00+08:00,2011-08-30 00:00:00+08:00,3.61361,3.50649,1517800.0,Long,-162586.736,-189603.95545,-2.964348670719862,27017.21945,20,28 days,-11.169163246725574,2.1139525294649935,,,88753312.35595,11.325966850828733
002027.SZ,2011-08-02 00:00:00+08:00,2011-09-28 00:00:00+08:00,6.05605,5.31468,7300.0,Long,-5412.001,-5619.5168225,-12.241807778997863,207.5158225,40,57 days,-15.621568514130491,0.8908446924975914,,,88595287.4103625,16.366612111292962
002050.SZ,2011-08-30 00:00:00+08:00,2011-09-28 00:00:00+08:00,31.3313,28.50147,200200.0,Long,-566531.966,-596478.267385,-9.031958456878584,29946.301385,20,29 days,-11.015502069815168,0.37885437246459763,,,87722471.76996,11.351351351351353
002555.SZ,2011-04-08 00:00:00+08:00,2011-09-28 00:00:00+08:00,34.40437,14.14584,27300.0,Long,-553057.869,-556371.4208325,-58.88359531071199,3313.5518325,120,173 days,-63.92900087983009,2.4869805783393155,,,97604202.558015,64.80431083380601
002602.SZ,2011-08-30 00:00:00+08:00,2011-09-28 00:00:00+08:00,23.17315,19.49049,270200.0,Long,-995054.732,-1023874.02082,-15.891926647866173,28819.28882,20,29 days,-18.742164962467346,0.6768609360401957,,,87448135.4822325,19.288469781397342
600377.SH,2011-08-30 00:00:00+08:00,2011-09-28 00:00:00+08:00,5.5055,5.32467,1136500.0,Long,-205513.295,-236284.5155125,-3.284533648170012,30771.2205125,20,29 days,-5.548996458087357,3.714467350830994,,,87138789.19757,8.931698774080557
600515.SH,2011-08-30 00:00:00+08:00,2011-09-28 00:00:00+08:00,6.74674,6.993,926800.0,Long,228233.768,196398.79042,3.6500591396733832,31834.97758,20,29 days,-2.767855290110488,5.5324497460996,,,87042766.36899,5.974395448079657
600803.SH,2011-08-30 00:00:00+08:00,2011-09-28 00:00:00+08:00,11.80179,10.89909,535000.0,Long,-482944.5,-513306.927,-7.648839709908413,30362.427,20,29 days,-12.55563774647744,0.5779631733830103,,,86897623.824865,13.058129738837398
601877.SH,2011-08-30 00:00:00+08:00,2011-09-28 00:00:00+08:00,17.83782,15.70428,350800.0,Long,-748445.832,-777862.2537,-11.960766506221052,29416.4217,20,29 days,-13.274155698398122,0.9091918182827236,,,87907607.2118425,14.055555555555552
000301.SZ,2011-09-28 00:00:00+08:00,2011-11-02 00:00:00+08:00,3.38338,3.4965,1717600.0,Long,194294.912,164752.70728,3.3434021599702075,29542.20472,20,35 days,-11.035709852277902,7.289160543598415,,,80629067.5542325,11.209439528023609
002027.SZ,2011-08-02 00:00:00+08:00,2011-11-02 00:00:00+08:00,6.05605,4.93506,216900.0,Long,-243142.731,-249102.6603975,-18.510250080498015,5959.9293975,60,92 days,-26.35463709843875,0.8908446924975914,,,88595287.4103625,27.00490998363339
002352.SZ,2011-01-05 00:00:00+08:00,2011-11-02 00:00:00+08:00,30.7307,23.8761,72900.0,Long,-499700.34,-509652.42929999996,-22.305381914502437,9952.0893,200,301 days,-35.959805666646055,3.935152795087657,,,100086714.672025,38.384470882905454
002532.SZ,2011-06-07 00:00:00+08:00,2011-11-02 00:00:00+08:00,21.90188,18.981,238000.0,Long,-695169.44,-719494.7536,-13.336206754853922,24325.3136,100,148 days,-25.07492507492507,27.15803392220213,,,80728663.476185,41.07719928186715
002532.SZ,2011-08-30 00:00:00+08:00,2011-11-02 00:00:00+08:00,22.91289,18.981,36300.0,Long,-142727.607,-146529.4775175,-17.160166177204186,3801.8705175,40,64 days,-28.380924449076485,2.0386341487258837,,,87684973.31825249,29.811804961505555
002532.SZ,2011-09-28 00:00:00+08:00,2011-11-02 00:00:00+08:00,18.83882,18.981,31700.0,Long,4507.106,1509.885265,0.7547181829859831,2997.220735,20,35 days,-12.892633402729036,5.6329430399568565,,,80616463.6106975,15.75975359342916
002555.SZ,2011-04-08 00:00:00+08:00,2011-11-02 00:00:00+08:00,34.40437,13.2867,84500.0,Long,-1784443.115,-1794517.8535375,-61.380778081389074,10074.738537500001,140,208 days,-63.92900087983009,2.4869805783393155,,,97604202.558015,64.80431083380601
002558.SZ,2011-05-09 00:00:00+08:00,2011-11-02 00:00:00+08:00,28.93891,24.98499,46100.0,Long,-182275.712,-188490.441475,-13.662988688931271,6214.729475,120,177 days,-22.59556424205335,10.232209851718668,,,93389448.70426,29.780564263322884
002594.SZ,2011-09-28 00:00:00+08:00,2011-11-02 00:00:00+08:00,20.97095,25.03494,275400.0,Long,1119222.846,1087547.790735,19.37914114525093,31675.055265,20,35 days,-17.02807931924877,24.696306080554294,,,80425603.08664748,18.386491557223273
300015.SZ,2011-09-28 00:00:00+08:00,2011-11-02 00:00:00+08:00,22.6226,25.4745,254200.0,Long,724952.98,694387.27295,12.606420128544022,30565.70705,20,35 days,-7.393491464287921,19.747509128040107,,,80235167.5043475,10.407422347720848
300033.SZ,2011-08-30 00:00:00+08:00,2011-11-02 00:00:00+08:00,22.23221,19.7802,74000.0,Long,-181448.74,-189221.03585,-11.029087976409004,7772.29585,40,64 days,-17.507076444492018,1.9241901727268755,,,87262967.449445,19.064430714916153
300122.SZ,2011-09-28 00:00:00+08:00,2011-11-02 00:00:00+08:00,28.5285,28.36161,52600.0,Long,-8778.414,-16259.463465,-0.584993953415006,7481.049465,20,35 days,-11.667280088332726,7.401370559265294,,,80101443.036485,13.550600343053171
302132.SZ,2011-01-05 00:00:00+08:00,2011-11-02 00:00:00+08:00,36.34631,19.44054,51600.0,Long,-872337.732,-879534.23565,-46.513029795871994,7196.50365,200,301 days,-52.429834005157616,1.5233733493166046,,,100013593.6612775,53.143631436314365
600845.SH,2011-01-05 00:00:00+08:00,2011-11-02 00:00:00+08:00,26.67665,15.60438,112000.0,Long,-1240094.24,-1251932.9284,-41.5054738882131,11838.6884,200,301 days,-49.13154387826057,6.797517679318804,,,99719139.086085,52.369252369252365
600845.SH,2011-03-09 00:00:00+08:00,2011-11-02 00:00:00+08:00,25.98596,15.60438,13900.0,Long,-144303.962,-145749.226315,-39.95072723886283,1445.264315,160,238 days,-47.77949323403868,3.863778748216344,,,101397878.2702525,49.722119303445716
600886.SH,2011-09-28 00:00:00+08:00,2011-11-02 00:00:00+08:00,6.2062,6.6933,936900.0,Long,456363.99,426150.136125,7.848603009893333,30213.853875,20,35 days,-4.450388321356067,10.856885050433437,,,79977175.85920751,5.873015873015875
601799.SH,2011-09-28 00:00:00+08:00,2011-11-02 00:00:00+08:00,18.3183,15.8841,44900.0,Long,-109295.58,-113134.7994,-13.288350993269027,3839.2194,20,35 days,-18.223852650082158,3.3938738856771677,,,79884329.8309325,20.90813093980993
000975.SZ,2011-11-02 00:00:00+08:00,2011-11-30 00:00:00+08:00,7.94794,7.44255,538400.0,Long,-272101.976,-292817.57554,-6.358754595530415,20715.59954,20,28 days,-12.30432036477377,6.820132009048888,,,84787241.02894,17.903415783274447
002050.SZ,2011-11-02 00:00:00+08:00,2011-11-30 00:00:00+08:00,27.90788,28.3716,155600.0,Long,72154.832,50262.11428,1.6616095525708152,21892.71772,20,28 days,-1.5690192160780392,8.213164167253122,,,84868518.73562,9.03973509933775
002371.SZ,2011-11-02 00:00:00+08:00,2011-11-30 00:00:00+08:00,57.5575,59.88006,74700.0,Long,173495.232,151563.76767,4.035199583025671,21931.46433,20,28 days,-6.180775745993134,10.724058550145505,,,84952078.622495,10.309116585595483
002600.SZ,2011-11-02 00:00:00+08:00,2011-11-30 00:00:00+08:00,20.41039,18.64134,207100.0,Long,-366370.255,-386589.2882075,-8.667399300062371,20219.0332075,20,28 days,-14.2593551617583,11.021886401974683,,,85125749.3740725,22.771403353927628
002601.SZ,2011-11-02 00:00:00+08:00,2011-11-30 00:00:00+08:00,82.082,103.896,52000.0,Long,1134328.0,1110150.86,26.57586316122902,24177.14,20,28 days,-1.0745352208766732,35.925050559196904,,,85235614.7140725,12.342027426727613
300033.SZ,2011-08-30 00:00:00+08:00,2011-11-30 00:00:00+08:00,22.23221,21.32865,207500.0,Long,-187488.7,-210085.896125,-4.064193348299606,22597.196125,60,92 days,-17.507076444492018,5.027795257421565,,,87262967.449445,19.064430714916153
300033.SZ,2011-09-28 00:00:00+08:00,2011-11-30 00:00:00+08:00,19.96995,21.32865,9100.0,Long,12364.17,11424.626849999999,6.8037225931962775,939.54315,40,63 days,-8.162013425171324,16.925680835455275,,,80231710.642985,16.40256959314776
300122.SZ,2011-09-28 00:00:00+08:00,2011-11-30 00:00:00+08:00,28.5285,29.7702,151000.0,Long,187496.7,165488.94075,4.35248961564751,22007.75925,40,63 days,-11.667280088332726,9.9251625567415,,,80101443.036485,13.550600343053171
300223.SZ,2011-11-02 00:00:00+08:00,2011-11-30 00:00:00+08:00,37.41738,40.49946,114800.0,Long,353822.784,331460.65092,8.237027819692347,22362.13308,20,28 days,-1.703433003593518,14.652602614079333,,,85435260.7020125,14.26573426573426
600377.SH,2011-11-02 00:00:00+08:00,2011-11-30 00:00:00+08:00,5.43543,5.7942,796300.0,Long,285688.551,263333.1650775,6.600581738703286,22355.3859225,20,28 days,-0.2838781844306757,9.28298221115901,,,85499746.21074,5.723905723905736
600845.SH,2011-03-09 00:00:00+08:00,2011-11-30 00:00:00+08:00,25.98596,17.16282,48200.0,Long,-425275.348,-430474.77599,-33.95348873006808,5199.42799,180,266 days,-47.77949323403868,3.863778748216344,,,101397878.2702525,49.722119303445716
600845.SH,2011-06-07 00:00:00+08:00,2011-11-30 00:00:00+08:00,17.4174,17.16282,130900.0,Long,-33324.522,-44640.898995,-1.4616418064693928,11316.376995000002,120,176 days,-22.08940484802554,17.583565859427928,,,80718244.888645,26.52950730914997
600845.SH,2011-08-02 00:00:00+08:00,2011-11-30 00:00:00+08:00,16.32631,17.16282,30200.0,Long,25262.602,22734.172685,5.123692983901445,2528.429315,80,120 days,-16.882626876495664,25.44169503090411,,,88488309.2103775,22.851562499999996
600845.SH,2011-08-30 00:00:00+08:00,2011-11-30 00:00:00+08:00,16.05604,17.16282,56200.0,Long,62201.036,57533.78616999999,6.8932314568224795,4667.24983,60,92 days,-15.483518974790792,27.553244760227315,,,86878168.503245,22.851562499999996
600845.SH,2011-09-28 00:00:00+08:00,2011-11-30 00:00:00+08:00,14.49448,17.16282,12100.0,Long,32286.914,31329.280675000005,18.409353077861365,957.633325,40,63 days,-6.37815223450582,41.29516891947832,,,80091211.1111575,22.851562499999996
000617.SZ,2011-11-30 00:00:00+08:00,2011-12-28 00:00:00+08:00,11.65164,8.7912,521000.0,Long,-1490289.24,-1516916.0391,-24.549677126996716,26626.7991,20,28 days,-26.619771980596717,8.740057193665436,,,83328980.1250975,32.5177584846093
002027.SZ,2011-08-02 00:00:00+08:00,2011-12-28 00:00:00+08:00,6.05605,4.26573,105200.0,Long,-188341.664,-191056.29214,-29.562503612090392,2714.62814,100,148 days,-32.299105852824866,0.8908446924975914,,,88595287.4103625,32.896890343698864
002271.SZ,2011-11-30 00:00:00+08:00,2011-12-28 00:00:00+08:00,15.015,11.4885,24500.0,Long,-86399.25,-88022.589375,-23.486513486513488,1623.339375,20,28 days,-26.739926739926744,1.0989010989010932,,,82881836.5349125,27.536231884057973
002352.SZ,2011-01-05 00:00:00+08:00,2011-12-28 00:00:00+08:00,30.7307,20.22975,31500.0,Long,-330779.925,-334793.0604375,-34.1708779819529,4013.1354375,240,357 days,-36.382835405636705,3.935152795087657,,,100086714.672025,38.79148403256105
002532.SZ,2011-11-30 00:00:00+08:00,2011-12-28 00:00:00+08:00,20.02,21.4785,303200.0,Long,442217.2,410761.337,7.2852147852147855,31455.863,20,28 days,-9.040959040959034,17.782217782217778,,,82863185.1136625,15.772432932469934
002558.SZ,2011-05-09 00:00:00+08:00,2011-12-28 00:00:00+08:00,28.93891,22.4775,20300.0,Long,-131166.623,-133776.0058075,-22.32775871655152,2609.3828075,160,233 days,-24.392452929291398,10.232209851718668,,,93389448.70426,31.41065830721003
600039.SH,2011-11-30 00:00:00+08:00,2011-12-28 00:00:00+08:00,8.2082,6.02397,741400.0,Long,-1619388.122,-1645767.449095,-26.610340878633558,26379.327095,20,28 days,-27.511512877366528,0.0,,,82221627.2025175,27.511512877366528
601058.SH,2011-11-02 00:00:00+08:00,2011-12-28 00:00:00+08:00,9.58958,7.10289,450700.0,Long,-1120751.183,-1139559.4235725,-25.931166954131463,18808.2405725,40,56 days,-27.004102369446837,10.432365129651142,,,85776801.061065,33.89990557129367
601058.SH,2011-11-30 00:00:00+08:00,2011-12-28 00:00:00+08:00,8.8088,7.10289,242400.0,Long,-413512.584,-423155.06814,-19.365974934156753,9642.48414,20,28 days,-20.534011443102347,0.581236944873305,,,84414811.05435,20.99322799097065
601872.SH,2011-11-30 00:00:00+08:00,2011-12-28 00:00:00+08:00,3.36336,2.86713,221400.0,Long,-109865.322,-113313.898215,-14.753996003996003,3448.576215,20,28 days,-16.452595024023598,0.19742162599305393,,,83815849.72119,16.617210682492583
601989.SH,2011-11-02 00:00:00+08:00,2011-12-28 00:00:00+08:00,6.6066,5.07492,643800.0,Long,-986095.584,-1004896.9904399998,-23.184088638634094,18801.40644,40,56 days,-25.529016438107348,10.041473677837304,,,84774125.85218,32.324621733149925
601989.SH,2011-11-30 00:00:00+08:00,2011-12-28 00:00:00+08:00,6.71671,5.07492,250700.0,Long,-411596.753,-418987.1571025,-24.443365874066323,7390.4041025,20,28 days,-26.749852234203946,0.3467471425742701,,,83574820.8261975,27.00296735905045
