date,spearman,top10_overlap
2010-01-04,1.0,10
2010-02-01,1.0,10
2010-03-08,1.0,10
2010-04-06,0.9476639889492007,9
2010-05-05,0.9770868786386028,10
2010-06-02,0.9418001374398413,10
2010-07-05,0.9657142857142856,7
2010-08-02,0.9640582021128163,10
2010-08-30,0.9762987012987014,10
2010-09-30,0.9680433607732255,9
2010-11-04,0.9660913753541807,9
2010-12-02,0.9999886711226915,10
2010-12-30,1.0,10
2011-01-28,0.9999999999999999,10
2011-03-04,0.9990635516265156,10
2011-04-01,0.9600802562689446,10
2011-05-04,0.9073427284811328,10
2011-06-01,0.9556407334507409,10
2011-06-30,0.8967664053386867,8
2011-07-28,0.9561488285764106,9
2011-08-25,0.9965057745715026,10
2011-09-23,0.9985207059380702,10
2011-10-28,1.0,10
2011-11-25,1.0,10
2011-12-23,0.9999799971195852,10
2012-01-31,0.9999996713790366,10
2012-02-28,0.9845766902227099,10
2012-03-27,0.9999735514041056,10
2012-04-27,0.98522804210008,10
2012-05-29,0.9411896157041566,10
2012-06-27,0.9157010045617872,10
2012-07-25,0.9878060414535181,10
2012-08-22,0.9778046628888276,10
2012-09-19,0.9987603569949498,10
2012-10-24,0.9993092833797879,10
2012-11-21,0.9999997294698381,10
2012-12-19,0.9999997104248922,10
2013-01-21,1.0,10
2013-02-25,1.0,10
2013-03-25,0.9999997257946232,10
2013-04-24,0.9416158752000965,8
2013-05-27,0.9591588373283796,9
2013-06-27,0.9594801223241591,10
2013-07-25,0.9889554442334458,9
2013-08-22,0.9780431248506799,10
2013-09-23,0.9983123574929531,10
2013-10-28,0.9999763330414406,10
2013-11-25,0.999996664702547,10
2013-12-23,0.9999999999999999,10
2014-01-21,1.0,10
2014-02-25,0.9999999999999998,10
2014-03-25,0.9984721332479182,10
2014-04-23,0.9971886011803698,10
2014-05-23,0.7869710715318079,8
2014-06-23,0.9010885243654083,10
2014-07-21,0.9314316907327441,10
2014-08-18,0.9687591811161314,9
2014-09-16,0.9999684441263813,10
2014-10-21,0.9610040033712602,10
2014-11-18,0.9999999999999999,10
2014-12-16,1.0,10
2015-01-15,0.9999968394437422,10
2015-02-12,1.0,10
2015-03-19,1.0,10
2015-04-17,0.9566069326027121,10
2015-05-18,0.8976709997296687,9
2015-06-15,0.9703438257254773,10
2015-07-14,0.9869280963434185,10
2015-08-11,0.9997534764820251,10
2015-09-10,0.9869218449711725,10
2015-10-15,0.9477624047436792,8
2015-11-12,0.9723591778002059,10
2015-12-10,0.9753560295605047,9
2016-01-08,0.9995414415922041,10
2016-02-05,1.0,10
2016-03-11,0.9999912098576172,10
2016-04-11,1.0,10
2016-05-10,0.878635718892186,9
2016-06-07,0.9324397021877259,8
2016-07-07,0.9245835267503834,10
2016-08-04,0.9961026529993754,10
2016-09-01,0.9894227472904198,10
2016-10-10,0.9808897047763738,10
2016-11-07,0.9755042355318982,9
2016-12-05,0.9997551995613176,10
2017-01-03,0.9999999999999998,10
2017-02-07,1.0,10
2017-03-07,1.0,10
2017-04-06,0.998701384197353,10
2017-05-05,0.9834408806953893,10
2017-06-06,0.9139039042865286,9
2017-07-04,0.9631826419011827,9
2017-08-01,0.9827567136898346,10
2017-08-29,0.9832293353828964,10
2017-09-26,0.9992189908011098,10
2017-10-31,0.9998211171860615,10
2017-11-28,0.9978049755606856,10
2017-12-26,0.999158932972895,10
2018-01-24,0.9999998406021287,10
2018-02-28,0.9995617335402265,10
2018-03-28,0.9976671506508225,10
2018-04-27,0.9804491870056319,10
2018-05-29,0.9465762141907762,9
2018-06-27,0.9496428969266226,10
2018-07-25,0.9636510738035923,10
2018-08-22,0.9954428440580064,10
2018-09-19,0.9996155646722017,9
2018-10-25,0.998205628574159,10
2018-11-22,0.9994714784792696,10
2018-12-20,0.9993053352713397,10
2019-01-21,0.999999869029711,10
2019-02-25,0.9998815048879234,10
2019-03-25,1.0,10
2019-04-23,0.9798147757890845,9
2019-05-24,0.9788678532937802,9
2019-06-24,0.9438133074855894,10
2019-07-22,0.9333937588520531,9
2019-08-19,0.9954799069064821,10
2019-09-17,0.9995365391982239,10
2019-10-22,0.9999216720946532,10
2019-11-19,0.998861620795026,10
2019-12-17,0.9993104660646557,10
2020-01-15,0.9999826370223494,10
2020-02-20,1.0,10
2020-03-19,0.9972814112606808,10
2020-04-17,0.9999884999640625,10
2020-05-20,0.9315258600543695,10
2020-06-17,0.9086784623120929,9
2020-07-17,0.9750736238663946,10
2020-08-14,0.997087488602006,9
2020-09-11,1.0,10
2020-10-19,0.9999547947341892,10
2020-11-16,0.9996901825213137,10
2020-12-14,0.9998446688531242,10
2021-01-12,0.999988118204235,10
2021-02-09,1.0,10
2021-03-16,0.9959596133866517,10
2021-04-14,0.9988933051250144,10
2021-05-17,0.985257186483622,10
2021-06-15,0.9245989020669445,10
2021-07-13,0.9484197203090959,10
2021-08-10,0.9933588202647629,10
2021-09-07,0.9988342273240174,10
2021-10-14,0.9999996690965457,10
2021-11-11,0.9999833449309519,10
2021-12-09,0.9967580275054199,10
2022-01-07,0.9999999999999999,10
2022-02-11,0.9982572169094648,10
2022-03-11,0.9999999999999999,10
2022-04-12,0.9995328394157083,10
2022-05-13,0.9865893405346983,9
2022-06-13,0.9278201131315181,10
2022-07-11,0.9538185067952589,10
2022-08-08,0.9657790439541014,10
2022-09-05,0.9943754119557051,10
2022-10-11,0.999389234899819,10
2022-11-08,0.9998550529392839,10
2022-12-06,0.9999245343088846,10
2023-01-04,0.9987174638289021,10
2023-02-08,0.9999999999999999,10
2023-03-08,0.9995807148596414,10
2023-04-06,0.9998594152804863,10
2023-05-09,0.9817976022550599,10
2023-06-06,0.9737389021412339,10
2023-07-06,0.9279683046098176,8
2023-08-03,0.9742566725451994,9
2023-08-31,0.9957359986319446,10
2023-09-28,0.9821359828144232,10
2023-11-03,0.999350093989396,10
2023-12-01,0.9995385163982079,10
2023-12-29,0.9982431576700918,10
2024-01-29,1.0,10
2024-03-05,1.0,10
2024-04-02,0.9998251748251749,10
2024-05-07,0.9882632728099152,10
2024-06-04,0.9598545842844076,9
2024-07-03,0.9864910089910088,9
2024-07-31,0.9842572620925021,9
2024-08-28,0.9927960177839475,10
2024-09-27,0.9981249735345181,10
2024-11-01,0.9974577970662648,10
2024-11-29,0.997663446366659,10
2024-12-27,0.9990946395229008,10
2025-01-27,0.9929060159230129,10
2025-03-04,0.999999930028571,10
2025-04-01,0.999143356524497,10
2025-04-30,0.9964410584472552,10
2025-06-03,0.9662873468583493,9
2025-07-01,0.9501534198273951,10
2025-07-29,0.9806143856143856,10
2025-08-26,0.9966699948218419,10
2025-09-23,0.9980236430236431,10
2025-10-29,0.9934307350192493,10
2025-11-26,0.9967054333320025,10
2025-12-24,0.9897921522921522,10
